ISO-10303-21;
HEADER;
FILE_DESCRIPTION(('KiCad electronic assembly'),'2;1');
FILE_NAME('atrium.step','2026-09-19T23:19:53',('Pcbnew'),('Kicad'),
  'Open CASCADE STEP processor 7.9','KiCad to STEP converter','Unknown'
  );
FILE_SCHEMA(('AUTOMOTIVE_DESIGN { 1 0 10303 214 1 1 1 1 }'));
ENDSEC;
DATA;
#1 = APPLICATION_PROTOCOL_DEFINITION('international standard',
  'automotive_design',2000,#2);
#2 = APPLICATION_CONTEXT(
  'core data for automotive mechanical design processes');
#3 = SHAPE_DEFINITION_REPRESENTATION(#4,#10);
#4 = PRODUCT_DEFINITION_SHAPE('','',#5);
#5 = PRODUCT_DEFINITION('design','',#6,#9);
#6 = PRODUCT_DEFINITION_FORMATION('','',#7);
#7 = PRODUCT('atrium 1','atrium 1','',(#8));
#8 = PRODUCT_CONTEXT('',#2,'mechanical');
#9 = PRODUCT_DEFINITION_CONTEXT('part definition',#2,'design');
#10 = SHAPE_REPRESENTATION('',(#11,#15),#19);
#11 = AXIS2_PLACEMENT_3D('',#12,#13,#14);
#12 = CARTESIAN_POINT('',(0.,0.,0.));
#13 = DIRECTION('',(0.,0.,1.));
#14 = DIRECTION('',(1.,0.,-0.));
#15 = AXIS2_PLACEMENT_3D('',#16,#17,#18);
#16 = CARTESIAN_POINT('',(0.,0.,0.));
#17 = DIRECTION('',(0.,0.,1.));
#18 = DIRECTION('',(1.,0.,-0.));
#19 = ( GEOMETRIC_REPRESENTATION_CONTEXT(3) 
GLOBAL_UNCERTAINTY_ASSIGNED_CONTEXT((#23)) GLOBAL_UNIT_ASSIGNED_CONTEXT(
(#20,#21,#22)) REPRESENTATION_CONTEXT('Context #1',
  '3D Context with UNIT and UNCERTAINTY') );
#20 = ( LENGTH_UNIT() NAMED_UNIT(*) SI_UNIT(.MILLI.,.METRE.) );
#21 = ( NAMED_UNIT(*) PLANE_ANGLE_UNIT() SI_UNIT($,.RADIAN.) );
#22 = ( NAMED_UNIT(*) SI_UNIT($,.STERADIAN.) SOLID_ANGLE_UNIT() );
#23 = UNCERTAINTY_MEASURE_WITH_UNIT(LENGTH_MEASURE(1.E-07),#20,
  'distance_accuracy_value','confusion accuracy');
#24 = PRODUCT_RELATED_PRODUCT_CATEGORY('part',$,(#7));
#25 = SHAPE_DEFINITION_REPRESENTATION(#26,#32);
#26 = PRODUCT_DEFINITION_SHAPE('','',#27);
#27 = PRODUCT_DEFINITION('design','',#28,#31);
#28 = PRODUCT_DEFINITION_FORMATION('','',#29);
#29 = PRODUCT('Atrium PCB_PCB','Atrium PCB_PCB','',(#30));
#30 = PRODUCT_CONTEXT('',#2,'mechanical');
#31 = PRODUCT_DEFINITION_CONTEXT('part definition',#2,'design');
#32 = ADVANCED_BREP_SHAPE_REPRESENTATION('',(#11,#33),#12431);
#33 = MANIFOLD_SOLID_BREP('',#34);
#34 = CLOSED_SHELL('',(#35,#75,#106,#137,#3490,#6843,#6860,#6877,#6894,
    #6911,#6928,#6945,#6962,#6979,#6996,#7013,#7030,#7047,#7064,#7081,
    #7098,#7115,#7132,#7149,#7166,#7183,#7200,#7217,#7234,#7251,#7268,
    #7285,#7302,#7319,#7336,#7353,#7370,#7387,#7404,#7421,#7438,#7455,
    #7472,#7489,#7506,#7523,#7540,#7557,#7574,#7591,#7608,#7625,#7642,
    #7659,#7676,#7693,#7710,#7727,#7744,#7761,#7778,#7795,#7812,#7829,
    #7846,#7863,#7880,#7897,#7914,#7931,#7948,#7965,#7982,#7999,#8016,
    #8033,#8050,#8067,#8084,#8101,#8118,#8135,#8152,#8169,#8186,#8203,
    #8215,#8232,#8249,#8266,#8283,#8300,#8322,#8339,#8356,#8368,#8390,
    #8407,#8424,#8436,#8453,#8470,#8487,#8504,#8521,#8538,#8555,#8572,
    #8589,#8606,#8623,#8640,#8657,#8674,#8696,#8713,#8730,#8742,#8764,
    #8781,#8798,#8810,#8827,#8844,#8861,#8878,#8895,#8912,#8929,#8946,
    #8963,#8980,#8997,#9014,#9031,#9048,#9065,#9082,#9099,#9116,#9133,
    #9150,#9167,#9184,#9201,#9218,#9235,#9252,#9269,#9286,#9303,#9320,
    #9337,#9354,#9371,#9388,#9405,#9422,#9439,#9456,#9473,#9490,#9507,
    #9524,#9541,#9558,#9575,#9592,#9609,#9626,#9643,#9660,#9677,#9694,
    #9711,#9728,#9745,#9762,#9779,#9796,#9813,#9830,#9847,#9864,#9881,
    #9898,#9915,#9932,#9949,#9966,#9983,#10000,#10017,#10034,#10051,
    #10068,#10085,#10102,#10119,#10136,#10153,#10170,#10187,#10204,
    #10221,#10238,#10255,#10272,#10289,#10306,#10323,#10340,#10357,
    #10374,#10391,#10408,#10425,#10442,#10459,#10476,#10493,#10510,
    #10527,#10544,#10561,#10578,#10595,#10612,#10629,#10646,#10663,
    #10680,#10697,#10714,#10731,#10748,#10765,#10782,#10799,#10816,
    #10833,#10850,#10867,#10884,#10901,#10918,#10935,#10952,#10969,
    #10986,#11003,#11020,#11037,#11054,#11071,#11088,#11105,#11122,
    #11139,#11156,#11173,#11190,#11207,#11224,#11241,#11258,#11275,
    #11292,#11309,#11326,#11343,#11360,#11377,#11394,#11411,#11428,
    #11445,#11462,#11479,#11496,#11513,#11530,#11547,#11564,#11581,
    #11598,#11615,#11632,#11649,#11666,#11683,#11700,#11717,#11734,
    #11751,#11768,#11785,#11802,#11819,#11836,#11853,#11870,#11887,
    #11904,#11921,#11938,#11955,#11972,#11989,#12006,#12023,#12040,
    #12057,#12074,#12091,#12108,#12125,#12142,#12159,#12176,#12193,
    #12210,#12227,#12244,#12261,#12278,#12295,#12312,#12329,#12346,
    #12363,#12380,#12397,#12414));
#35 = ADVANCED_FACE('',(#36),#70,.T.);
#36 = FACE_BOUND('',#37,.T.);
#37 = EDGE_LOOP('',(#38,#48,#56,#64));
#38 = ORIENTED_EDGE('',*,*,#39,.T.);
#39 = EDGE_CURVE('',#40,#42,#44,.T.);
#40 = VERTEX_POINT('',#41);
#41 = CARTESIAN_POINT('',(256.2377,-8.602E-03,0.));
#42 = VERTEX_POINT('',#43);
#43 = CARTESIAN_POINT('',(256.2377,-8.602E-03,1.51));
#44 = LINE('',#45,#46);
#45 = CARTESIAN_POINT('',(256.2377,-8.602E-03,0.));
#46 = VECTOR('',#47,1.);
#47 = DIRECTION('',(0.,0.,1.));
#48 = ORIENTED_EDGE('',*,*,#49,.T.);
#49 = EDGE_CURVE('',#42,#50,#52,.T.);
#50 = VERTEX_POINT('',#51);
#51 = CARTESIAN_POINT('',(256.493224,-3.3687E-02,1.51));
#52 = LINE('',#53,#54);
#53 = CARTESIAN_POINT('',(256.2377,-8.602E-03,1.51));
#54 = VECTOR('',#55,1.);
#55 = DIRECTION('',(0.995215798485,-9.770114863967E-02,0.));
#56 = ORIENTED_EDGE('',*,*,#57,.F.);
#57 = EDGE_CURVE('',#58,#50,#60,.T.);
#58 = VERTEX_POINT('',#59);
#59 = CARTESIAN_POINT('',(256.493224,-3.3687E-02,0.));
#60 = LINE('',#61,#62);
#61 = CARTESIAN_POINT('',(256.493224,-3.3687E-02,0.));
#62 = VECTOR('',#63,1.);
#63 = DIRECTION('',(0.,0.,1.));
#64 = ORIENTED_EDGE('',*,*,#65,.F.);
#65 = EDGE_CURVE('',#40,#58,#66,.T.);
#66 = LINE('',#67,#68);
#67 = CARTESIAN_POINT('',(256.2377,-8.602E-03,0.));
#68 = VECTOR('',#69,1.);
#69 = DIRECTION('',(0.995215798485,-9.770114863967E-02,0.));
#70 = PLANE('',#71);
#71 = AXIS2_PLACEMENT_3D('',#72,#73,#74);
#72 = CARTESIAN_POINT('',(256.2377,-8.602E-03,0.));
#73 = DIRECTION('',(9.770114863967E-02,0.995215798485,-0.));
#74 = DIRECTION('',(0.995215798485,-9.770114863967E-02,0.));
#75 = ADVANCED_FACE('',(#76),#101,.T.);
#76 = FACE_BOUND('',#77,.T.);
#77 = EDGE_LOOP('',(#78,#88,#94,#95));
#78 = ORIENTED_EDGE('',*,*,#79,.T.);
#79 = EDGE_CURVE('',#80,#82,#84,.T.);
#80 = VERTEX_POINT('',#81);
#81 = CARTESIAN_POINT('',(255.965148,4.E-06,0.));
#82 = VERTEX_POINT('',#83);
#83 = CARTESIAN_POINT('',(255.965148,4.E-06,1.51));
#84 = LINE('',#85,#86);
#85 = CARTESIAN_POINT('',(255.965148,4.E-06,0.));
#86 = VECTOR('',#87,1.);
#87 = DIRECTION('',(0.,0.,1.));
#88 = ORIENTED_EDGE('',*,*,#89,.T.);
#89 = EDGE_CURVE('',#82,#42,#90,.T.);
#90 = LINE('',#91,#92);
#91 = CARTESIAN_POINT('',(255.965148,4.E-06,1.51));
#92 = VECTOR('',#93,1.);
#93 = DIRECTION('',(0.999501862382,-3.155989692852E-02,0.));
#94 = ORIENTED_EDGE('',*,*,#39,.F.);
#95 = ORIENTED_EDGE('',*,*,#96,.F.);
#96 = EDGE_CURVE('',#80,#40,#97,.T.);
#97 = LINE('',#98,#99);
#98 = CARTESIAN_POINT('',(255.965148,4.E-06,0.));
#99 = VECTOR('',#100,1.);
#100 = DIRECTION('',(0.999501862382,-3.155989692852E-02,0.));
#101 = PLANE('',#102);
#102 = AXIS2_PLACEMENT_3D('',#103,#104,#105);
#103 = CARTESIAN_POINT('',(255.965148,4.E-06,0.));
#104 = DIRECTION('',(3.155989692852E-02,0.999501862382,-0.));
#105 = DIRECTION('',(0.999501862382,-3.155989692852E-02,0.));
#106 = ADVANCED_FACE('',(#107),#132,.T.);
#107 = FACE_BOUND('',#108,.T.);
#108 = EDGE_LOOP('',(#109,#110,#118,#126));
#109 = ORIENTED_EDGE('',*,*,#57,.T.);
#110 = ORIENTED_EDGE('',*,*,#111,.T.);
#111 = EDGE_CURVE('',#50,#112,#114,.T.);
#112 = VERTEX_POINT('',#113);
#113 = CARTESIAN_POINT('',(256.732268,-7.4154E-02,1.51));
#114 = LINE('',#115,#116);
#115 = CARTESIAN_POINT('',(256.493224,-3.3687E-02,1.51));
#116 = VECTOR('',#117,1.);
#117 = DIRECTION('',(0.985971790982,-0.166912034879,0.));
#118 = ORIENTED_EDGE('',*,*,#119,.F.);
#119 = EDGE_CURVE('',#120,#112,#122,.T.);
#120 = VERTEX_POINT('',#121);
#121 = CARTESIAN_POINT('',(256.732268,-7.4154E-02,0.));
#122 = LINE('',#123,#124);
#123 = CARTESIAN_POINT('',(256.732268,-7.4154E-02,0.));
#124 = VECTOR('',#125,1.);
#125 = DIRECTION('',(0.,0.,1.));
#126 = ORIENTED_EDGE('',*,*,#127,.F.);
#127 = EDGE_CURVE('',#58,#120,#128,.T.);
#128 = LINE('',#129,#130);
#129 = CARTESIAN_POINT('',(256.493224,-3.3687E-02,0.));
#130 = VECTOR('',#131,1.);
#131 = DIRECTION('',(0.985971790982,-0.166912034879,0.));
#132 = PLANE('',#133);
#133 = AXIS2_PLACEMENT_3D('',#134,#135,#136);
#134 = CARTESIAN_POINT('',(256.493224,-3.3687E-02,0.));
#135 = DIRECTION('',(0.166912034879,0.985971790982,-0.));
#136 = DIRECTION('',(0.985971790982,-0.166912034879,0.));
#137 = ADVANCED_FACE('',(#138,#789,#800,#811,#822,#833,#844,#880,#916,
    #927,#938,#949,#960,#971,#982,#993,#1004,#1015,#1026,#1037,#1048,
    #1059,#1070,#1106,#1142,#1153,#1164,#1175,#1186,#1197,#1208,#1219,
    #1230,#1241,#1252,#1263,#1274,#1285,#1296,#1307,#1318,#1329,#1340,
    #1351,#1362,#1373,#1384,#1395,#1406,#1417,#1428,#1439,#1450,#1461,
    #1472,#1483,#1494,#1505,#1516,#1527,#1538,#1549,#1560,#1571,#1582,
    #1593,#1604,#1615,#1626,#1637,#1648,#1659,#1670,#1681,#1692,#1703,
    #1714,#1725,#1736,#1747,#1758,#1769,#1780,#1791,#1802,#1813,#1824,
    #1835,#1846,#1857,#1868,#1879,#1890,#1901,#1912,#1923,#1934,#1945,
    #1956,#1967,#1978,#1989,#2000,#2011,#2022,#2033,#2044,#2055,#2066,
    #2077,#2088,#2099,#2110,#2121,#2132,#2143,#2154,#2165,#2176,#2187,
    #2198,#2209,#2220,#2231,#2242,#2253,#2264,#2275,#2286,#2297,#2308,
    #2319,#2330,#2341,#2352,#2363,#2374,#2385,#2396,#2407,#2418,#2429,
    #2440,#2451,#2462,#2473,#2484,#2495,#2506,#2517,#2528,#2539,#2550,
    #2561,#2572,#2583,#2594,#2605,#2616,#2627,#2638,#2649,#2660,#2671,
    #2682,#2693,#2704,#2715,#2726,#2737,#2748,#2759,#2770,#2781,#2792,
    #2803,#2814,#2825,#2836,#2847,#2858,#2869,#2880,#2891,#2902,#2913,
    #2924,#2935,#2946,#2957,#2968,#2979,#2990,#3001,#3012,#3023,#3034,
    #3045,#3056,#3067,#3078,#3089,#3100,#3111,#3122,#3133,#3144,#3155,
    #3166,#3177,#3188,#3199,#3210,#3221,#3232,#3243,#3254,#3265,#3276,
    #3287,#3298,#3309,#3320,#3331,#3342,#3353,#3364,#3375,#3386,#3397,
    #3408,#3419,#3430,#3441,#3452,#3463,#3474),#3485,.F.);
#138 = FACE_BOUND('',#139,.F.);
#139 = EDGE_LOOP('',(#140,#141,#142,#150,#158,#166,#174,#182,#190,#198,
    #206,#214,#222,#230,#238,#246,#254,#262,#270,#278,#286,#294,#302,
    #310,#318,#326,#334,#342,#350,#358,#366,#374,#382,#390,#398,#406,
    #414,#422,#430,#438,#446,#454,#462,#470,#478,#486,#494,#502,#510,
    #518,#526,#534,#542,#550,#558,#566,#574,#582,#590,#598,#606,#614,
    #622,#630,#638,#646,#654,#662,#670,#678,#686,#694,#702,#710,#718,
    #726,#734,#742,#750,#758,#766,#774,#782,#788));
#140 = ORIENTED_EDGE('',*,*,#65,.F.);
#141 = ORIENTED_EDGE('',*,*,#96,.F.);
#142 = ORIENTED_EDGE('',*,*,#143,.F.);
#143 = EDGE_CURVE('',#144,#80,#146,.T.);
#144 = VERTEX_POINT('',#145);
#145 = CARTESIAN_POINT('',(3.,-0.,0.));
#146 = LINE('',#147,#148);
#147 = CARTESIAN_POINT('',(3.,-0.,0.));
#148 = VECTOR('',#149,1.);
#149 = DIRECTION('',(1.,1.581245492363E-08,0.));
#150 = ORIENTED_EDGE('',*,*,#151,.F.);
#151 = EDGE_CURVE('',#152,#144,#154,.T.);
#152 = VERTEX_POINT('',#153);
#153 = CARTESIAN_POINT('',(2.727448,-8.606E-03,0.));
#154 = LINE('',#155,#156);
#155 = CARTESIAN_POINT('',(2.727448,-8.606E-03,0.));
#156 = VECTOR('',#157,1.);
#157 = DIRECTION('',(0.999501862382,3.155989692852E-02,0.));
#158 = ORIENTED_EDGE('',*,*,#159,.F.);
#159 = EDGE_CURVE('',#160,#152,#162,.T.);
#160 = VERTEX_POINT('',#161);
#161 = CARTESIAN_POINT('',(2.471924,-3.3691E-02,0.));
#162 = LINE('',#163,#164);
#163 = CARTESIAN_POINT('',(2.471924,-3.3691E-02,0.));
#164 = VECTOR('',#165,1.);
#165 = DIRECTION('',(0.995215798485,9.770114863966E-02,0.));
#166 = ORIENTED_EDGE('',*,*,#167,.F.);
#167 = EDGE_CURVE('',#168,#160,#170,.T.);
#168 = VERTEX_POINT('',#169);
#169 = CARTESIAN_POINT('',(2.23288,-7.4158E-02,0.));
#170 = LINE('',#171,#172);
#171 = CARTESIAN_POINT('',(2.23288,-7.4158E-02,0.));
#172 = VECTOR('',#173,1.);
#173 = DIRECTION('',(0.985971790982,0.166912034879,0.));
#174 = ORIENTED_EDGE('',*,*,#175,.F.);
#175 = EDGE_CURVE('',#176,#168,#178,.T.);
#176 = VERTEX_POINT('',#177);
#177 = CARTESIAN_POINT('',(2.009766,-0.128906,0.));
#178 = LINE('',#179,#180);
#179 = CARTESIAN_POINT('',(2.009766,-0.128906,0.));
#180 = VECTOR('',#181,1.);
#181 = DIRECTION('',(0.971188759797,0.238311545763,0.));
#182 = ORIENTED_EDGE('',*,*,#183,.F.);
#183 = EDGE_CURVE('',#184,#176,#186,.T.);
#184 = VERTEX_POINT('',#185);
#185 = CARTESIAN_POINT('',(1.802032,-0.196838,0.));
#186 = LINE('',#187,#188);
#187 = CARTESIAN_POINT('',(1.802032,-0.196838,0.));
#188 = VECTOR('',#189,1.);
#189 = DIRECTION('',(0.950469697774,0.310817235066,0.));
#190 = ORIENTED_EDGE('',*,*,#191,.F.);
#191 = EDGE_CURVE('',#192,#184,#194,.T.);
#192 = VERTEX_POINT('',#193);
#193 = CARTESIAN_POINT('',(1.609131,-0.276855,0.));
#194 = LINE('',#195,#196);
#195 = CARTESIAN_POINT('',(1.609131,-0.276855,0.));
#196 = VECTOR('',#197,1.);
#197 = DIRECTION('',(0.923685080181,0.383152544885,0.));
#198 = ORIENTED_EDGE('',*,*,#199,.F.);
#199 = EDGE_CURVE('',#200,#192,#202,.T.);
#200 = VERTEX_POINT('',#201);
#201 = CARTESIAN_POINT('',(1.430511,-0.367859,0.));
#202 = LINE('',#203,#204);
#203 = CARTESIAN_POINT('',(1.430511,-0.367859,0.));
#204 = VECTOR('',#205,1.);
#205 = DIRECTION('',(0.8910215279,0.453961052094,0.));
#206 = ORIENTED_EDGE('',*,*,#207,.F.);
#207 = EDGE_CURVE('',#208,#200,#210,.T.);
#208 = VERTEX_POINT('',#209);
#209 = CARTESIAN_POINT('',(1.265625,-0.46875,0.));
#210 = LINE('',#211,#212);
#211 = CARTESIAN_POINT('',(1.265625,-0.46875,0.));
#212 = VECTOR('',#213,1.);
#213 = DIRECTION('',(0.852988604995,0.521929535234,0.));
#214 = ORIENTED_EDGE('',*,*,#215,.F.);
#215 = EDGE_CURVE('',#216,#208,#218,.T.);
#216 = VERTEX_POINT('',#217);
#217 = CARTESIAN_POINT('',(1.113922,-0.57843,0.));
#218 = LINE('',#219,#220);
#219 = CARTESIAN_POINT('',(1.113922,-0.57843,0.));
#220 = VECTOR('',#221,1.);
#221 = DIRECTION('',(0.81038317457,0.585900256335,0.));
#222 = ORIENTED_EDGE('',*,*,#223,.F.);
#223 = EDGE_CURVE('',#224,#216,#226,.T.);
#224 = VERTEX_POINT('',#225);
#225 = CARTESIAN_POINT('',(0.974854,-0.695801,0.));
#226 = LINE('',#227,#228);
#227 = CARTESIAN_POINT('',(0.974854,-0.695801,0.));
#228 = VECTOR('',#229,1.);
#229 = DIRECTION('',(0.764203791791,0.644974855799,0.));
#230 = ORIENTED_EDGE('',*,*,#231,.F.);
#231 = EDGE_CURVE('',#232,#224,#234,.T.);
#232 = VERTEX_POINT('',#233);
#233 = CARTESIAN_POINT('',(0.84787,-0.819763,0.));
#234 = LINE('',#235,#236);
#235 = CARTESIAN_POINT('',(0.84787,-0.819763,0.));
#236 = VECTOR('',#237,1.);
#237 = DIRECTION('',(0.715570181951,0.698540846839,0.));
#238 = ORIENTED_EDGE('',*,*,#239,.F.);
#239 = EDGE_CURVE('',#240,#232,#242,.T.);
#240 = VERTEX_POINT('',#241);
#241 = CARTESIAN_POINT('',(0.732422,-0.949219,0.));
#242 = LINE('',#243,#244);
#243 = CARTESIAN_POINT('',(0.732422,-0.949219,0.));
#244 = VECTOR('',#245,1.);
#245 = DIRECTION('',(0.665573884847,0.746331966225,0.));
#246 = ORIENTED_EDGE('',*,*,#247,.F.);
#247 = EDGE_CURVE('',#248,#240,#250,.T.);
#248 = VERTEX_POINT('',#249);
#249 = CARTESIAN_POINT('',(0.62796,-1.083069,0.));
#250 = LINE('',#251,#252);
#251 = CARTESIAN_POINT('',(0.62796,-1.083069,0.));
#252 = VECTOR('',#253,1.);
#253 = DIRECTION('',(0.615247823332,0.788333759194,0.));
#254 = ORIENTED_EDGE('',*,*,#255,.F.);
#255 = EDGE_CURVE('',#256,#248,#258,.T.);
#256 = VERTEX_POINT('',#257);
#257 = CARTESIAN_POINT('',(0.533936,-1.220215,0.));
#258 = LINE('',#259,#260);
#259 = CARTESIAN_POINT('',(0.533936,-1.220215,0.));
#260 = VECTOR('',#261,1.);
#261 = DIRECTION('',(0.565450750055,0.824782061676,0.));
#262 = ORIENTED_EDGE('',*,*,#263,.F.);
#263 = EDGE_CURVE('',#264,#256,#266,.T.);
#264 = VERTEX_POINT('',#265);
#265 = CARTESIAN_POINT('',(0.375,-1.5,0.));
#266 = LINE('',#267,#268);
#267 = CARTESIAN_POINT('',(0.375,-1.5,0.));
#268 = VECTOR('',#269,1.);
#269 = DIRECTION('',(0.493932465641,0.869500269917,0.));
#270 = ORIENTED_EDGE('',*,*,#271,.F.);
#271 = EDGE_CURVE('',#272,#264,#274,.T.);
#272 = VERTEX_POINT('',#273);
#273 = CARTESIAN_POINT('',(0.251221,-1.779785,0.));
#274 = LINE('',#275,#276);
#275 = CARTESIAN_POINT('',(0.251221,-1.779785,0.));
#276 = VECTOR('',#277,1.);
#277 = DIRECTION('',(0.404582401038,0.914501547713,0.));
#278 = ORIENTED_EDGE('',*,*,#279,.F.);
#279 = EDGE_CURVE('',#280,#272,#282,.T.);
#280 = VERTEX_POINT('',#281);
#281 = CARTESIAN_POINT('',(0.158203,-2.050781,0.));
#282 = LINE('',#283,#284);
#283 = CARTESIAN_POINT('',(0.158203,-2.050781,0.));
#284 = VECTOR('',#285,1.);
#285 = DIRECTION('',(0.324652496865,0.945833366021,0.));
#286 = ORIENTED_EDGE('',*,*,#287,.F.);
#287 = EDGE_CURVE('',#288,#280,#290,.T.);
#288 = VERTEX_POINT('',#289);
#289 = CARTESIAN_POINT('',(9.1553E-02,-2.304199,0.));
#290 = LINE('',#291,#292);
#291 = CARTESIAN_POINT('',(9.1553E-02,-2.304199,0.));
#292 = VECTOR('',#293,1.);
#293 = DIRECTION('',(0.254354289568,0.967111108083,0.));
#294 = ORIENTED_EDGE('',*,*,#295,.F.);
#295 = EDGE_CURVE('',#296,#288,#298,.T.);
#296 = VERTEX_POINT('',#297);
#297 = CARTESIAN_POINT('',(4.6875E-02,-2.53125,0.));
#298 = LINE('',#299,#300);
#299 = CARTESIAN_POINT('',(4.6875E-02,-2.53125,0.));
#300 = VECTOR('',#301,1.);
#301 = DIRECTION('',(0.193072739952,0.981184446008,0.));
#302 = ORIENTED_EDGE('',*,*,#303,.F.);
#303 = EDGE_CURVE('',#304,#296,#306,.T.);
#304 = VERTEX_POINT('',#305);
#305 = CARTESIAN_POINT('',(5.859E-03,-2.871094,0.));
#306 = LINE('',#307,#308);
#307 = CARTESIAN_POINT('',(5.859E-03,-2.871094,0.));
#308 = VECTOR('',#309,1.);
#309 = DIRECTION('',(0.119821153083,0.992795493178,0.));
#310 = ORIENTED_EDGE('',*,*,#311,.F.);
#311 = EDGE_CURVE('',#312,#304,#314,.T.);
#312 = VERTEX_POINT('',#313);
#313 = CARTESIAN_POINT('',(0.,-3.,0.));
#314 = LINE('',#315,#316);
#315 = CARTESIAN_POINT('',(0.,-3.,0.));
#316 = VECTOR('',#317,1.);
#317 = DIRECTION('',(4.540484869606E-02,0.998968668035,0.));
#318 = ORIENTED_EDGE('',*,*,#319,.F.);
#319 = EDGE_CURVE('',#320,#312,#322,.T.);
#320 = VERTEX_POINT('',#321);
#321 = CARTESIAN_POINT('',(1.02E-03,-77.,0.));
#322 = LINE('',#323,#324);
#323 = CARTESIAN_POINT('',(1.02E-03,-77.,0.));
#324 = VECTOR('',#325,1.);
#325 = DIRECTION('',(-1.378378378247E-05,0.999999999905,0.));
#326 = ORIENTED_EDGE('',*,*,#327,.F.);
#327 = EDGE_CURVE('',#328,#320,#330,.T.);
#328 = VERTEX_POINT('',#329);
#329 = CARTESIAN_POINT('',(5.771E-03,-77.174669,0.));
#330 = LINE('',#331,#332);
#331 = CARTESIAN_POINT('',(5.771E-03,-77.174669,0.));
#332 = VECTOR('',#333,1.);
#333 = DIRECTION('',(-2.718996205572E-02,0.999630284637,0.));
#334 = ORIENTED_EDGE('',*,*,#335,.F.);
#335 = EDGE_CURVE('',#336,#328,#338,.T.);
#336 = VERTEX_POINT('',#337);
#337 = CARTESIAN_POINT('',(1.9784E-02,-77.336234,0.));
#338 = LINE('',#339,#340);
#339 = CARTESIAN_POINT('',(1.9784E-02,-77.336234,0.));
#340 = VECTOR('',#341,1.);
#341 = DIRECTION('',(-8.640849476922E-02,0.996259791436,0.));
#342 = ORIENTED_EDGE('',*,*,#343,.F.);
#343 = EDGE_CURVE('',#344,#336,#346,.T.);
#344 = VERTEX_POINT('',#345);
#345 = CARTESIAN_POINT('',(4.2396E-02,-77.485665,0.));
#346 = LINE('',#347,#348);
#347 = CARTESIAN_POINT('',(4.2396E-02,-77.485665,0.));
#348 = VECTOR('',#349,1.);
#349 = DIRECTION('',(-0.149617405873,0.988743966788,0.));
#350 = ORIENTED_EDGE('',*,*,#351,.F.);
#351 = EDGE_CURVE('',#352,#344,#354,.T.);
#352 = VERTEX_POINT('',#353);
#353 = CARTESIAN_POINT('',(7.2824E-02,-77.62296,0.));
#354 = LINE('',#355,#356);
#355 = CARTESIAN_POINT('',(7.2824E-02,-77.62296,0.));
#356 = VECTOR('',#357,1.);
#357 = DIRECTION('',(-0.21637475756,0.976310383173,0.));
#358 = ORIENTED_EDGE('',*,*,#359,.F.);
#359 = EDGE_CURVE('',#360,#352,#362,.T.);
#360 = VERTEX_POINT('',#361);
#361 = CARTESIAN_POINT('',(0.110833,-77.750177,0.));
#362 = LINE('',#363,#364);
#363 = CARTESIAN_POINT('',(0.110833,-77.750177,0.));
#364 = VECTOR('',#365,1.);
#365 = DIRECTION('',(-0.286269093418,0.958149260895,0.));
#366 = ORIENTED_EDGE('',*,*,#367,.F.);
#367 = EDGE_CURVE('',#368,#360,#370,.T.);
#368 = VERTEX_POINT('',#369);
#369 = CARTESIAN_POINT('',(0.155302,-77.866033,0.));
#370 = LINE('',#371,#372);
#371 = CARTESIAN_POINT('',(0.155302,-77.866033,0.));
#372 = VECTOR('',#373,1.);
#373 = DIRECTION('',(-0.358340195785,0.933591079694,0.));
#374 = ORIENTED_EDGE('',*,*,#375,.F.);
#375 = EDGE_CURVE('',#376,#368,#378,.T.);
#376 = VERTEX_POINT('',#377);
#377 = CARTESIAN_POINT('',(0.263554,-78.070644,0.));
#378 = LINE('',#379,#380);
#379 = CARTESIAN_POINT('',(0.263554,-78.070644,0.));
#380 = VECTOR('',#381,1.);
#381 = DIRECTION('',(-0.467646543,0.883915556385,0.));
#382 = ORIENTED_EDGE('',*,*,#383,.F.);
#383 = EDGE_CURVE('',#384,#376,#386,.T.);
#384 = VERTEX_POINT('',#385);
#385 = CARTESIAN_POINT('',(0.395069,-78.241051,0.));
#386 = LINE('',#387,#388);
#387 = CARTESIAN_POINT('',(0.395069,-78.241051,0.));
#388 = VECTOR('',#389,1.);
#389 = DIRECTION('',(-0.610972861562,0.791651541042,0.));
#390 = ORIENTED_EDGE('',*,*,#391,.F.);
#391 = EDGE_CURVE('',#392,#384,#394,.T.);
#392 = VERTEX_POINT('',#393);
#393 = CARTESIAN_POINT('',(0.548171,-78.38027,0.));
#394 = LINE('',#395,#396);
#395 = CARTESIAN_POINT('',(0.548171,-78.38027,0.));
#396 = VECTOR('',#397,1.);
#397 = DIRECTION('',(-0.73985500793,0.672766354124,0.));
#398 = ORIENTED_EDGE('',*,*,#399,.F.);
#399 = EDGE_CURVE('',#400,#392,#402,.T.);
#400 = VERTEX_POINT('',#401);
#401 = CARTESIAN_POINT('',(0.721069,-78.489808,0.));
#402 = LINE('',#403,#404);
#403 = CARTESIAN_POINT('',(0.721069,-78.489808,0.));
#404 = VECTOR('',#405,1.);
#405 = DIRECTION('',(-0.844739708353,0.535177377261,0.));
#406 = ORIENTED_EDGE('',*,*,#407,.F.);
#407 = EDGE_CURVE('',#408,#400,#410,.T.);
#408 = VERTEX_POINT('',#409);
#409 = CARTESIAN_POINT('',(0.909392,-78.569623,0.));
#410 = LINE('',#411,#412);
#411 = CARTESIAN_POINT('',(0.909392,-78.569623,0.));
#412 = VECTOR('',#413,1.);
#413 = DIRECTION('',(-0.92072165251,0.390219987442,0.));
#414 = ORIENTED_EDGE('',*,*,#415,.F.);
#415 = EDGE_CURVE('',#416,#408,#418,.T.);
#416 = VERTEX_POINT('',#417);
#417 = CARTESIAN_POINT('',(1.097961,-78.618904,0.));
#418 = LINE('',#419,#420);
#419 = CARTESIAN_POINT('',(1.097961,-78.618904,0.));
#420 = VECTOR('',#421,1.);
#421 = DIRECTION('',(-0.967505535676,0.252849833767,0.));
#422 = ORIENTED_EDGE('',*,*,#423,.F.);
#423 = EDGE_CURVE('',#424,#416,#426,.T.);
#424 = VERTEX_POINT('',#425);
#425 = CARTESIAN_POINT('',(1.148413,-78.628182,0.));
#426 = LINE('',#427,#428);
#427 = CARTESIAN_POINT('',(1.148413,-78.628182,0.));
#428 = VECTOR('',#429,1.);
#429 = DIRECTION('',(-0.983507982463,0.18086472412,0.));
#430 = ORIENTED_EDGE('',*,*,#431,.F.);
#431 = EDGE_CURVE('',#432,#424,#434,.T.);
#432 = VERTEX_POINT('',#433);
#433 = CARTESIAN_POINT('',(1.148499,-78.628197,0.));
#434 = LINE('',#435,#436);
#435 = CARTESIAN_POINT('',(1.148499,-78.628197,0.));
#436 = VECTOR('',#437,1.);
#437 = DIRECTION('',(-0.985127563022,0.171824575,0.));
#438 = ORIENTED_EDGE('',*,*,#439,.F.);
#439 = EDGE_CURVE('',#440,#432,#442,.T.);
#440 = VERTEX_POINT('',#441);
#441 = CARTESIAN_POINT('',(127.001546,-100.861795,0.));
#442 = LINE('',#443,#444);
#443 = CARTESIAN_POINT('',(127.001546,-100.861795,0.));
#444 = VECTOR('',#445,1.);
#445 = DIRECTION('',(-0.984751085921,0.173969246644,0.));
#446 = ORIENTED_EDGE('',*,*,#447,.F.);
#447 = EDGE_CURVE('',#448,#440,#450,.T.);
#448 = VERTEX_POINT('',#449);
#449 = CARTESIAN_POINT('',(127.648534,-100.956964,0.));
#450 = LINE('',#451,#452);
#451 = CARTESIAN_POINT('',(127.648534,-100.956964,0.));
#452 = VECTOR('',#453,1.);
#453 = DIRECTION('',(-0.98935391665,0.145529473334,0.));
#454 = ORIENTED_EDGE('',*,*,#455,.F.);
#455 = EDGE_CURVE('',#456,#448,#458,.T.);
#456 = VERTEX_POINT('',#457);
#457 = CARTESIAN_POINT('',(128.343363,-101.021003,0.));
#458 = LINE('',#459,#460);
#459 = CARTESIAN_POINT('',(128.343363,-101.021003,0.));
#460 = VECTOR('',#461,1.);
#461 = DIRECTION('',(-0.995779663086,9.177615477239E-02,0.));
#462 = ORIENTED_EDGE('',*,*,#463,.F.);
#463 = EDGE_CURVE('',#464,#456,#466,.T.);
#464 = VERTEX_POINT('',#465);
#465 = CARTESIAN_POINT('',(129.081322,-101.051739,0.));
#466 = LINE('',#467,#468);
#467 = CARTESIAN_POINT('',(129.081322,-101.051739,0.));
#468 = VECTOR('',#469,1.);
#469 = DIRECTION('',(-0.999133765164,4.161393167653E-02,0.));
#470 = ORIENTED_EDGE('',*,*,#471,.F.);
#471 = EDGE_CURVE('',#472,#464,#474,.T.);
#472 = VERTEX_POINT('',#473);
#473 = CARTESIAN_POINT('',(129.851827,-101.047641,0.));
#474 = LINE('',#475,#476);
#475 = CARTESIAN_POINT('',(129.851827,-101.047641,0.));
#476 = VECTOR('',#477,1.);
#477 = DIRECTION('',(-0.999985856602,-5.318514533134E-03,0.));
#478 = ORIENTED_EDGE('',*,*,#479,.F.);
#479 = EDGE_CURVE('',#480,#472,#482,.T.);
#480 = VERTEX_POINT('',#481);
#481 = CARTESIAN_POINT('',(130.632585,-101.008929,0.));
#482 = LINE('',#483,#484);
#483 = CARTESIAN_POINT('',(130.632585,-101.008929,0.));
#484 = VECTOR('',#485,1.);
#485 = DIRECTION('',(-0.998773045452,-4.952174955049E-02,0.));
#486 = ORIENTED_EDGE('',*,*,#487,.F.);
#487 = EDGE_CURVE('',#488,#480,#490,.T.);
#488 = VERTEX_POINT('',#489);
#489 = CARTESIAN_POINT('',(131.373725,-100.940683,0.));
#490 = LINE('',#491,#492);
#491 = CARTESIAN_POINT('',(131.373725,-100.940683,0.));
#492 = VECTOR('',#493,1.);
#493 = DIRECTION('',(-0.995787181671,-9.169454084287E-02,0.));
#494 = ORIENTED_EDGE('',*,*,#495,.F.);
#495 = EDGE_CURVE('',#496,#488,#498,.T.);
#496 = VERTEX_POINT('',#497);
#497 = CARTESIAN_POINT('',(131.935137,-100.865736,0.));
#498 = LINE('',#499,#500);
#499 = CARTESIAN_POINT('',(131.935137,-100.865736,0.));
#500 = VECTOR('',#501,1.);
#501 = DIRECTION('',(-0.991206593157,-0.132323428315,0.));
#502 = ORIENTED_EDGE('',*,*,#503,.F.);
#503 = EDGE_CURVE('',#504,#496,#506,.T.);
#504 = VERTEX_POINT('',#505);
#505 = CARTESIAN_POINT('',(132.007645,-100.853811,0.));
#506 = LINE('',#507,#508);
#507 = CARTESIAN_POINT('',(132.007645,-100.853811,0.));
#508 = VECTOR('',#509,1.);
#509 = DIRECTION('',(-0.986744014769,-0.16228447035,0.));
#510 = ORIENTED_EDGE('',*,*,#511,.F.);
#511 = EDGE_CURVE('',#512,#504,#514,.T.);
#512 = VERTEX_POINT('',#513);
#513 = CARTESIAN_POINT('',(132.007651,-100.85381,0.));
#514 = LINE('',#515,#516);
#515 = CARTESIAN_POINT('',(132.007651,-100.85381,0.));
#516 = VECTOR('',#517,1.);
#517 = DIRECTION('',(-0.986393923958,-0.164398986548,0.));
#518 = ORIENTED_EDGE('',*,*,#519,.F.);
#519 = EDGE_CURVE('',#520,#512,#522,.T.);
#520 = VERTEX_POINT('',#521);
#521 = CARTESIAN_POINT('',(257.845848,-78.622836,0.));
#522 = LINE('',#523,#524);
#523 = CARTESIAN_POINT('',(257.845848,-78.622836,0.));
#524 = VECTOR('',#525,1.);
#525 = DIRECTION('',(-0.984751086661,-0.173969242455,0.));
#526 = ORIENTED_EDGE('',*,*,#527,.F.);
#527 = EDGE_CURVE('',#528,#520,#530,.T.);
#528 = VERTEX_POINT('',#529);
#529 = CARTESIAN_POINT('',(257.845934,-78.622821,0.));
#530 = LINE('',#531,#532);
#531 = CARTESIAN_POINT('',(257.845934,-78.622821,0.));
#532 = VECTOR('',#533,1.);
#533 = DIRECTION('',(-0.985127563026,-0.17182457498,0.));
#534 = ORIENTED_EDGE('',*,*,#535,.F.);
#535 = EDGE_CURVE('',#536,#528,#538,.T.);
#536 = VERTEX_POINT('',#537);
#537 = CARTESIAN_POINT('',(257.896386,-78.613543,0.));
#538 = LINE('',#539,#540);
#539 = CARTESIAN_POINT('',(257.896386,-78.613543,0.));
#540 = VECTOR('',#541,1.);
#541 = DIRECTION('',(-0.983507982463,-0.18086472412,0.));
#542 = ORIENTED_EDGE('',*,*,#543,.F.);
#543 = EDGE_CURVE('',#544,#536,#546,.T.);
#544 = VERTEX_POINT('',#545);
#545 = CARTESIAN_POINT('',(258.084955,-78.564262,0.));
#546 = LINE('',#547,#548);
#547 = CARTESIAN_POINT('',(258.084955,-78.564262,0.));
#548 = VECTOR('',#549,1.);
#549 = DIRECTION('',(-0.967505535676,-0.252849833767,0.));
#550 = ORIENTED_EDGE('',*,*,#551,.F.);
#551 = EDGE_CURVE('',#552,#544,#554,.T.);
#552 = VERTEX_POINT('',#553);
#553 = CARTESIAN_POINT('',(258.273278,-78.484447,0.));
#554 = LINE('',#555,#556);
#555 = CARTESIAN_POINT('',(258.273278,-78.484447,0.));
#556 = VECTOR('',#557,1.);
#557 = DIRECTION('',(-0.92072165251,-0.390219987442,0.));
#558 = ORIENTED_EDGE('',*,*,#559,.F.);
#559 = EDGE_CURVE('',#560,#552,#562,.T.);
#560 = VERTEX_POINT('',#561);
#561 = CARTESIAN_POINT('',(258.446176,-78.374909,0.));
#562 = LINE('',#563,#564);
#563 = CARTESIAN_POINT('',(258.446176,-78.374909,0.));
#564 = VECTOR('',#565,1.);
#565 = DIRECTION('',(-0.844739708353,-0.535177377261,0.));
#566 = ORIENTED_EDGE('',*,*,#567,.F.);
#567 = EDGE_CURVE('',#568,#560,#570,.T.);
#568 = VERTEX_POINT('',#569);
#569 = CARTESIAN_POINT('',(258.599278,-78.23569,0.));
#570 = LINE('',#571,#572);
#571 = CARTESIAN_POINT('',(258.599278,-78.23569,0.));
#572 = VECTOR('',#573,1.);
#573 = DIRECTION('',(-0.73985500793,-0.672766354123,0.));
#574 = ORIENTED_EDGE('',*,*,#575,.F.);
#575 = EDGE_CURVE('',#576,#568,#578,.T.);
#576 = VERTEX_POINT('',#577);
#577 = CARTESIAN_POINT('',(258.730793,-78.065283,0.));
#578 = LINE('',#579,#580);
#579 = CARTESIAN_POINT('',(258.730793,-78.065283,0.));
#580 = VECTOR('',#581,1.);
#581 = DIRECTION('',(-0.610972861562,-0.791651541042,0.));
#582 = ORIENTED_EDGE('',*,*,#583,.F.);
#583 = EDGE_CURVE('',#584,#576,#586,.T.);
#584 = VERTEX_POINT('',#585);
#585 = CARTESIAN_POINT('',(258.839045,-77.860672,0.));
#586 = LINE('',#587,#588);
#587 = CARTESIAN_POINT('',(258.839045,-77.860672,0.));
#588 = VECTOR('',#589,1.);
#589 = DIRECTION('',(-0.467646543,-0.883915556385,0.));
#590 = ORIENTED_EDGE('',*,*,#591,.F.);
#591 = EDGE_CURVE('',#592,#584,#594,.T.);
#592 = VERTEX_POINT('',#593);
#593 = CARTESIAN_POINT('',(258.883514,-77.744816,0.));
#594 = LINE('',#595,#596);
#595 = CARTESIAN_POINT('',(258.883514,-77.744816,0.));
#596 = VECTOR('',#597,1.);
#597 = DIRECTION('',(-0.358340195785,-0.933591079694,0.));
#598 = ORIENTED_EDGE('',*,*,#599,.F.);
#599 = EDGE_CURVE('',#600,#592,#602,.T.);
#600 = VERTEX_POINT('',#601);
#601 = CARTESIAN_POINT('',(258.921523,-77.617599,0.));
#602 = LINE('',#603,#604);
#603 = CARTESIAN_POINT('',(258.921523,-77.617599,0.));
#604 = VECTOR('',#605,1.);
#605 = DIRECTION('',(-0.286269093418,-0.958149260895,0.));
#606 = ORIENTED_EDGE('',*,*,#607,.F.);
#607 = EDGE_CURVE('',#608,#600,#610,.T.);
#608 = VERTEX_POINT('',#609);
#609 = CARTESIAN_POINT('',(258.951951,-77.480304,0.));
#610 = LINE('',#611,#612);
#611 = CARTESIAN_POINT('',(258.951951,-77.480304,0.));
#612 = VECTOR('',#613,1.);
#613 = DIRECTION('',(-0.21637475756,-0.976310383173,0.));
#614 = ORIENTED_EDGE('',*,*,#615,.F.);
#615 = EDGE_CURVE('',#616,#608,#618,.T.);
#616 = VERTEX_POINT('',#617);
#617 = CARTESIAN_POINT('',(258.974563,-77.330873,0.));
#618 = LINE('',#619,#620);
#619 = CARTESIAN_POINT('',(258.974563,-77.330873,0.));
#620 = VECTOR('',#621,1.);
#621 = DIRECTION('',(-0.149617405873,-0.988743966788,0.));
#622 = ORIENTED_EDGE('',*,*,#623,.F.);
#623 = EDGE_CURVE('',#624,#616,#626,.T.);
#624 = VERTEX_POINT('',#625);
#625 = CARTESIAN_POINT('',(258.988576,-77.169308,0.));
#626 = LINE('',#627,#628);
#627 = CARTESIAN_POINT('',(258.988576,-77.169308,0.));
#628 = VECTOR('',#629,1.);
#629 = DIRECTION('',(-8.640849476944E-02,-0.996259791436,0.));
#630 = ORIENTED_EDGE('',*,*,#631,.F.);
#631 = EDGE_CURVE('',#632,#624,#634,.T.);
#632 = VERTEX_POINT('',#633);
#633 = CARTESIAN_POINT('',(258.993327,-76.994639,0.));
#634 = LINE('',#635,#636);
#635 = CARTESIAN_POINT('',(258.993327,-76.994639,0.));
#636 = VECTOR('',#637,1.);
#637 = DIRECTION('',(-2.718996205571E-02,-0.999630284637,0.));
#638 = ORIENTED_EDGE('',*,*,#639,.F.);
#639 = EDGE_CURVE('',#640,#632,#642,.T.);
#640 = VERTEX_POINT('',#641);
#641 = CARTESIAN_POINT('',(258.965148,-2.999996,0.));
#642 = LINE('',#643,#644);
#643 = CARTESIAN_POINT('',(258.965148,-2.999996,0.));
#644 = VECTOR('',#645,1.);
#645 = DIRECTION('',(3.808248383151E-04,-0.999999927486,0.));
#646 = ORIENTED_EDGE('',*,*,#647,.F.);
#647 = EDGE_CURVE('',#648,#640,#650,.T.);
#648 = VERTEX_POINT('',#649);
#649 = CARTESIAN_POINT('',(258.959289,-2.87109,0.));
#650 = LINE('',#651,#652);
#651 = CARTESIAN_POINT('',(258.959289,-2.87109,0.));
#652 = VECTOR('',#653,1.);
#653 = DIRECTION('',(4.540484869596E-02,-0.998968668035,0.));
#654 = ORIENTED_EDGE('',*,*,#655,.F.);
#655 = EDGE_CURVE('',#656,#648,#658,.T.);
#656 = VERTEX_POINT('',#657);
#657 = CARTESIAN_POINT('',(258.918273,-2.531246,0.));
#658 = LINE('',#659,#660);
#659 = CARTESIAN_POINT('',(258.918273,-2.531246,0.));
#660 = VECTOR('',#661,1.);
#661 = DIRECTION('',(0.119821153083,-0.992795493178,0.));
#662 = ORIENTED_EDGE('',*,*,#663,.F.);
#663 = EDGE_CURVE('',#664,#656,#666,.T.);
#664 = VERTEX_POINT('',#665);
#665 = CARTESIAN_POINT('',(258.873595,-2.304195,0.));
#666 = LINE('',#667,#668);
#667 = CARTESIAN_POINT('',(258.873595,-2.304195,0.));
#668 = VECTOR('',#669,1.);
#669 = DIRECTION('',(0.193072739951,-0.981184446008,0.));
#670 = ORIENTED_EDGE('',*,*,#671,.F.);
#671 = EDGE_CURVE('',#672,#664,#674,.T.);
#672 = VERTEX_POINT('',#673);
#673 = CARTESIAN_POINT('',(258.806945,-2.050777,0.));
#674 = LINE('',#675,#676);
#675 = CARTESIAN_POINT('',(258.806945,-2.050777,0.));
#676 = VECTOR('',#677,1.);
#677 = DIRECTION('',(0.254354289568,-0.967111108083,0.));
#678 = ORIENTED_EDGE('',*,*,#679,.F.);
#679 = EDGE_CURVE('',#680,#672,#682,.T.);
#680 = VERTEX_POINT('',#681);
#681 = CARTESIAN_POINT('',(258.713927,-1.779781,0.));
#682 = LINE('',#683,#684);
#683 = CARTESIAN_POINT('',(258.713927,-1.779781,0.));
#684 = VECTOR('',#685,1.);
#685 = DIRECTION('',(0.324652496865,-0.945833366021,0.));
#686 = ORIENTED_EDGE('',*,*,#687,.F.);
#687 = EDGE_CURVE('',#688,#680,#690,.T.);
#688 = VERTEX_POINT('',#689);
#689 = CARTESIAN_POINT('',(258.590148,-1.499996,0.));
#690 = LINE('',#691,#692);
#691 = CARTESIAN_POINT('',(258.590148,-1.499996,0.));
#692 = VECTOR('',#693,1.);
#693 = DIRECTION('',(0.404582401038,-0.914501547713,0.));
#694 = ORIENTED_EDGE('',*,*,#695,.F.);
#695 = EDGE_CURVE('',#696,#688,#698,.T.);
#696 = VERTEX_POINT('',#697);
#697 = CARTESIAN_POINT('',(258.431212,-1.220211,0.));
#698 = LINE('',#699,#700);
#699 = CARTESIAN_POINT('',(258.431212,-1.220211,0.));
#700 = VECTOR('',#701,1.);
#701 = DIRECTION('',(0.493932465641,-0.869500269917,0.));
#702 = ORIENTED_EDGE('',*,*,#703,.F.);
#703 = EDGE_CURVE('',#704,#696,#706,.T.);
#704 = VERTEX_POINT('',#705);
#705 = CARTESIAN_POINT('',(258.337188,-1.083065,0.));
#706 = LINE('',#707,#708);
#707 = CARTESIAN_POINT('',(258.337188,-1.083065,0.));
#708 = VECTOR('',#709,1.);
#709 = DIRECTION('',(0.565450750055,-0.824782061676,0.));
#710 = ORIENTED_EDGE('',*,*,#711,.F.);
#711 = EDGE_CURVE('',#712,#704,#714,.T.);
#712 = VERTEX_POINT('',#713);
#713 = CARTESIAN_POINT('',(258.232726,-0.949215,0.));
#714 = LINE('',#715,#716);
#715 = CARTESIAN_POINT('',(258.232726,-0.949215,0.));
#716 = VECTOR('',#717,1.);
#717 = DIRECTION('',(0.615247823332,-0.788333759194,0.));
#718 = ORIENTED_EDGE('',*,*,#719,.F.);
#719 = EDGE_CURVE('',#720,#712,#722,.T.);
#720 = VERTEX_POINT('',#721);
#721 = CARTESIAN_POINT('',(258.117278,-0.819759,0.));
#722 = LINE('',#723,#724);
#723 = CARTESIAN_POINT('',(258.117278,-0.819759,0.));
#724 = VECTOR('',#725,1.);
#725 = DIRECTION('',(0.665573884847,-0.746331966225,0.));
#726 = ORIENTED_EDGE('',*,*,#727,.F.);
#727 = EDGE_CURVE('',#728,#720,#730,.T.);
#728 = VERTEX_POINT('',#729);
#729 = CARTESIAN_POINT('',(257.990294,-0.695797,0.));
#730 = LINE('',#731,#732);
#731 = CARTESIAN_POINT('',(257.990294,-0.695797,0.));
#732 = VECTOR('',#733,1.);
#733 = DIRECTION('',(0.715570181951,-0.698540846839,0.));
#734 = ORIENTED_EDGE('',*,*,#735,.F.);
#735 = EDGE_CURVE('',#736,#728,#738,.T.);
#736 = VERTEX_POINT('',#737);
#737 = CARTESIAN_POINT('',(257.851226,-0.578426,0.));
#738 = LINE('',#739,#740);
#739 = CARTESIAN_POINT('',(257.851226,-0.578426,0.));
#740 = VECTOR('',#741,1.);
#741 = DIRECTION('',(0.764203791791,-0.644974855799,0.));
#742 = ORIENTED_EDGE('',*,*,#743,.F.);
#743 = EDGE_CURVE('',#744,#736,#746,.T.);
#744 = VERTEX_POINT('',#745);
#745 = CARTESIAN_POINT('',(257.699523,-0.468746,0.));
#746 = LINE('',#747,#748);
#747 = CARTESIAN_POINT('',(257.699523,-0.468746,0.));
#748 = VECTOR('',#749,1.);
#749 = DIRECTION('',(0.81038317457,-0.585900256335,0.));
#750 = ORIENTED_EDGE('',*,*,#751,.F.);
#751 = EDGE_CURVE('',#752,#744,#754,.T.);
#752 = VERTEX_POINT('',#753);
#753 = CARTESIAN_POINT('',(257.534637,-0.367855,0.));
#754 = LINE('',#755,#756);
#755 = CARTESIAN_POINT('',(257.534637,-0.367855,0.));
#756 = VECTOR('',#757,1.);
#757 = DIRECTION('',(0.852988604995,-0.521929535234,0.));
#758 = ORIENTED_EDGE('',*,*,#759,.F.);
#759 = EDGE_CURVE('',#760,#752,#762,.T.);
#760 = VERTEX_POINT('',#761);
#761 = CARTESIAN_POINT('',(257.356017,-0.276851,0.));
#762 = LINE('',#763,#764);
#763 = CARTESIAN_POINT('',(257.356017,-0.276851,0.));
#764 = VECTOR('',#765,1.);
#765 = DIRECTION('',(0.8910215279,-0.453961052094,0.));
#766 = ORIENTED_EDGE('',*,*,#767,.F.);
#767 = EDGE_CURVE('',#768,#760,#770,.T.);
#768 = VERTEX_POINT('',#769);
#769 = CARTESIAN_POINT('',(257.163116,-0.196834,0.));
#770 = LINE('',#771,#772);
#771 = CARTESIAN_POINT('',(257.163116,-0.196834,0.));
#772 = VECTOR('',#773,1.);
#773 = DIRECTION('',(0.923685080181,-0.383152544885,0.));
#774 = ORIENTED_EDGE('',*,*,#775,.F.);
#775 = EDGE_CURVE('',#776,#768,#778,.T.);
#776 = VERTEX_POINT('',#777);
#777 = CARTESIAN_POINT('',(256.955382,-0.128902,0.));
#778 = LINE('',#779,#780);
#779 = CARTESIAN_POINT('',(256.955382,-0.128902,0.));
#780 = VECTOR('',#781,1.);
#781 = DIRECTION('',(0.950469697774,-0.310817235066,0.));
#782 = ORIENTED_EDGE('',*,*,#783,.F.);
#783 = EDGE_CURVE('',#120,#776,#784,.T.);
#784 = LINE('',#785,#786);
#785 = CARTESIAN_POINT('',(256.732268,-7.4154E-02,0.));
#786 = VECTOR('',#787,1.);
#787 = DIRECTION('',(0.971188759797,-0.238311545763,0.));
#788 = ORIENTED_EDGE('',*,*,#127,.F.);
#789 = FACE_BOUND('',#790,.F.);
#790 = EDGE_LOOP('',(#791));
#791 = ORIENTED_EDGE('',*,*,#792,.T.);
#792 = EDGE_CURVE('',#793,#793,#795,.T.);
#793 = VERTEX_POINT('',#794);
#794 = CARTESIAN_POINT('',(40.5,-80.4,0.));
#795 = CIRCLE('',#796,0.5);
#796 = AXIS2_PLACEMENT_3D('',#797,#798,#799);
#797 = CARTESIAN_POINT('',(40.5,-79.9,0.));
#798 = DIRECTION('',(-0.,0.,-1.));
#799 = DIRECTION('',(-0.,-1.,0.));
#800 = FACE_BOUND('',#801,.F.);
#801 = EDGE_LOOP('',(#802));
#802 = ORIENTED_EDGE('',*,*,#803,.T.);
#803 = EDGE_CURVE('',#804,#804,#806,.T.);
#804 = VERTEX_POINT('',#805);
#805 = CARTESIAN_POINT('',(37.998588,-79.958935,0.));
#806 = CIRCLE('',#807,0.5);
#807 = AXIS2_PLACEMENT_3D('',#808,#809,#810);
#808 = CARTESIAN_POINT('',(37.998588,-79.458935,0.));
#809 = DIRECTION('',(-0.,0.,-1.));
#810 = DIRECTION('',(-0.,-1.,0.));
#811 = FACE_BOUND('',#812,.F.);
#812 = EDGE_LOOP('',(#813));
#813 = ORIENTED_EDGE('',*,*,#814,.T.);
#814 = EDGE_CURVE('',#815,#815,#817,.T.);
#815 = VERTEX_POINT('',#816);
#816 = CARTESIAN_POINT('',(43.001413,-80.841067,0.));
#817 = CIRCLE('',#818,0.5);
#818 = AXIS2_PLACEMENT_3D('',#819,#820,#821);
#819 = CARTESIAN_POINT('',(43.001413,-80.341067,0.));
#820 = DIRECTION('',(-0.,0.,-1.));
#821 = DIRECTION('',(-0.,-1.,0.));
#822 = FACE_BOUND('',#823,.F.);
#823 = EDGE_LOOP('',(#824));
#824 = ORIENTED_EDGE('',*,*,#825,.T.);
#825 = EDGE_CURVE('',#826,#826,#828,.T.);
#826 = VERTEX_POINT('',#827);
#827 = CARTESIAN_POINT('',(32.995766,-79.076802,0.));
#828 = CIRCLE('',#829,0.5);
#829 = AXIS2_PLACEMENT_3D('',#830,#831,#832);
#830 = CARTESIAN_POINT('',(32.995766,-78.576802,0.));
#831 = DIRECTION('',(-0.,0.,-1.));
#832 = DIRECTION('',(-0.,-1.,0.));
#833 = FACE_BOUND('',#834,.F.);
#834 = EDGE_LOOP('',(#835));
#835 = ORIENTED_EDGE('',*,*,#836,.T.);
#836 = EDGE_CURVE('',#837,#837,#839,.T.);
#837 = VERTEX_POINT('',#838);
#838 = CARTESIAN_POINT('',(35.497173,-79.517864,0.));
#839 = CIRCLE('',#840,0.5);
#840 = AXIS2_PLACEMENT_3D('',#841,#842,#843);
#841 = CARTESIAN_POINT('',(35.497173,-79.017864,0.));
#842 = DIRECTION('',(-0.,0.,-1.));
#843 = DIRECTION('',(-0.,-1.,0.));
#844 = FACE_BOUND('',#845,.F.);
#845 = EDGE_LOOP('',(#846,#857,#865,#874));
#846 = ORIENTED_EDGE('',*,*,#847,.T.);
#847 = EDGE_CURVE('',#848,#850,#852,.T.);
#848 = VERTEX_POINT('',#849);
#849 = CARTESIAN_POINT('',(1.199857,-65.230001,0.));
#850 = VERTEX_POINT('',#851);
#851 = CARTESIAN_POINT('',(1.199857,-64.430003,0.));
#852 = CIRCLE('',#853,0.399999);
#853 = AXIS2_PLACEMENT_3D('',#854,#855,#856);
#854 = CARTESIAN_POINT('',(1.199857,-64.830002,0.));
#855 = DIRECTION('',(-0.,0.,-1.));
#856 = DIRECTION('',(-1.165737090199E-14,1.,0.));
#857 = ORIENTED_EDGE('',*,*,#858,.T.);
#858 = EDGE_CURVE('',#850,#859,#861,.T.);
#859 = VERTEX_POINT('',#860);
#860 = CARTESIAN_POINT('',(1.799857,-64.430003,0.));
#861 = LINE('',#862,#863);
#862 = CARTESIAN_POINT('',(0.8999285,-64.430003,0.));
#863 = VECTOR('',#864,1.);
#864 = DIRECTION('',(1.,0.,-0.));
#865 = ORIENTED_EDGE('',*,*,#866,.T.);
#866 = EDGE_CURVE('',#859,#867,#869,.T.);
#867 = VERTEX_POINT('',#868);
#868 = CARTESIAN_POINT('',(1.799857,-65.230001,0.));
#869 = CIRCLE('',#870,0.399999);
#870 = AXIS2_PLACEMENT_3D('',#871,#872,#873);
#871 = CARTESIAN_POINT('',(1.799857,-64.830002,0.));
#872 = DIRECTION('',(-0.,0.,-1.));
#873 = DIRECTION('',(1.221248380209E-14,-1.,-0.));
#874 = ORIENTED_EDGE('',*,*,#875,.T.);
#875 = EDGE_CURVE('',#867,#848,#876,.T.);
#876 = LINE('',#877,#878);
#877 = CARTESIAN_POINT('',(0.5999285,-65.230001,0.));
#878 = VECTOR('',#879,1.);
#879 = DIRECTION('',(-1.,0.,0.));
#880 = FACE_BOUND('',#881,.F.);
#881 = EDGE_LOOP('',(#882,#893,#901,#910));
#882 = ORIENTED_EDGE('',*,*,#883,.T.);
#883 = EDGE_CURVE('',#884,#886,#888,.T.);
#884 = VERTEX_POINT('',#885);
#885 = CARTESIAN_POINT('',(5.279869,-65.230001,0.));
#886 = VERTEX_POINT('',#887);
#887 = CARTESIAN_POINT('',(5.279869,-64.430003,0.));
#888 = CIRCLE('',#889,0.399999);
#889 = AXIS2_PLACEMENT_3D('',#890,#891,#892);
#890 = CARTESIAN_POINT('',(5.279869,-64.830002,0.));
#891 = DIRECTION('',(-0.,0.,-1.));
#892 = DIRECTION('',(-1.332270960228E-14,1.,0.));
#893 = ORIENTED_EDGE('',*,*,#894,.T.);
#894 = EDGE_CURVE('',#886,#895,#897,.T.);
#895 = VERTEX_POINT('',#896);
#896 = CARTESIAN_POINT('',(6.079843,-64.430003,0.));
#897 = LINE('',#898,#899);
#898 = CARTESIAN_POINT('',(3.0399215,-64.430003,0.));
#899 = VECTOR('',#900,1.);
#900 = DIRECTION('',(1.,0.,-0.));
#901 = ORIENTED_EDGE('',*,*,#902,.T.);
#902 = EDGE_CURVE('',#895,#903,#905,.T.);
#903 = VERTEX_POINT('',#904);
#904 = CARTESIAN_POINT('',(6.079843,-65.230001,0.));
#905 = CIRCLE('',#906,0.399999);
#906 = AXIS2_PLACEMENT_3D('',#907,#908,#909);
#907 = CARTESIAN_POINT('',(6.079843,-64.830002,0.));
#908 = DIRECTION('',(-0.,0.,-1.));
#909 = DIRECTION('',(1.332270960228E-14,-1.,-0.));
#910 = ORIENTED_EDGE('',*,*,#911,.T.);
#911 = EDGE_CURVE('',#903,#884,#912,.T.);
#912 = LINE('',#913,#914);
#913 = CARTESIAN_POINT('',(2.6399345,-65.230001,0.));
#914 = VECTOR('',#915,1.);
#915 = DIRECTION('',(-1.,0.,0.));
#916 = FACE_BOUND('',#917,.F.);
#917 = EDGE_LOOP('',(#918));
#918 = ORIENTED_EDGE('',*,*,#919,.T.);
#919 = EDGE_CURVE('',#920,#920,#922,.T.);
#920 = VERTEX_POINT('',#921);
#921 = CARTESIAN_POINT('',(5.179856,-63.774998,0.));
#922 = CIRCLE('',#923,0.375);
#923 = AXIS2_PLACEMENT_3D('',#924,#925,#926);
#924 = CARTESIAN_POINT('',(5.179856,-63.399998,0.));
#925 = DIRECTION('',(-0.,0.,-1.));
#926 = DIRECTION('',(-0.,-1.,0.));
#927 = FACE_BOUND('',#928,.F.);
#928 = EDGE_LOOP('',(#929));
#929 = ORIENTED_EDGE('',*,*,#930,.T.);
#930 = EDGE_CURVE('',#931,#931,#933,.T.);
#931 = VERTEX_POINT('',#932);
#932 = CARTESIAN_POINT('',(92.342123,-77.742867,0.));
#933 = CIRCLE('',#934,0.875);
#934 = AXIS2_PLACEMENT_3D('',#935,#936,#937);
#935 = CARTESIAN_POINT('',(92.342123,-76.867867,0.));
#936 = DIRECTION('',(-0.,0.,-1.));
#937 = DIRECTION('',(-0.,-1.,0.));
#938 = FACE_BOUND('',#939,.F.);
#939 = EDGE_LOOP('',(#940));
#940 = ORIENTED_EDGE('',*,*,#941,.T.);
#941 = EDGE_CURVE('',#942,#942,#944,.T.);
#942 = VERTEX_POINT('',#943);
#943 = CARTESIAN_POINT('',(79.436287,-76.528826,0.));
#944 = CIRCLE('',#945,2.);
#945 = AXIS2_PLACEMENT_3D('',#946,#947,#948);
#946 = CARTESIAN_POINT('',(79.436287,-74.528826,0.));
#947 = DIRECTION('',(-0.,0.,-1.));
#948 = DIRECTION('',(-0.,-1.,0.));
#949 = FACE_BOUND('',#950,.F.);
#950 = EDGE_LOOP('',(#951));
#951 = ORIENTED_EDGE('',*,*,#952,.T.);
#952 = EDGE_CURVE('',#953,#953,#955,.T.);
#953 = VERTEX_POINT('',#954);
#954 = CARTESIAN_POINT('',(74.433464,-74.521693,0.));
#955 = CIRCLE('',#956,0.875);
#956 = AXIS2_PLACEMENT_3D('',#957,#958,#959);
#957 = CARTESIAN_POINT('',(74.433464,-73.646693,0.));
#958 = DIRECTION('',(-0.,0.,-1.));
#959 = DIRECTION('',(-0.,-1.,0.));
#960 = FACE_BOUND('',#961,.F.);
#961 = EDGE_LOOP('',(#962));
#962 = ORIENTED_EDGE('',*,*,#963,.T.);
#963 = EDGE_CURVE('',#964,#964,#966,.T.);
#964 = VERTEX_POINT('',#965);
#965 = CARTESIAN_POINT('',(84.43911,-76.285959,0.));
#966 = CIRCLE('',#967,0.875);
#967 = AXIS2_PLACEMENT_3D('',#968,#969,#970);
#968 = CARTESIAN_POINT('',(84.43911,-75.410959,0.));
#969 = DIRECTION('',(-0.,0.,-1.));
#970 = DIRECTION('',(-0.,-1.,0.));
#971 = FACE_BOUND('',#972,.F.);
#972 = EDGE_LOOP('',(#973));
#973 = ORIENTED_EDGE('',*,*,#974,.T.);
#974 = EDGE_CURVE('',#975,#975,#977,.T.);
#975 = VERTEX_POINT('',#976);
#976 = CARTESIAN_POINT('',(94.033895,-75.336989,0.));
#977 = CIRCLE('',#978,0.75);
#978 = AXIS2_PLACEMENT_3D('',#979,#980,#981);
#979 = CARTESIAN_POINT('',(94.033895,-74.586989,0.));
#980 = DIRECTION('',(-0.,0.,-1.));
#981 = DIRECTION('',(-0.,-1.,0.));
#982 = FACE_BOUND('',#983,.F.);
#983 = EDGE_LOOP('',(#984));
#984 = ORIENTED_EDGE('',*,*,#985,.T.);
#985 = EDGE_CURVE('',#986,#986,#988,.T.);
#986 = VERTEX_POINT('',#987);
#987 = CARTESIAN_POINT('',(102.347769,-79.507133,0.));
#988 = CIRCLE('',#989,0.875);
#989 = AXIS2_PLACEMENT_3D('',#990,#991,#992);
#990 = CARTESIAN_POINT('',(102.347769,-78.632133,0.));
#991 = DIRECTION('',(-0.,0.,-1.));
#992 = DIRECTION('',(-0.,-1.,0.));
#993 = FACE_BOUND('',#994,.F.);
#994 = EDGE_LOOP('',(#995));
#995 = ORIENTED_EDGE('',*,*,#996,.T.);
#996 = EDGE_CURVE('',#997,#997,#999,.T.);
#997 = VERTEX_POINT('',#998);
#998 = CARTESIAN_POINT('',(97.344946,-79.75,0.));
#999 = CIRCLE('',#1000,2.);
#1000 = AXIS2_PLACEMENT_3D('',#1001,#1002,#1003);
#1001 = CARTESIAN_POINT('',(97.344946,-77.75,0.));
#1002 = DIRECTION('',(-0.,0.,-1.));
#1003 = DIRECTION('',(-0.,-1.,0.));
#1004 = FACE_BOUND('',#1005,.F.);
#1005 = EDGE_LOOP('',(#1006));
#1006 = ORIENTED_EDGE('',*,*,#1007,.T.);
#1007 = EDGE_CURVE('',#1008,#1008,#1010,.T.);
#1008 = VERTEX_POINT('',#1009);
#1009 = CARTESIAN_POINT('',(124.02,-80.375,0.));
#1010 = CIRCLE('',#1011,0.875);
#1011 = AXIS2_PLACEMENT_3D('',#1012,#1013,#1014);
#1012 = CARTESIAN_POINT('',(124.02,-79.5,0.));
#1013 = DIRECTION('',(-0.,0.,-1.));
#1014 = DIRECTION('',(-0.,-1.,0.));
#1015 = FACE_BOUND('',#1016,.F.);
#1016 = EDGE_LOOP('',(#1017));
#1017 = ORIENTED_EDGE('',*,*,#1018,.T.);
#1018 = EDGE_CURVE('',#1019,#1019,#1021,.T.);
#1019 = VERTEX_POINT('',#1020);
#1020 = CARTESIAN_POINT('',(125.29,-77.71,0.));
#1021 = CIRCLE('',#1022,0.75);
#1022 = AXIS2_PLACEMENT_3D('',#1023,#1024,#1025);
#1023 = CARTESIAN_POINT('',(125.29,-76.96,0.));
#1024 = DIRECTION('',(-0.,0.,-1.));
#1025 = DIRECTION('',(-0.,-1.,0.));
#1026 = FACE_BOUND('',#1027,.F.);
#1027 = EDGE_LOOP('',(#1028));
#1028 = ORIENTED_EDGE('',*,*,#1029,.T.);
#1029 = EDGE_CURVE('',#1030,#1030,#1032,.T.);
#1030 = VERTEX_POINT('',#1031);
#1031 = CARTESIAN_POINT('',(100.72849,-73.938243,0.));
#1032 = CIRCLE('',#1033,0.75);
#1033 = AXIS2_PLACEMENT_3D('',#1034,#1035,#1036);
#1034 = CARTESIAN_POINT('',(100.72849,-73.188243,0.));
#1035 = DIRECTION('',(-0.,0.,-1.));
#1036 = DIRECTION('',(-0.,-1.,0.));
#1037 = FACE_BOUND('',#1038,.F.);
#1038 = EDGE_LOOP('',(#1039));
#1039 = ORIENTED_EDGE('',*,*,#1040,.T.);
#1040 = EDGE_CURVE('',#1041,#1041,#1043,.T.);
#1041 = VERTEX_POINT('',#1042);
#1042 = CARTESIAN_POINT('',(76.125236,-72.115815,0.));
#1043 = CIRCLE('',#1044,0.75);
#1044 = AXIS2_PLACEMENT_3D('',#1045,#1046,#1047);
#1045 = CARTESIAN_POINT('',(76.125236,-71.365815,0.));
#1046 = DIRECTION('',(-0.,0.,-1.));
#1047 = DIRECTION('',(-0.,-1.,0.));
#1048 = FACE_BOUND('',#1049,.F.);
#1049 = EDGE_LOOP('',(#1050));
#1050 = ORIENTED_EDGE('',*,*,#1051,.T.);
#1051 = EDGE_CURVE('',#1052,#1052,#1054,.T.);
#1052 = VERTEX_POINT('',#1053);
#1053 = CARTESIAN_POINT('',(82.819831,-70.717069,0.));
#1054 = CIRCLE('',#1055,0.75);
#1055 = AXIS2_PLACEMENT_3D('',#1056,#1057,#1058);
#1056 = CARTESIAN_POINT('',(82.819831,-69.967069,0.));
#1057 = DIRECTION('',(-0.,0.,-1.));
#1058 = DIRECTION('',(-0.,-1.,0.));
#1059 = FACE_BOUND('',#1060,.F.);
#1060 = EDGE_LOOP('',(#1061));
#1061 = ORIENTED_EDGE('',*,*,#1062,.T.);
#1062 = EDGE_CURVE('',#1063,#1063,#1065,.T.);
#1063 = VERTEX_POINT('',#1064);
#1064 = CARTESIAN_POINT('',(5.179859,-57.975,0.));
#1065 = CIRCLE('',#1066,0.375);
#1066 = AXIS2_PLACEMENT_3D('',#1067,#1068,#1069);
#1067 = CARTESIAN_POINT('',(5.179859,-57.6,0.));
#1068 = DIRECTION('',(-0.,0.,-1.));
#1069 = DIRECTION('',(-0.,-1.,0.));
#1070 = FACE_BOUND('',#1071,.F.);
#1071 = EDGE_LOOP('',(#1072,#1083,#1091,#1100));
#1072 = ORIENTED_EDGE('',*,*,#1073,.T.);
#1073 = EDGE_CURVE('',#1074,#1076,#1078,.T.);
#1074 = VERTEX_POINT('',#1075);
#1075 = CARTESIAN_POINT('',(1.199862,-56.569996,0.));
#1076 = VERTEX_POINT('',#1077);
#1077 = CARTESIAN_POINT('',(1.199862,-55.769998,0.));
#1078 = CIRCLE('',#1079,0.399999);
#1079 = AXIS2_PLACEMENT_3D('',#1080,#1081,#1082);
#1080 = CARTESIAN_POINT('',(1.199862,-56.169997,0.));
#1081 = DIRECTION('',(0.,-0.,-1.));
#1082 = DIRECTION('',(6.106241901043E-15,1.,-0.));
#1083 = ORIENTED_EDGE('',*,*,#1084,.T.);
#1084 = EDGE_CURVE('',#1076,#1085,#1087,.T.);
#1085 = VERTEX_POINT('',#1086);
#1086 = CARTESIAN_POINT('',(1.799862,-55.769998,0.));
#1087 = LINE('',#1088,#1089);
#1088 = CARTESIAN_POINT('',(0.899931,-55.769998,0.));
#1089 = VECTOR('',#1090,1.);
#1090 = DIRECTION('',(1.,0.,-0.));
#1091 = ORIENTED_EDGE('',*,*,#1092,.T.);
#1092 = EDGE_CURVE('',#1085,#1093,#1095,.T.);
#1093 = VERTEX_POINT('',#1094);
#1094 = CARTESIAN_POINT('',(1.799862,-56.569996,0.));
#1095 = CIRCLE('',#1096,0.399999);
#1096 = AXIS2_PLACEMENT_3D('',#1097,#1098,#1099);
#1097 = CARTESIAN_POINT('',(1.799862,-56.169997,0.));
#1098 = DIRECTION('',(-0.,0.,-1.));
#1099 = DIRECTION('',(-5.551129000948E-15,-1.,0.));
#1100 = ORIENTED_EDGE('',*,*,#1101,.T.);
#1101 = EDGE_CURVE('',#1093,#1074,#1102,.T.);
#1102 = LINE('',#1103,#1104);
#1103 = CARTESIAN_POINT('',(0.599931,-56.569996,0.));
#1104 = VECTOR('',#1105,1.);
#1105 = DIRECTION('',(-1.,0.,0.));
#1106 = FACE_BOUND('',#1107,.F.);
#1107 = EDGE_LOOP('',(#1108,#1119,#1127,#1136));
#1108 = ORIENTED_EDGE('',*,*,#1109,.T.);
#1109 = EDGE_CURVE('',#1110,#1112,#1114,.T.);
#1110 = VERTEX_POINT('',#1111);
#1111 = CARTESIAN_POINT('',(5.279843,-56.570002,0.));
#1112 = VERTEX_POINT('',#1113);
#1113 = CARTESIAN_POINT('',(5.279843,-55.770004,0.));
#1114 = CIRCLE('',#1115,0.399999);
#1115 = AXIS2_PLACEMENT_3D('',#1116,#1117,#1118);
#1116 = CARTESIAN_POINT('',(5.279843,-56.170003,0.));
#1117 = DIRECTION('',(0.,-0.,-1.));
#1118 = DIRECTION('',(4.440903200759E-15,1.,-0.));
#1119 = ORIENTED_EDGE('',*,*,#1120,.T.);
#1120 = EDGE_CURVE('',#1112,#1121,#1123,.T.);
#1121 = VERTEX_POINT('',#1122);
#1122 = CARTESIAN_POINT('',(6.079867,-55.770004,0.));
#1123 = LINE('',#1124,#1125);
#1124 = CARTESIAN_POINT('',(3.0399335,-55.770004,0.));
#1125 = VECTOR('',#1126,1.);
#1126 = DIRECTION('',(1.,0.,-0.));
#1127 = ORIENTED_EDGE('',*,*,#1128,.T.);
#1128 = EDGE_CURVE('',#1121,#1129,#1131,.T.);
#1129 = VERTEX_POINT('',#1130);
#1130 = CARTESIAN_POINT('',(6.079867,-56.570002,0.));
#1131 = CIRCLE('',#1132,0.399999);
#1132 = AXIS2_PLACEMENT_3D('',#1133,#1134,#1135);
#1133 = CARTESIAN_POINT('',(6.079867,-56.170003,0.));
#1134 = DIRECTION('',(-0.,0.,-1.));
#1135 = DIRECTION('',(-8.881806401517E-15,-1.,0.));
#1136 = ORIENTED_EDGE('',*,*,#1137,.T.);
#1137 = EDGE_CURVE('',#1129,#1110,#1138,.T.);
#1138 = LINE('',#1139,#1140);
#1139 = CARTESIAN_POINT('',(2.6399215,-56.570002,0.));
#1140 = VECTOR('',#1141,1.);
#1141 = DIRECTION('',(-1.,0.,0.));
#1142 = FACE_BOUND('',#1143,.F.);
#1143 = EDGE_LOOP('',(#1144));
#1144 = ORIENTED_EDGE('',*,*,#1145,.T.);
#1145 = EDGE_CURVE('',#1146,#1146,#1148,.T.);
#1146 = VERTEX_POINT('',#1147);
#1147 = CARTESIAN_POINT('',(3.100001,-50.44,0.));
#1148 = CIRCLE('',#1149,0.599999);
#1149 = AXIS2_PLACEMENT_3D('',#1150,#1151,#1152);
#1150 = CARTESIAN_POINT('',(3.100001,-49.840001,0.));
#1151 = DIRECTION('',(-0.,0.,-1.));
#1152 = DIRECTION('',(-0.,-1.,0.));
#1153 = FACE_BOUND('',#1154,.F.);
#1154 = EDGE_LOOP('',(#1155));
#1155 = ORIENTED_EDGE('',*,*,#1156,.T.);
#1156 = EDGE_CURVE('',#1157,#1157,#1159,.T.);
#1157 = VERTEX_POINT('',#1158);
#1158 = CARTESIAN_POINT('',(23.576895,-48.691078,0.));
#1159 = CIRCLE('',#1160,0.875);
#1160 = AXIS2_PLACEMENT_3D('',#1161,#1162,#1163);
#1161 = CARTESIAN_POINT('',(23.576895,-47.816078,0.));
#1162 = DIRECTION('',(-0.,0.,-1.));
#1163 = DIRECTION('',(-0.,-1.,0.));
#1164 = FACE_BOUND('',#1165,.F.);
#1165 = EDGE_LOOP('',(#1166));
#1166 = ORIENTED_EDGE('',*,*,#1167,.T.);
#1167 = EDGE_CURVE('',#1168,#1168,#1170,.T.);
#1168 = VERTEX_POINT('',#1169);
#1169 = CARTESIAN_POINT('',(13.571249,-46.926812,0.));
#1170 = CIRCLE('',#1171,0.875);
#1171 = AXIS2_PLACEMENT_3D('',#1172,#1173,#1174);
#1172 = CARTESIAN_POINT('',(13.571249,-46.051812,0.));
#1173 = DIRECTION('',(-0.,0.,-1.));
#1174 = DIRECTION('',(-0.,-1.,0.));
#1175 = FACE_BOUND('',#1176,.F.);
#1176 = EDGE_LOOP('',(#1177));
#1177 = ORIENTED_EDGE('',*,*,#1178,.T.);
#1178 = EDGE_CURVE('',#1179,#1179,#1181,.T.);
#1179 = VERTEX_POINT('',#1180);
#1180 = CARTESIAN_POINT('',(3.100001,-45.359998,0.));
#1181 = CIRCLE('',#1182,0.599999);
#1182 = AXIS2_PLACEMENT_3D('',#1183,#1184,#1185);
#1183 = CARTESIAN_POINT('',(3.100001,-44.759999,0.));
#1184 = DIRECTION('',(-0.,0.,-1.));
#1185 = DIRECTION('',(-0.,-1.,0.));
#1186 = FACE_BOUND('',#1187,.F.);
#1187 = EDGE_LOOP('',(#1188));
#1188 = ORIENTED_EDGE('',*,*,#1189,.T.);
#1189 = EDGE_CURVE('',#1190,#1190,#1192,.T.);
#1190 = VERTEX_POINT('',#1191);
#1191 = CARTESIAN_POINT('',(15.263021,-44.520934,0.));
#1192 = CIRCLE('',#1193,0.75);
#1193 = AXIS2_PLACEMENT_3D('',#1194,#1195,#1196);
#1194 = CARTESIAN_POINT('',(15.263021,-43.770934,0.));
#1195 = DIRECTION('',(-0.,0.,-1.));
#1196 = DIRECTION('',(2.368475785867E-15,-1.,-0.));
#1197 = FACE_BOUND('',#1198,.F.);
#1198 = EDGE_LOOP('',(#1199));
#1199 = ORIENTED_EDGE('',*,*,#1200,.T.);
#1200 = EDGE_CURVE('',#1201,#1201,#1203,.T.);
#1201 = VERTEX_POINT('',#1202);
#1202 = CARTESIAN_POINT('',(18.574072,-48.933945,0.));
#1203 = CIRCLE('',#1204,2.);
#1204 = AXIS2_PLACEMENT_3D('',#1205,#1206,#1207);
#1205 = CARTESIAN_POINT('',(18.574072,-46.933945,0.));
#1206 = DIRECTION('',(-0.,0.,-1.));
#1207 = DIRECTION('',(-0.,-1.,0.));
#1208 = FACE_BOUND('',#1209,.F.);
#1209 = EDGE_LOOP('',(#1210));
#1210 = ORIENTED_EDGE('',*,*,#1211,.T.);
#1211 = EDGE_CURVE('',#1212,#1212,#1214,.T.);
#1212 = VERTEX_POINT('',#1213);
#1213 = CARTESIAN_POINT('',(32.536549,-46.171051,0.));
#1214 = CIRCLE('',#1215,0.875);
#1215 = AXIS2_PLACEMENT_3D('',#1216,#1217,#1218);
#1216 = CARTESIAN_POINT('',(32.536549,-45.296051,0.));
#1217 = DIRECTION('',(-0.,0.,-1.));
#1218 = DIRECTION('',(-0.,-1.,0.));
#1219 = FACE_BOUND('',#1220,.F.);
#1220 = EDGE_LOOP('',(#1221));
#1221 = ORIENTED_EDGE('',*,*,#1222,.T.);
#1222 = EDGE_CURVE('',#1223,#1223,#1225,.T.);
#1223 = VERTEX_POINT('',#1224);
#1224 = CARTESIAN_POINT('',(37.539372,-48.178184,0.));
#1225 = CIRCLE('',#1226,2.);
#1226 = AXIS2_PLACEMENT_3D('',#1227,#1228,#1229);
#1227 = CARTESIAN_POINT('',(37.539372,-46.178184,0.));
#1228 = DIRECTION('',(-0.,0.,-1.));
#1229 = DIRECTION('',(-0.,-1.,0.));
#1230 = FACE_BOUND('',#1231,.F.);
#1231 = EDGE_LOOP('',(#1232));
#1232 = ORIENTED_EDGE('',*,*,#1233,.T.);
#1233 = EDGE_CURVE('',#1234,#1234,#1236,.T.);
#1234 = VERTEX_POINT('',#1235);
#1235 = CARTESIAN_POINT('',(42.542195,-47.935317,0.));
#1236 = CIRCLE('',#1237,0.875);
#1237 = AXIS2_PLACEMENT_3D('',#1238,#1239,#1240);
#1238 = CARTESIAN_POINT('',(42.542195,-47.060317,0.));
#1239 = DIRECTION('',(-0.,0.,-1.));
#1240 = DIRECTION('',(-0.,-1.,0.));
#1241 = FACE_BOUND('',#1242,.F.);
#1242 = EDGE_LOOP('',(#1243));
#1243 = ORIENTED_EDGE('',*,*,#1244,.T.);
#1244 = EDGE_CURVE('',#1245,#1245,#1247,.T.);
#1245 = VERTEX_POINT('',#1246);
#1246 = CARTESIAN_POINT('',(34.228321,-43.765173,0.));
#1247 = CIRCLE('',#1248,0.75);
#1248 = AXIS2_PLACEMENT_3D('',#1249,#1250,#1251);
#1249 = CARTESIAN_POINT('',(34.228321,-43.015173,0.));
#1250 = DIRECTION('',(-0.,0.,-1.));
#1251 = DIRECTION('',(-0.,-1.,0.));
#1252 = FACE_BOUND('',#1253,.F.);
#1253 = EDGE_LOOP('',(#1254));
#1254 = ORIENTED_EDGE('',*,*,#1255,.T.);
#1255 = EDGE_CURVE('',#1256,#1256,#1258,.T.);
#1256 = VERTEX_POINT('',#1257);
#1257 = CARTESIAN_POINT('',(56.363109,-47.384838,0.));
#1258 = CIRCLE('',#1259,2.);
#1259 = AXIS2_PLACEMENT_3D('',#1260,#1261,#1262);
#1260 = CARTESIAN_POINT('',(56.363109,-45.384838,0.));
#1261 = DIRECTION('',(-0.,0.,-1.));
#1262 = DIRECTION('',(-0.,-1.,0.));
#1263 = FACE_BOUND('',#1264,.F.);
#1264 = EDGE_LOOP('',(#1265));
#1265 = ORIENTED_EDGE('',*,*,#1266,.T.);
#1266 = EDGE_CURVE('',#1267,#1267,#1269,.T.);
#1267 = VERTEX_POINT('',#1268);
#1268 = CARTESIAN_POINT('',(61.365932,-47.141971,0.));
#1269 = CIRCLE('',#1270,0.875);
#1270 = AXIS2_PLACEMENT_3D('',#1271,#1272,#1273);
#1271 = CARTESIAN_POINT('',(61.365932,-46.266971,0.));
#1272 = DIRECTION('',(-0.,0.,-1.));
#1273 = DIRECTION('',(-0.,-1.,0.));
#1274 = FACE_BOUND('',#1275,.F.);
#1275 = EDGE_LOOP('',(#1276));
#1276 = ORIENTED_EDGE('',*,*,#1277,.T.);
#1277 = EDGE_CURVE('',#1278,#1278,#1280,.T.);
#1278 = VERTEX_POINT('',#1279);
#1279 = CARTESIAN_POINT('',(51.360286,-45.377705,0.));
#1280 = CIRCLE('',#1281,0.875);
#1281 = AXIS2_PLACEMENT_3D('',#1282,#1283,#1284);
#1282 = CARTESIAN_POINT('',(51.360286,-44.502705,0.));
#1283 = DIRECTION('',(-0.,0.,-1.));
#1284 = DIRECTION('',(-0.,-1.,0.));
#1285 = FACE_BOUND('',#1286,.F.);
#1286 = EDGE_LOOP('',(#1287));
#1287 = ORIENTED_EDGE('',*,*,#1288,.T.);
#1288 = EDGE_CURVE('',#1289,#1289,#1291,.T.);
#1289 = VERTEX_POINT('',#1290);
#1290 = CARTESIAN_POINT('',(111.078795,-61.031003,0.));
#1291 = CIRCLE('',#1292,2.);
#1292 = AXIS2_PLACEMENT_3D('',#1293,#1294,#1295);
#1293 = CARTESIAN_POINT('',(111.078795,-59.031003,0.));
#1294 = DIRECTION('',(-0.,0.,-1.));
#1295 = DIRECTION('',(-0.,-1.,0.));
#1296 = FACE_BOUND('',#1297,.F.);
#1297 = EDGE_LOOP('',(#1298));
#1298 = ORIENTED_EDGE('',*,*,#1299,.T.);
#1299 = EDGE_CURVE('',#1300,#1300,#1302,.T.);
#1300 = VERTEX_POINT('',#1301);
#1301 = CARTESIAN_POINT('',(106.075972,-59.02387,0.));
#1302 = CIRCLE('',#1303,0.875);
#1303 = AXIS2_PLACEMENT_3D('',#1304,#1305,#1306);
#1304 = CARTESIAN_POINT('',(106.075972,-58.14887,0.));
#1305 = DIRECTION('',(-0.,0.,-1.));
#1306 = DIRECTION('',(-0.,-1.,0.));
#1307 = FACE_BOUND('',#1308,.F.);
#1308 = EDGE_LOOP('',(#1309));
#1309 = ORIENTED_EDGE('',*,*,#1310,.T.);
#1310 = EDGE_CURVE('',#1311,#1311,#1313,.T.);
#1311 = VERTEX_POINT('',#1312);
#1312 = CARTESIAN_POINT('',(116.081618,-60.788136,0.));
#1313 = CIRCLE('',#1314,0.875);
#1314 = AXIS2_PLACEMENT_3D('',#1315,#1316,#1317);
#1315 = CARTESIAN_POINT('',(116.081618,-59.913136,0.));
#1316 = DIRECTION('',(-0.,0.,-1.));
#1317 = DIRECTION('',(-0.,-1.,0.));
#1318 = FACE_BOUND('',#1319,.F.);
#1319 = EDGE_LOOP('',(#1320));
#1320 = ORIENTED_EDGE('',*,*,#1321,.T.);
#1321 = EDGE_CURVE('',#1322,#1322,#1324,.T.);
#1322 = VERTEX_POINT('',#1323);
#1323 = CARTESIAN_POINT('',(107.767744,-56.617992,0.));
#1324 = CIRCLE('',#1325,0.75);
#1325 = AXIS2_PLACEMENT_3D('',#1326,#1327,#1328);
#1326 = CARTESIAN_POINT('',(107.767744,-55.867992,0.));
#1327 = DIRECTION('',(-0.,0.,-1.));
#1328 = DIRECTION('',(-0.,-1.,0.));
#1329 = FACE_BOUND('',#1330,.F.);
#1330 = EDGE_LOOP('',(#1331));
#1331 = ORIENTED_EDGE('',*,*,#1332,.T.);
#1332 = EDGE_CURVE('',#1333,#1333,#1335,.T.);
#1333 = VERTEX_POINT('',#1334);
#1334 = CARTESIAN_POINT('',(98.450104,-53.668289,0.));
#1335 = CIRCLE('',#1336,0.875);
#1336 = AXIS2_PLACEMENT_3D('',#1337,#1338,#1339);
#1337 = CARTESIAN_POINT('',(98.450104,-52.793289,0.));
#1338 = DIRECTION('',(-0.,0.,-1.));
#1339 = DIRECTION('',(-0.,-1.,0.));
#1340 = FACE_BOUND('',#1341,.F.);
#1341 = EDGE_LOOP('',(#1342));
#1342 = ORIENTED_EDGE('',*,*,#1343,.T.);
#1343 = EDGE_CURVE('',#1344,#1344,#1346,.T.);
#1344 = VERTEX_POINT('',#1345);
#1345 = CARTESIAN_POINT('',(114.462339,-55.219246,0.));
#1346 = CIRCLE('',#1347,0.75);
#1347 = AXIS2_PLACEMENT_3D('',#1348,#1349,#1350);
#1348 = CARTESIAN_POINT('',(114.462339,-54.469246,0.));
#1349 = DIRECTION('',(-0.,0.,-1.));
#1350 = DIRECTION('',(-0.,-1.,0.));
#1351 = FACE_BOUND('',#1352,.F.);
#1352 = EDGE_LOOP('',(#1353));
#1353 = ORIENTED_EDGE('',*,*,#1354,.T.);
#1354 = EDGE_CURVE('',#1355,#1355,#1357,.T.);
#1355 = VERTEX_POINT('',#1356);
#1356 = CARTESIAN_POINT('',(88.444458,-51.904023,0.));
#1357 = CIRCLE('',#1358,0.875);
#1358 = AXIS2_PLACEMENT_3D('',#1359,#1360,#1361);
#1359 = CARTESIAN_POINT('',(88.444458,-51.029023,0.));
#1360 = DIRECTION('',(-0.,0.,-1.));
#1361 = DIRECTION('',(-0.,-1.,0.));
#1362 = FACE_BOUND('',#1363,.F.);
#1363 = EDGE_LOOP('',(#1364));
#1364 = ORIENTED_EDGE('',*,*,#1365,.T.);
#1365 = EDGE_CURVE('',#1366,#1366,#1368,.T.);
#1366 = VERTEX_POINT('',#1367);
#1367 = CARTESIAN_POINT('',(93.447281,-53.911156,0.));
#1368 = CIRCLE('',#1369,2.);
#1369 = AXIS2_PLACEMENT_3D('',#1370,#1371,#1372);
#1370 = CARTESIAN_POINT('',(93.447281,-51.911156,0.));
#1371 = DIRECTION('',(-0.,0.,-1.));
#1372 = DIRECTION('',(-0.,-1.,0.));
#1373 = FACE_BOUND('',#1374,.F.);
#1374 = EDGE_LOOP('',(#1375));
#1375 = ORIENTED_EDGE('',*,*,#1376,.T.);
#1376 = EDGE_CURVE('',#1377,#1377,#1379,.T.);
#1377 = VERTEX_POINT('',#1378);
#1378 = CARTESIAN_POINT('',(90.13623,-49.498145,0.));
#1379 = CIRCLE('',#1380,0.75);
#1380 = AXIS2_PLACEMENT_3D('',#1381,#1382,#1383);
#1381 = CARTESIAN_POINT('',(90.13623,-48.748145,0.));
#1382 = DIRECTION('',(-0.,0.,-1.));
#1383 = DIRECTION('',(-0.,-1.,0.));
#1384 = FACE_BOUND('',#1385,.F.);
#1385 = EDGE_LOOP('',(#1386));
#1386 = ORIENTED_EDGE('',*,*,#1387,.T.);
#1387 = EDGE_CURVE('',#1388,#1388,#1390,.T.);
#1388 = VERTEX_POINT('',#1389);
#1389 = CARTESIAN_POINT('',(80.493794,-46.35148,0.));
#1390 = CIRCLE('',#1391,0.875);
#1391 = AXIS2_PLACEMENT_3D('',#1392,#1393,#1394);
#1392 = CARTESIAN_POINT('',(80.493794,-45.47648,0.));
#1393 = DIRECTION('',(-0.,0.,-1.));
#1394 = DIRECTION('',(-0.,-1.,0.));
#1395 = FACE_BOUND('',#1396,.F.);
#1396 = EDGE_LOOP('',(#1397));
#1397 = ORIENTED_EDGE('',*,*,#1398,.T.);
#1398 = EDGE_CURVE('',#1399,#1399,#1401,.T.);
#1399 = VERTEX_POINT('',#1400);
#1400 = CARTESIAN_POINT('',(70.488148,-44.587214,0.));
#1401 = CIRCLE('',#1402,0.875);
#1402 = AXIS2_PLACEMENT_3D('',#1403,#1404,#1405);
#1403 = CARTESIAN_POINT('',(70.488148,-43.712214,0.));
#1404 = DIRECTION('',(-0.,0.,-1.));
#1405 = DIRECTION('',(-0.,-1.,0.));
#1406 = FACE_BOUND('',#1407,.F.);
#1407 = EDGE_LOOP('',(#1408));
#1408 = ORIENTED_EDGE('',*,*,#1409,.T.);
#1409 = EDGE_CURVE('',#1410,#1410,#1412,.T.);
#1410 = VERTEX_POINT('',#1411);
#1411 = CARTESIAN_POINT('',(75.490971,-46.594347,0.));
#1412 = CIRCLE('',#1413,2.);
#1413 = AXIS2_PLACEMENT_3D('',#1414,#1415,#1416);
#1414 = CARTESIAN_POINT('',(75.490971,-44.594347,0.));
#1415 = DIRECTION('',(-0.,0.,-1.));
#1416 = DIRECTION('',(-0.,-1.,0.));
#1417 = FACE_BOUND('',#1418,.F.);
#1418 = EDGE_LOOP('',(#1419));
#1419 = ORIENTED_EDGE('',*,*,#1420,.T.);
#1420 = EDGE_CURVE('',#1421,#1421,#1423,.T.);
#1421 = VERTEX_POINT('',#1422);
#1422 = CARTESIAN_POINT('',(96.830825,-48.099399,0.));
#1423 = CIRCLE('',#1424,0.75);
#1424 = AXIS2_PLACEMENT_3D('',#1425,#1426,#1427);
#1425 = CARTESIAN_POINT('',(96.830825,-47.349399,0.));
#1426 = DIRECTION('',(-0.,0.,-1.));
#1427 = DIRECTION('',(-0.,-1.,0.));
#1428 = FACE_BOUND('',#1429,.F.);
#1429 = EDGE_LOOP('',(#1430));
#1430 = ORIENTED_EDGE('',*,*,#1431,.T.);
#1431 = EDGE_CURVE('',#1432,#1432,#1434,.T.);
#1432 = VERTEX_POINT('',#1433);
#1433 = CARTESIAN_POINT('',(129.1,-81.5,0.));
#1434 = CIRCLE('',#1435,2.);
#1435 = AXIS2_PLACEMENT_3D('',#1436,#1437,#1438);
#1436 = CARTESIAN_POINT('',(129.1,-79.5,0.));
#1437 = DIRECTION('',(-0.,0.,-1.));
#1438 = DIRECTION('',(-0.,-1.,0.));
#1439 = FACE_BOUND('',#1440,.F.);
#1440 = EDGE_LOOP('',(#1441));
#1441 = ORIENTED_EDGE('',*,*,#1442,.T.);
#1442 = EDGE_CURVE('',#1443,#1443,#1445,.T.);
#1443 = VERTEX_POINT('',#1444);
#1444 = CARTESIAN_POINT('',(134.18,-80.375,0.));
#1445 = CIRCLE('',#1446,0.875);
#1446 = AXIS2_PLACEMENT_3D('',#1447,#1448,#1449);
#1447 = CARTESIAN_POINT('',(134.18,-79.5,0.));
#1448 = DIRECTION('',(-0.,0.,-1.));
#1449 = DIRECTION('',(-0.,-1.,0.));
#1450 = FACE_BOUND('',#1451,.F.);
#1451 = EDGE_LOOP('',(#1452));
#1452 = ORIENTED_EDGE('',*,*,#1453,.T.);
#1453 = EDGE_CURVE('',#1454,#1454,#1456,.T.);
#1454 = VERTEX_POINT('',#1455);
#1455 = CARTESIAN_POINT('',(156.615977,-79.507133,0.));
#1456 = CIRCLE('',#1457,0.875);
#1457 = AXIS2_PLACEMENT_3D('',#1458,#1459,#1460);
#1458 = CARTESIAN_POINT('',(156.615977,-78.632133,0.));
#1459 = DIRECTION('',(-0.,0.,-1.));
#1460 = DIRECTION('',(-0.,-1.,0.));
#1461 = FACE_BOUND('',#1462,.F.);
#1462 = EDGE_LOOP('',(#1463));
#1463 = ORIENTED_EDGE('',*,*,#1464,.T.);
#1464 = EDGE_CURVE('',#1465,#1465,#1467,.T.);
#1465 = VERTEX_POINT('',#1466);
#1466 = CARTESIAN_POINT('',(131.64,-75.17,0.));
#1467 = CIRCLE('',#1468,0.75);
#1468 = AXIS2_PLACEMENT_3D('',#1469,#1470,#1471);
#1469 = CARTESIAN_POINT('',(131.64,-74.42,0.));
#1470 = DIRECTION('',(-0.,0.,-1.));
#1471 = DIRECTION('',(-0.,-1.,0.));
#1472 = FACE_BOUND('',#1473,.F.);
#1473 = EDGE_LOOP('',(#1474));
#1474 = ORIENTED_EDGE('',*,*,#1475,.T.);
#1475 = EDGE_CURVE('',#1476,#1476,#1478,.T.);
#1476 = VERTEX_POINT('',#1477);
#1477 = CARTESIAN_POINT('',(157.425616,-76.660188,0.));
#1478 = CIRCLE('',#1479,0.75);
#1479 = AXIS2_PLACEMENT_3D('',#1480,#1481,#1482);
#1480 = CARTESIAN_POINT('',(157.425616,-75.910188,0.));
#1481 = DIRECTION('',(-0.,0.,-1.));
#1482 = DIRECTION('',(-0.,-1.,0.));
#1483 = FACE_BOUND('',#1484,.F.);
#1484 = EDGE_LOOP('',(#1485));
#1485 = ORIENTED_EDGE('',*,*,#1486,.T.);
#1486 = EDGE_CURVE('',#1487,#1487,#1489,.T.);
#1487 = VERTEX_POINT('',#1488);
#1488 = CARTESIAN_POINT('',(161.6188,-79.75,0.));
#1489 = CIRCLE('',#1490,2.);
#1490 = AXIS2_PLACEMENT_3D('',#1491,#1492,#1493);
#1491 = CARTESIAN_POINT('',(161.6188,-77.75,0.));
#1492 = DIRECTION('',(-0.,0.,-1.));
#1493 = DIRECTION('',(-0.,-1.,0.));
#1494 = FACE_BOUND('',#1495,.F.);
#1495 = EDGE_LOOP('',(#1496));
#1496 = ORIENTED_EDGE('',*,*,#1497,.T.);
#1497 = EDGE_CURVE('',#1498,#1498,#1500,.T.);
#1498 = VERTEX_POINT('',#1499);
#1499 = CARTESIAN_POINT('',(166.621623,-77.742867,0.));
#1500 = CIRCLE('',#1501,0.875);
#1501 = AXIS2_PLACEMENT_3D('',#1502,#1503,#1504);
#1502 = CARTESIAN_POINT('',(166.621623,-76.867867,0.));
#1503 = DIRECTION('',(-0.,0.,-1.));
#1504 = DIRECTION('',(-0.,-1.,0.));
#1505 = FACE_BOUND('',#1506,.F.);
#1506 = EDGE_LOOP('',(#1507));
#1507 = ORIENTED_EDGE('',*,*,#1508,.T.);
#1508 = EDGE_CURVE('',#1509,#1509,#1511,.T.);
#1509 = VERTEX_POINT('',#1510);
#1510 = CARTESIAN_POINT('',(174.524677,-76.285959,0.));
#1511 = CIRCLE('',#1512,0.875);
#1512 = AXIS2_PLACEMENT_3D('',#1513,#1514,#1515);
#1513 = CARTESIAN_POINT('',(174.524677,-75.410959,0.));
#1514 = DIRECTION('',(-0.,0.,-1.));
#1515 = DIRECTION('',(-0.,-1.,0.));
#1516 = FACE_BOUND('',#1517,.F.);
#1517 = EDGE_LOOP('',(#1518));
#1518 = ORIENTED_EDGE('',*,*,#1519,.T.);
#1519 = EDGE_CURVE('',#1520,#1520,#1522,.T.);
#1520 = VERTEX_POINT('',#1521);
#1521 = CARTESIAN_POINT('',(163.238079,-73.05611,0.));
#1522 = CIRCLE('',#1523,0.75);
#1523 = AXIS2_PLACEMENT_3D('',#1524,#1525,#1526);
#1524 = CARTESIAN_POINT('',(163.238079,-72.30611,0.));
#1525 = DIRECTION('',(-0.,0.,-1.));
#1526 = DIRECTION('',(-0.,-1.,0.));
#1527 = FACE_BOUND('',#1528,.F.);
#1528 = EDGE_LOOP('',(#1529));
#1529 = ORIENTED_EDGE('',*,*,#1530,.T.);
#1530 = EDGE_CURVE('',#1531,#1531,#1533,.T.);
#1531 = VERTEX_POINT('',#1532);
#1532 = CARTESIAN_POINT('',(175.334316,-73.439014,0.));
#1533 = CIRCLE('',#1534,0.75);
#1534 = AXIS2_PLACEMENT_3D('',#1535,#1536,#1537);
#1535 = CARTESIAN_POINT('',(175.334316,-72.689014,0.));
#1536 = DIRECTION('',(-0.,0.,-1.));
#1537 = DIRECTION('',(-0.,-1.,0.));
#1538 = FACE_BOUND('',#1539,.F.);
#1539 = EDGE_LOOP('',(#1540));
#1540 = ORIENTED_EDGE('',*,*,#1541,.T.);
#1541 = EDGE_CURVE('',#1542,#1542,#1544,.T.);
#1542 = VERTEX_POINT('',#1543);
#1543 = CARTESIAN_POINT('',(179.5275,-76.528826,0.));
#1544 = CIRCLE('',#1545,2.);
#1545 = AXIS2_PLACEMENT_3D('',#1546,#1547,#1548);
#1546 = CARTESIAN_POINT('',(179.5275,-74.528826,0.));
#1547 = DIRECTION('',(-0.,0.,-1.));
#1548 = DIRECTION('',(-0.,-1.,0.));
#1549 = FACE_BOUND('',#1550,.F.);
#1550 = EDGE_LOOP('',(#1551));
#1551 = ORIENTED_EDGE('',*,*,#1552,.T.);
#1552 = EDGE_CURVE('',#1553,#1553,#1555,.T.);
#1553 = VERTEX_POINT('',#1554);
#1554 = CARTESIAN_POINT('',(184.530323,-74.521693,0.));
#1555 = CIRCLE('',#1556,0.875);
#1556 = AXIS2_PLACEMENT_3D('',#1557,#1558,#1559);
#1557 = CARTESIAN_POINT('',(184.530323,-73.646693,0.));
#1558 = DIRECTION('',(-0.,0.,-1.));
#1559 = DIRECTION('',(-0.,-1.,0.));
#1560 = FACE_BOUND('',#1561,.F.);
#1561 = EDGE_LOOP('',(#1562));
#1562 = ORIENTED_EDGE('',*,*,#1563,.T.);
#1563 = EDGE_CURVE('',#1564,#1564,#1566,.T.);
#1564 = VERTEX_POINT('',#1565);
#1565 = CARTESIAN_POINT('',(181.146779,-69.834936,0.));
#1566 = CIRCLE('',#1567,0.75);
#1567 = AXIS2_PLACEMENT_3D('',#1568,#1569,#1570);
#1568 = CARTESIAN_POINT('',(181.146779,-69.084936,0.));
#1569 = DIRECTION('',(-0.,0.,-1.));
#1570 = DIRECTION('',(-0.,-1.,0.));
#1571 = FACE_BOUND('',#1572,.F.);
#1572 = EDGE_LOOP('',(#1573));
#1573 = ORIENTED_EDGE('',*,*,#1574,.T.);
#1574 = EDGE_CURVE('',#1575,#1575,#1577,.T.);
#1575 = VERTEX_POINT('',#1576);
#1576 = CARTESIAN_POINT('',(253.734858,-75.699998,0.));
#1577 = CIRCLE('',#1578,0.6);
#1578 = AXIS2_PLACEMENT_3D('',#1579,#1580,#1581);
#1579 = CARTESIAN_POINT('',(253.734858,-75.099998,0.));
#1580 = DIRECTION('',(-0.,0.,-1.));
#1581 = DIRECTION('',(-0.,-1.,0.));
#1582 = FACE_BOUND('',#1583,.F.);
#1583 = EDGE_LOOP('',(#1584));
#1584 = ORIENTED_EDGE('',*,*,#1585,.T.);
#1585 = EDGE_CURVE('',#1586,#1586,#1588,.T.);
#1586 = VERTEX_POINT('',#1587);
#1587 = CARTESIAN_POINT('',(253.734855,-67.7,0.));
#1588 = CIRCLE('',#1589,0.6);
#1589 = AXIS2_PLACEMENT_3D('',#1590,#1591,#1592);
#1590 = CARTESIAN_POINT('',(253.734855,-67.1,0.));
#1591 = DIRECTION('',(-0.,0.,-1.));
#1592 = DIRECTION('',(4.736951571734E-14,-1.,-0.));
#1593 = FACE_BOUND('',#1594,.F.);
#1594 = EDGE_LOOP('',(#1595));
#1595 = ORIENTED_EDGE('',*,*,#1596,.T.);
#1596 = EDGE_CURVE('',#1597,#1597,#1599,.T.);
#1597 = VERTEX_POINT('',#1598);
#1598 = CARTESIAN_POINT('',(142.882177,-60.788136,0.));
#1599 = CIRCLE('',#1600,0.875);
#1600 = AXIS2_PLACEMENT_3D('',#1601,#1602,#1603);
#1601 = CARTESIAN_POINT('',(142.882177,-59.913136,0.));
#1602 = DIRECTION('',(-0.,0.,-1.));
#1603 = DIRECTION('',(-0.,-1.,0.));
#1604 = FACE_BOUND('',#1605,.F.);
#1605 = EDGE_LOOP('',(#1606));
#1606 = ORIENTED_EDGE('',*,*,#1607,.T.);
#1607 = EDGE_CURVE('',#1608,#1608,#1610,.T.);
#1608 = VERTEX_POINT('',#1609);
#1609 = CARTESIAN_POINT('',(147.885,-61.031003,0.));
#1610 = CIRCLE('',#1611,2.);
#1611 = AXIS2_PLACEMENT_3D('',#1612,#1613,#1614);
#1612 = CARTESIAN_POINT('',(147.885,-59.031003,0.));
#1613 = DIRECTION('',(-0.,0.,-1.));
#1614 = DIRECTION('',(-0.,-1.,0.));
#1615 = FACE_BOUND('',#1616,.F.);
#1616 = EDGE_LOOP('',(#1617));
#1617 = ORIENTED_EDGE('',*,*,#1618,.T.);
#1618 = EDGE_CURVE('',#1619,#1619,#1621,.T.);
#1619 = VERTEX_POINT('',#1620);
#1620 = CARTESIAN_POINT('',(152.887823,-59.02387,0.));
#1621 = CIRCLE('',#1622,0.875);
#1622 = AXIS2_PLACEMENT_3D('',#1623,#1624,#1625);
#1623 = CARTESIAN_POINT('',(152.887823,-58.14887,0.));
#1624 = DIRECTION('',(-0.,0.,-1.));
#1625 = DIRECTION('',(-0.,-1.,0.));
#1626 = FACE_BOUND('',#1627,.F.);
#1627 = EDGE_LOOP('',(#1628));
#1628 = ORIENTED_EDGE('',*,*,#1629,.T.);
#1629 = EDGE_CURVE('',#1630,#1630,#1632,.T.);
#1630 = VERTEX_POINT('',#1631);
#1631 = CARTESIAN_POINT('',(143.691816,-57.941191,0.));
#1632 = CIRCLE('',#1633,0.75);
#1633 = AXIS2_PLACEMENT_3D('',#1634,#1635,#1636);
#1634 = CARTESIAN_POINT('',(143.691816,-57.191191,0.));
#1635 = DIRECTION('',(-0.,0.,-1.));
#1636 = DIRECTION('',(-0.,-1.,0.));
#1637 = FACE_BOUND('',#1638,.F.);
#1638 = EDGE_LOOP('',(#1639));
#1639 = ORIENTED_EDGE('',*,*,#1640,.T.);
#1640 = EDGE_CURVE('',#1641,#1641,#1643,.T.);
#1641 = VERTEX_POINT('',#1642);
#1642 = CARTESIAN_POINT('',(149.504279,-54.337113,0.));
#1643 = CIRCLE('',#1644,0.75);
#1644 = AXIS2_PLACEMENT_3D('',#1645,#1646,#1647);
#1645 = CARTESIAN_POINT('',(149.504279,-53.587113,0.));
#1646 = DIRECTION('',(-0.,0.,-1.));
#1647 = DIRECTION('',(-0.,-1.,0.));
#1648 = FACE_BOUND('',#1649,.F.);
#1649 = EDGE_LOOP('',(#1650));
#1650 = ORIENTED_EDGE('',*,*,#1651,.T.);
#1651 = EDGE_CURVE('',#1652,#1652,#1654,.T.);
#1652 = VERTEX_POINT('',#1653);
#1653 = CARTESIAN_POINT('',(160.513677,-53.668289,0.));
#1654 = CIRCLE('',#1655,0.875);
#1655 = AXIS2_PLACEMENT_3D('',#1656,#1657,#1658);
#1656 = CARTESIAN_POINT('',(160.513677,-52.793289,0.));
#1657 = DIRECTION('',(-0.,0.,-1.));
#1658 = DIRECTION('',(-0.,-1.,0.));
#1659 = FACE_BOUND('',#1660,.F.);
#1660 = EDGE_LOOP('',(#1661));
#1661 = ORIENTED_EDGE('',*,*,#1662,.T.);
#1662 = EDGE_CURVE('',#1663,#1663,#1665,.T.);
#1663 = VERTEX_POINT('',#1664);
#1664 = CARTESIAN_POINT('',(165.5165,-53.911156,0.));
#1665 = CIRCLE('',#1666,2.);
#1666 = AXIS2_PLACEMENT_3D('',#1667,#1668,#1669);
#1667 = CARTESIAN_POINT('',(165.5165,-51.911156,0.));
#1668 = DIRECTION('',(-0.,0.,-1.));
#1669 = DIRECTION('',(-0.,-1.,0.));
#1670 = FACE_BOUND('',#1671,.F.);
#1671 = EDGE_LOOP('',(#1672));
#1672 = ORIENTED_EDGE('',*,*,#1673,.T.);
#1673 = EDGE_CURVE('',#1674,#1674,#1676,.T.);
#1674 = VERTEX_POINT('',#1675);
#1675 = CARTESIAN_POINT('',(170.519323,-51.904023,0.));
#1676 = CIRCLE('',#1677,0.875);
#1677 = AXIS2_PLACEMENT_3D('',#1678,#1679,#1680);
#1678 = CARTESIAN_POINT('',(170.519323,-51.029023,0.));
#1679 = DIRECTION('',(-0.,0.,-1.));
#1680 = DIRECTION('',(-0.,-1.,0.));
#1681 = FACE_BOUND('',#1682,.F.);
#1682 = EDGE_LOOP('',(#1683));
#1683 = ORIENTED_EDGE('',*,*,#1684,.T.);
#1684 = EDGE_CURVE('',#1685,#1685,#1687,.T.);
#1685 = VERTEX_POINT('',#1686);
#1686 = CARTESIAN_POINT('',(161.323316,-50.821344,0.));
#1687 = CIRCLE('',#1688,0.75);
#1688 = AXIS2_PLACEMENT_3D('',#1689,#1690,#1691);
#1689 = CARTESIAN_POINT('',(161.323316,-50.071344,0.));
#1690 = DIRECTION('',(-0.,0.,-1.));
#1691 = DIRECTION('',(-0.,-1.,0.));
#1692 = FACE_BOUND('',#1693,.F.);
#1693 = EDGE_LOOP('',(#1694));
#1694 = ORIENTED_EDGE('',*,*,#1695,.T.);
#1695 = EDGE_CURVE('',#1696,#1696,#1698,.T.);
#1696 = VERTEX_POINT('',#1697);
#1697 = CARTESIAN_POINT('',(167.135779,-47.217266,0.));
#1698 = CIRCLE('',#1699,0.75);
#1699 = AXIS2_PLACEMENT_3D('',#1700,#1701,#1702);
#1700 = CARTESIAN_POINT('',(167.135779,-46.467266,0.));
#1701 = DIRECTION('',(-0.,0.,-1.));
#1702 = DIRECTION('',(-0.,-1.,0.));
#1703 = FACE_BOUND('',#1704,.F.);
#1704 = EDGE_LOOP('',(#1705));
#1705 = ORIENTED_EDGE('',*,*,#1706,.T.);
#1706 = EDGE_CURVE('',#1707,#1707,#1709,.T.);
#1707 = VERTEX_POINT('',#1708);
#1708 = CARTESIAN_POINT('',(178.469977,-46.35148,0.));
#1709 = CIRCLE('',#1710,0.875);
#1710 = AXIS2_PLACEMENT_3D('',#1711,#1712,#1713);
#1711 = CARTESIAN_POINT('',(178.469977,-45.47648,0.));
#1712 = DIRECTION('',(-0.,0.,-1.));
#1713 = DIRECTION('',(-0.,-1.,0.));
#1714 = FACE_BOUND('',#1715,.F.);
#1715 = EDGE_LOOP('',(#1716));
#1716 = ORIENTED_EDGE('',*,*,#1717,.T.);
#1717 = EDGE_CURVE('',#1718,#1718,#1720,.T.);
#1718 = VERTEX_POINT('',#1719);
#1719 = CARTESIAN_POINT('',(183.4728,-46.594347,0.));
#1720 = CIRCLE('',#1721,2.);
#1721 = AXIS2_PLACEMENT_3D('',#1722,#1723,#1724);
#1722 = CARTESIAN_POINT('',(183.4728,-44.594347,0.));
#1723 = DIRECTION('',(-0.,0.,-1.));
#1724 = DIRECTION('',(-0.,-1.,0.));
#1725 = FACE_BOUND('',#1726,.F.);
#1726 = EDGE_LOOP('',(#1727));
#1727 = ORIENTED_EDGE('',*,*,#1728,.T.);
#1728 = EDGE_CURVE('',#1729,#1729,#1731,.T.);
#1729 = VERTEX_POINT('',#1730);
#1730 = CARTESIAN_POINT('',(188.475623,-44.587214,0.));
#1731 = CIRCLE('',#1732,0.875);
#1732 = AXIS2_PLACEMENT_3D('',#1733,#1734,#1735);
#1733 = CARTESIAN_POINT('',(188.475623,-43.712214,0.));
#1734 = DIRECTION('',(-0.,0.,-1.));
#1735 = DIRECTION('',(-0.,-1.,0.));
#1736 = FACE_BOUND('',#1737,.F.);
#1737 = EDGE_LOOP('',(#1738));
#1738 = ORIENTED_EDGE('',*,*,#1739,.T.);
#1739 = EDGE_CURVE('',#1740,#1740,#1742,.T.);
#1740 = VERTEX_POINT('',#1741);
#1741 = CARTESIAN_POINT('',(197.597777,-47.141971,0.));
#1742 = CIRCLE('',#1743,0.875);
#1743 = AXIS2_PLACEMENT_3D('',#1744,#1745,#1746);
#1744 = CARTESIAN_POINT('',(197.597777,-46.266971,0.));
#1745 = DIRECTION('',(-0.,0.,-1.));
#1746 = DIRECTION('',(-0.,-1.,0.));
#1747 = FACE_BOUND('',#1748,.F.);
#1748 = EDGE_LOOP('',(#1749));
#1749 = ORIENTED_EDGE('',*,*,#1750,.T.);
#1750 = EDGE_CURVE('',#1751,#1751,#1753,.T.);
#1751 = VERTEX_POINT('',#1752);
#1752 = CARTESIAN_POINT('',(202.6006,-47.384838,0.));
#1753 = CIRCLE('',#1754,2.);
#1754 = AXIS2_PLACEMENT_3D('',#1755,#1756,#1757);
#1755 = CARTESIAN_POINT('',(202.6006,-45.384838,0.));
#1756 = DIRECTION('',(-0.,0.,-1.));
#1757 = DIRECTION('',(-0.,-1.,0.));
#1758 = FACE_BOUND('',#1759,.F.);
#1759 = EDGE_LOOP('',(#1760));
#1760 = ORIENTED_EDGE('',*,*,#1761,.T.);
#1761 = EDGE_CURVE('',#1762,#1762,#1764,.T.);
#1762 = VERTEX_POINT('',#1763);
#1763 = CARTESIAN_POINT('',(198.407416,-44.295026,0.));
#1764 = CIRCLE('',#1765,0.75);
#1765 = AXIS2_PLACEMENT_3D('',#1766,#1767,#1768);
#1766 = CARTESIAN_POINT('',(198.407416,-43.545026,0.));
#1767 = DIRECTION('',(-0.,0.,-1.));
#1768 = DIRECTION('',(-0.,-1.,0.));
#1769 = FACE_BOUND('',#1770,.F.);
#1770 = EDGE_LOOP('',(#1771));
#1771 = ORIENTED_EDGE('',*,*,#1772,.T.);
#1772 = EDGE_CURVE('',#1773,#1773,#1775,.T.);
#1773 = VERTEX_POINT('',#1774);
#1774 = CARTESIAN_POINT('',(207.603423,-45.377705,0.));
#1775 = CIRCLE('',#1776,0.875);
#1776 = AXIS2_PLACEMENT_3D('',#1777,#1778,#1779);
#1777 = CARTESIAN_POINT('',(207.603423,-44.502705,0.));
#1778 = DIRECTION('',(-0.,0.,-1.));
#1779 = DIRECTION('',(-0.,-1.,0.));
#1780 = FACE_BOUND('',#1781,.F.);
#1781 = EDGE_LOOP('',(#1782));
#1782 = ORIENTED_EDGE('',*,*,#1783,.T.);
#1783 = EDGE_CURVE('',#1784,#1784,#1786,.T.);
#1784 = VERTEX_POINT('',#1785);
#1785 = CARTESIAN_POINT('',(216.421577,-47.935317,0.));
#1786 = CIRCLE('',#1787,0.875);
#1787 = AXIS2_PLACEMENT_3D('',#1788,#1789,#1790);
#1788 = CARTESIAN_POINT('',(216.421577,-47.060317,0.));
#1789 = DIRECTION('',(-0.,0.,-1.));
#1790 = DIRECTION('',(-0.,-1.,0.));
#1791 = FACE_BOUND('',#1792,.F.);
#1792 = EDGE_LOOP('',(#1793));
#1793 = ORIENTED_EDGE('',*,*,#1794,.T.);
#1794 = EDGE_CURVE('',#1795,#1795,#1797,.T.);
#1795 = VERTEX_POINT('',#1796);
#1796 = CARTESIAN_POINT('',(221.4244,-48.178184,0.));
#1797 = CIRCLE('',#1798,2.);
#1798 = AXIS2_PLACEMENT_3D('',#1799,#1800,#1801);
#1799 = CARTESIAN_POINT('',(221.4244,-46.178184,0.));
#1800 = DIRECTION('',(-0.,0.,-1.));
#1801 = DIRECTION('',(-0.,-1.,0.));
#1802 = FACE_BOUND('',#1803,.F.);
#1803 = EDGE_LOOP('',(#1804));
#1804 = ORIENTED_EDGE('',*,*,#1805,.T.);
#1805 = EDGE_CURVE('',#1806,#1806,#1808,.T.);
#1806 = VERTEX_POINT('',#1807);
#1807 = CARTESIAN_POINT('',(217.231216,-45.088372,0.));
#1808 = CIRCLE('',#1809,0.75);
#1809 = AXIS2_PLACEMENT_3D('',#1810,#1811,#1812);
#1810 = CARTESIAN_POINT('',(217.231216,-44.338372,0.));
#1811 = DIRECTION('',(-0.,0.,-1.));
#1812 = DIRECTION('',(-0.,-1.,0.));
#1813 = FACE_BOUND('',#1814,.F.);
#1814 = EDGE_LOOP('',(#1815));
#1815 = ORIENTED_EDGE('',*,*,#1816,.T.);
#1816 = EDGE_CURVE('',#1817,#1817,#1819,.T.);
#1817 = VERTEX_POINT('',#1818);
#1818 = CARTESIAN_POINT('',(235.386877,-48.691078,0.));
#1819 = CIRCLE('',#1820,0.875);
#1820 = AXIS2_PLACEMENT_3D('',#1821,#1822,#1823);
#1821 = CARTESIAN_POINT('',(235.386877,-47.816078,0.));
#1822 = DIRECTION('',(-0.,0.,-1.));
#1823 = DIRECTION('',(-0.,-1.,0.));
#1824 = FACE_BOUND('',#1825,.F.);
#1825 = EDGE_LOOP('',(#1826));
#1826 = ORIENTED_EDGE('',*,*,#1827,.T.);
#1827 = EDGE_CURVE('',#1828,#1828,#1830,.T.);
#1828 = VERTEX_POINT('',#1829);
#1829 = CARTESIAN_POINT('',(255.799999,-50.840001,0.));
#1830 = CIRCLE('',#1831,0.599999);
#1831 = AXIS2_PLACEMENT_3D('',#1832,#1833,#1834);
#1832 = CARTESIAN_POINT('',(255.799999,-50.240002,0.));
#1833 = DIRECTION('',(-0.,0.,-1.));
#1834 = DIRECTION('',(4.736959466667E-14,-1.,-0.));
#1835 = FACE_BOUND('',#1836,.F.);
#1836 = EDGE_LOOP('',(#1837));
#1837 = ORIENTED_EDGE('',*,*,#1838,.T.);
#1838 = EDGE_CURVE('',#1839,#1839,#1841,.T.);
#1839 = VERTEX_POINT('',#1840);
#1840 = CARTESIAN_POINT('',(240.3897,-48.933945,0.));
#1841 = CIRCLE('',#1842,2.);
#1842 = AXIS2_PLACEMENT_3D('',#1843,#1844,#1845);
#1843 = CARTESIAN_POINT('',(240.3897,-46.933945,0.));
#1844 = DIRECTION('',(-0.,0.,-1.));
#1845 = DIRECTION('',(-0.,-1.,0.));
#1846 = FACE_BOUND('',#1847,.F.);
#1847 = EDGE_LOOP('',(#1848));
#1848 = ORIENTED_EDGE('',*,*,#1849,.T.);
#1849 = EDGE_CURVE('',#1850,#1850,#1852,.T.);
#1850 = VERTEX_POINT('',#1851);
#1851 = CARTESIAN_POINT('',(226.427223,-46.171051,0.));
#1852 = CIRCLE('',#1853,0.875);
#1853 = AXIS2_PLACEMENT_3D('',#1854,#1855,#1856);
#1854 = CARTESIAN_POINT('',(226.427223,-45.296051,0.));
#1855 = DIRECTION('',(-0.,0.,-1.));
#1856 = DIRECTION('',(-0.,-1.,0.));
#1857 = FACE_BOUND('',#1858,.F.);
#1858 = EDGE_LOOP('',(#1859));
#1859 = ORIENTED_EDGE('',*,*,#1860,.T.);
#1860 = EDGE_CURVE('',#1861,#1861,#1863,.T.);
#1861 = VERTEX_POINT('',#1862);
#1862 = CARTESIAN_POINT('',(236.196516,-45.844133,0.));
#1863 = CIRCLE('',#1864,0.75);
#1864 = AXIS2_PLACEMENT_3D('',#1865,#1866,#1867);
#1865 = CARTESIAN_POINT('',(236.196516,-45.094133,0.));
#1866 = DIRECTION('',(-0.,0.,-1.));
#1867 = DIRECTION('',(-0.,-1.,0.));
#1868 = FACE_BOUND('',#1869,.F.);
#1869 = EDGE_LOOP('',(#1870));
#1870 = ORIENTED_EDGE('',*,*,#1871,.T.);
#1871 = EDGE_CURVE('',#1872,#1872,#1874,.T.);
#1872 = VERTEX_POINT('',#1873);
#1873 = CARTESIAN_POINT('',(245.392523,-46.926812,0.));
#1874 = CIRCLE('',#1875,0.875);
#1875 = AXIS2_PLACEMENT_3D('',#1876,#1877,#1878);
#1876 = CARTESIAN_POINT('',(245.392523,-46.051812,0.));
#1877 = DIRECTION('',(-0.,0.,-1.));
#1878 = DIRECTION('',(-0.,-1.,0.));
#1879 = FACE_BOUND('',#1880,.F.);
#1880 = EDGE_LOOP('',(#1881));
#1881 = ORIENTED_EDGE('',*,*,#1882,.T.);
#1882 = EDGE_CURVE('',#1883,#1883,#1885,.T.);
#1883 = VERTEX_POINT('',#1884);
#1884 = CARTESIAN_POINT('',(255.799999,-45.759999,0.));
#1885 = CIRCLE('',#1886,0.599999);
#1886 = AXIS2_PLACEMENT_3D('',#1887,#1888,#1889);
#1887 = CARTESIAN_POINT('',(255.799999,-45.16,0.));
#1888 = DIRECTION('',(-0.,0.,-1.));
#1889 = DIRECTION('',(4.736959466667E-14,-1.,-0.));
#1890 = FACE_BOUND('',#1891,.F.);
#1891 = EDGE_LOOP('',(#1892));
#1892 = ORIENTED_EDGE('',*,*,#1893,.T.);
#1893 = EDGE_CURVE('',#1894,#1894,#1896,.T.);
#1894 = VERTEX_POINT('',#1895);
#1895 = CARTESIAN_POINT('',(21.957616,-43.122188,0.));
#1896 = CIRCLE('',#1897,0.75);
#1897 = AXIS2_PLACEMENT_3D('',#1898,#1899,#1900);
#1898 = CARTESIAN_POINT('',(21.957616,-42.372188,0.));
#1899 = DIRECTION('',(-0.,0.,-1.));
#1900 = DIRECTION('',(-0.,-1.,0.));
#1901 = FACE_BOUND('',#1902,.F.);
#1902 = EDGE_LOOP('',(#1903));
#1903 = ORIENTED_EDGE('',*,*,#1904,.T.);
#1904 = EDGE_CURVE('',#1905,#1905,#1907,.T.);
#1905 = VERTEX_POINT('',#1906);
#1906 = CARTESIAN_POINT('',(3.2,-37.140001,0.));
#1907 = CIRCLE('',#1908,0.599999);
#1908 = AXIS2_PLACEMENT_3D('',#1909,#1910,#1911);
#1909 = CARTESIAN_POINT('',(3.2,-36.540002,0.));
#1910 = DIRECTION('',(-0.,0.,-1.));
#1911 = DIRECTION('',(-0.,-1.,0.));
#1912 = FACE_BOUND('',#1913,.F.);
#1913 = EDGE_LOOP('',(#1914));
#1914 = ORIENTED_EDGE('',*,*,#1915,.T.);
#1915 = EDGE_CURVE('',#1916,#1916,#1918,.T.);
#1916 = VERTEX_POINT('',#1917);
#1917 = CARTESIAN_POINT('',(40.922916,-42.366427,0.));
#1918 = CIRCLE('',#1919,0.75);
#1919 = AXIS2_PLACEMENT_3D('',#1920,#1921,#1922);
#1920 = CARTESIAN_POINT('',(40.922916,-41.616427,0.));
#1921 = DIRECTION('',(-0.,0.,-1.));
#1922 = DIRECTION('',(-0.,-1.,0.));
#1923 = FACE_BOUND('',#1924,.F.);
#1924 = EDGE_LOOP('',(#1925));
#1925 = ORIENTED_EDGE('',*,*,#1926,.T.);
#1926 = EDGE_CURVE('',#1927,#1927,#1929,.T.);
#1927 = VERTEX_POINT('',#1928);
#1928 = CARTESIAN_POINT('',(53.052058,-42.971827,0.));
#1929 = CIRCLE('',#1930,0.75);
#1930 = AXIS2_PLACEMENT_3D('',#1931,#1932,#1933);
#1931 = CARTESIAN_POINT('',(53.052058,-42.221827,0.));
#1932 = DIRECTION('',(-0.,0.,-1.));
#1933 = DIRECTION('',(-0.,-1.,0.));
#1934 = FACE_BOUND('',#1935,.F.);
#1935 = EDGE_LOOP('',(#1936));
#1936 = ORIENTED_EDGE('',*,*,#1937,.T.);
#1937 = EDGE_CURVE('',#1938,#1938,#1940,.T.);
#1938 = VERTEX_POINT('',#1939);
#1939 = CARTESIAN_POINT('',(59.746653,-41.573081,0.));
#1940 = CIRCLE('',#1941,0.75);
#1941 = AXIS2_PLACEMENT_3D('',#1942,#1943,#1944);
#1942 = CARTESIAN_POINT('',(59.746653,-40.823081,0.));
#1943 = DIRECTION('',(-0.,0.,-1.));
#1944 = DIRECTION('',(-0.,-1.,0.));
#1945 = FACE_BOUND('',#1946,.F.);
#1946 = EDGE_LOOP('',(#1947));
#1947 = ORIENTED_EDGE('',*,*,#1948,.T.);
#1948 = EDGE_CURVE('',#1949,#1949,#1951,.T.);
#1949 = VERTEX_POINT('',#1950);
#1950 = CARTESIAN_POINT('',(3.2,-32.059999,0.));
#1951 = CIRCLE('',#1952,0.599999);
#1952 = AXIS2_PLACEMENT_3D('',#1953,#1954,#1955);
#1953 = CARTESIAN_POINT('',(3.2,-31.46,0.));
#1954 = DIRECTION('',(-0.,0.,-1.));
#1955 = DIRECTION('',(-0.,-1.,0.));
#1956 = FACE_BOUND('',#1957,.F.);
#1957 = EDGE_LOOP('',(#1958));
#1958 = ORIENTED_EDGE('',*,*,#1959,.T.);
#1959 = EDGE_CURVE('',#1960,#1960,#1962,.T.);
#1960 = VERTEX_POINT('',#1961);
#1961 = CARTESIAN_POINT('',(16.207502,-29.936909,0.));
#1962 = CIRCLE('',#1963,0.875);
#1963 = AXIS2_PLACEMENT_3D('',#1964,#1965,#1966);
#1964 = CARTESIAN_POINT('',(16.207502,-29.061909,0.));
#1965 = DIRECTION('',(-0.,0.,-1.));
#1966 = DIRECTION('',(-0.,-1.,0.));
#1967 = FACE_BOUND('',#1968,.F.);
#1968 = EDGE_LOOP('',(#1969));
#1969 = ORIENTED_EDGE('',*,*,#1970,.T.);
#1970 = EDGE_CURVE('',#1971,#1971,#1973,.T.);
#1971 = VERTEX_POINT('',#1972);
#1972 = CARTESIAN_POINT('',(21.210325,-31.944042,0.));
#1973 = CIRCLE('',#1974,2.);
#1974 = AXIS2_PLACEMENT_3D('',#1975,#1976,#1977);
#1975 = CARTESIAN_POINT('',(21.210325,-29.944042,0.));
#1976 = DIRECTION('',(-0.,0.,-1.));
#1977 = DIRECTION('',(-0.,-1.,0.));
#1978 = FACE_BOUND('',#1979,.F.);
#1979 = EDGE_LOOP('',(#1980));
#1980 = ORIENTED_EDGE('',*,*,#1981,.T.);
#1981 = EDGE_CURVE('',#1982,#1982,#1984,.T.);
#1982 = VERTEX_POINT('',#1983);
#1983 = CARTESIAN_POINT('',(26.213148,-31.701175,0.));
#1984 = CIRCLE('',#1985,0.875);
#1985 = AXIS2_PLACEMENT_3D('',#1986,#1987,#1988);
#1986 = CARTESIAN_POINT('',(26.213148,-30.826175,0.));
#1987 = DIRECTION('',(-0.,0.,-1.));
#1988 = DIRECTION('',(-0.,-1.,0.));
#1989 = FACE_BOUND('',#1990,.F.);
#1990 = EDGE_LOOP('',(#1991));
#1991 = ORIENTED_EDGE('',*,*,#1992,.T.);
#1992 = EDGE_CURVE('',#1993,#1993,#1995,.T.);
#1993 = VERTEX_POINT('',#1994);
#1994 = CARTESIAN_POINT('',(3.2,-24.439999,0.));
#1995 = CIRCLE('',#1996,0.599999);
#1996 = AXIS2_PLACEMENT_3D('',#1997,#1998,#1999);
#1997 = CARTESIAN_POINT('',(3.2,-23.84,0.));
#1998 = DIRECTION('',(-0.,0.,-1.));
#1999 = DIRECTION('',(-0.,-1.,0.));
#2000 = FACE_BOUND('',#2001,.F.);
#2001 = EDGE_LOOP('',(#2002));
#2002 = ORIENTED_EDGE('',*,*,#2003,.T.);
#2003 = EDGE_CURVE('',#2004,#2004,#2006,.T.);
#2004 = VERTEX_POINT('',#2005);
#2005 = CARTESIAN_POINT('',(17.899274,-27.531031,0.));
#2006 = CIRCLE('',#2007,0.75);
#2007 = AXIS2_PLACEMENT_3D('',#2008,#2009,#2010);
#2008 = CARTESIAN_POINT('',(17.899274,-26.781031,0.));
#2009 = DIRECTION('',(-0.,0.,-1.));
#2010 = DIRECTION('',(-0.,-1.,0.));
#2011 = FACE_BOUND('',#2012,.F.);
#2012 = EDGE_LOOP('',(#2013));
#2013 = ORIENTED_EDGE('',*,*,#2014,.T.);
#2014 = EDGE_CURVE('',#2015,#2015,#2017,.T.);
#2015 = VERTEX_POINT('',#2016);
#2016 = CARTESIAN_POINT('',(24.593869,-26.132285,0.));
#2017 = CIRCLE('',#2018,0.75);
#2018 = AXIS2_PLACEMENT_3D('',#2019,#2020,#2021);
#2019 = CARTESIAN_POINT('',(24.593869,-25.382285,0.));
#2020 = DIRECTION('',(-0.,0.,-1.));
#2021 = DIRECTION('',(-0.,-1.,0.));
#2022 = FACE_BOUND('',#2023,.F.);
#2023 = EDGE_LOOP('',(#2024));
#2024 = ORIENTED_EDGE('',*,*,#2025,.T.);
#2025 = EDGE_CURVE('',#2026,#2026,#2028,.T.);
#2026 = VERTEX_POINT('',#2027);
#2027 = CARTESIAN_POINT('',(40.53515,-31.18828,0.));
#2028 = CIRCLE('',#2029,2.);
#2029 = AXIS2_PLACEMENT_3D('',#2030,#2031,#2032);
#2030 = CARTESIAN_POINT('',(40.53515,-29.18828,0.));
#2031 = DIRECTION('',(-0.,0.,-1.));
#2032 = DIRECTION('',(-0.,-1.,0.));
#2033 = FACE_BOUND('',#2034,.F.);
#2034 = EDGE_LOOP('',(#2035));
#2035 = ORIENTED_EDGE('',*,*,#2036,.T.);
#2036 = EDGE_CURVE('',#2037,#2037,#2039,.T.);
#2037 = VERTEX_POINT('',#2038);
#2038 = CARTESIAN_POINT('',(45.537973,-30.945413,0.));
#2039 = CIRCLE('',#2040,0.875);
#2040 = AXIS2_PLACEMENT_3D('',#2041,#2042,#2043);
#2041 = CARTESIAN_POINT('',(45.537973,-30.070413,0.));
#2042 = DIRECTION('',(-0.,0.,-1.));
#2043 = DIRECTION('',(-0.,-1.,0.));
#2044 = FACE_BOUND('',#2045,.F.);
#2045 = EDGE_LOOP('',(#2046));
#2046 = ORIENTED_EDGE('',*,*,#2047,.T.);
#2047 = EDGE_CURVE('',#2048,#2048,#2050,.T.);
#2048 = VERTEX_POINT('',#2049);
#2049 = CARTESIAN_POINT('',(64.361711,-30.152068,0.));
#2050 = CIRCLE('',#2051,0.875);
#2051 = AXIS2_PLACEMENT_3D('',#2052,#2053,#2054);
#2052 = CARTESIAN_POINT('',(64.361711,-29.277068,0.));
#2053 = DIRECTION('',(-0.,0.,-1.));
#2054 = DIRECTION('',(-0.,-1.,0.));
#2055 = FACE_BOUND('',#2056,.F.);
#2056 = EDGE_LOOP('',(#2057));
#2057 = ORIENTED_EDGE('',*,*,#2058,.T.);
#2058 = EDGE_CURVE('',#2059,#2059,#2061,.T.);
#2059 = VERTEX_POINT('',#2060);
#2060 = CARTESIAN_POINT('',(35.532327,-29.181147,0.));
#2061 = CIRCLE('',#2062,0.875);
#2062 = AXIS2_PLACEMENT_3D('',#2063,#2064,#2065);
#2063 = CARTESIAN_POINT('',(35.532327,-28.306147,0.));
#2064 = DIRECTION('',(-0.,0.,-1.));
#2065 = DIRECTION('',(-0.,-1.,0.));
#2066 = FACE_BOUND('',#2067,.F.);
#2067 = EDGE_LOOP('',(#2068));
#2068 = ORIENTED_EDGE('',*,*,#2069,.T.);
#2069 = EDGE_CURVE('',#2070,#2070,#2072,.T.);
#2070 = VERTEX_POINT('',#2071);
#2071 = CARTESIAN_POINT('',(37.224099,-26.775269,0.));
#2072 = CIRCLE('',#2073,0.75);
#2073 = AXIS2_PLACEMENT_3D('',#2074,#2075,#2076);
#2074 = CARTESIAN_POINT('',(37.224099,-26.025269,0.));
#2075 = DIRECTION('',(-0.,0.,-1.));
#2076 = DIRECTION('',(-0.,-1.,0.));
#2077 = FACE_BOUND('',#2078,.F.);
#2078 = EDGE_LOOP('',(#2079));
#2079 = ORIENTED_EDGE('',*,*,#2080,.T.);
#2080 = EDGE_CURVE('',#2081,#2081,#2083,.T.);
#2081 = VERTEX_POINT('',#2082);
#2082 = CARTESIAN_POINT('',(43.918694,-25.376523,0.));
#2083 = CIRCLE('',#2084,0.75);
#2084 = AXIS2_PLACEMENT_3D('',#2085,#2086,#2087);
#2085 = CARTESIAN_POINT('',(43.918694,-24.626523,0.));
#2086 = DIRECTION('',(-0.,0.,-1.));
#2087 = DIRECTION('',(-0.,-1.,0.));
#2088 = FACE_BOUND('',#2089,.F.);
#2089 = EDGE_LOOP('',(#2090));
#2090 = ORIENTED_EDGE('',*,*,#2091,.T.);
#2091 = EDGE_CURVE('',#2092,#2092,#2094,.T.);
#2092 = VERTEX_POINT('',#2093);
#2093 = CARTESIAN_POINT('',(54.356065,-28.387802,0.));
#2094 = CIRCLE('',#2095,0.875);
#2095 = AXIS2_PLACEMENT_3D('',#2096,#2097,#2098);
#2096 = CARTESIAN_POINT('',(54.356065,-27.512802,0.));
#2097 = DIRECTION('',(-0.,0.,-1.));
#2098 = DIRECTION('',(-0.,-1.,0.));
#2099 = FACE_BOUND('',#2100,.F.);
#2100 = EDGE_LOOP('',(#2101));
#2101 = ORIENTED_EDGE('',*,*,#2102,.T.);
#2102 = EDGE_CURVE('',#2103,#2103,#2105,.T.);
#2103 = VERTEX_POINT('',#2104);
#2104 = CARTESIAN_POINT('',(59.358888,-30.394935,0.));
#2105 = CIRCLE('',#2106,2.);
#2106 = AXIS2_PLACEMENT_3D('',#2107,#2108,#2109);
#2107 = CARTESIAN_POINT('',(59.358888,-28.394935,0.));
#2108 = DIRECTION('',(-0.,0.,-1.));
#2109 = DIRECTION('',(-0.,-1.,0.));
#2110 = FACE_BOUND('',#2111,.F.);
#2111 = EDGE_LOOP('',(#2112));
#2112 = ORIENTED_EDGE('',*,*,#2113,.T.);
#2113 = EDGE_CURVE('',#2114,#2114,#2116,.T.);
#2114 = VERTEX_POINT('',#2115);
#2115 = CARTESIAN_POINT('',(56.047837,-25.981924,0.));
#2116 = CIRCLE('',#2117,0.75);
#2117 = AXIS2_PLACEMENT_3D('',#2118,#2119,#2120);
#2118 = CARTESIAN_POINT('',(56.047837,-25.231924,0.));
#2119 = DIRECTION('',(-0.,0.,-1.));
#2120 = DIRECTION('',(-0.,-1.,0.));
#2121 = FACE_BOUND('',#2122,.F.);
#2122 = EDGE_LOOP('',(#2123));
#2123 = ORIENTED_EDGE('',*,*,#2124,.T.);
#2124 = EDGE_CURVE('',#2125,#2125,#2127,.T.);
#2125 = VERTEX_POINT('',#2126);
#2126 = CARTESIAN_POINT('',(62.742432,-24.583178,0.));
#2127 = CIRCLE('',#2128,0.75);
#2128 = AXIS2_PLACEMENT_3D('',#2129,#2130,#2131);
#2129 = CARTESIAN_POINT('',(62.742432,-23.833178,0.));
#2130 = DIRECTION('',(-0.,0.,-1.));
#2131 = DIRECTION('',(-0.,-1.,0.));
#2132 = FACE_BOUND('',#2133,.F.);
#2133 = EDGE_LOOP('',(#2134));
#2134 = ORIENTED_EDGE('',*,*,#2135,.T.);
#2135 = EDGE_CURVE('',#2136,#2136,#2138,.T.);
#2136 = VERTEX_POINT('',#2137);
#2137 = CARTESIAN_POINT('',(72.17992,-42.181336,0.));
#2138 = CIRCLE('',#2139,0.75);
#2139 = AXIS2_PLACEMENT_3D('',#2140,#2141,#2142);
#2140 = CARTESIAN_POINT('',(72.17992,-41.431336,0.));
#2141 = DIRECTION('',(-0.,0.,-1.));
#2142 = DIRECTION('',(-0.,-1.,0.));
#2143 = FACE_BOUND('',#2144,.F.);
#2144 = EDGE_LOOP('',(#2145));
#2145 = ORIENTED_EDGE('',*,*,#2146,.T.);
#2146 = EDGE_CURVE('',#2147,#2147,#2149,.T.);
#2147 = VERTEX_POINT('',#2148);
#2148 = CARTESIAN_POINT('',(78.874515,-40.78259,0.));
#2149 = CIRCLE('',#2150,0.75);
#2150 = AXIS2_PLACEMENT_3D('',#2151,#2152,#2153);
#2151 = CARTESIAN_POINT('',(78.874515,-40.03259,0.));
#2152 = DIRECTION('',(-0.,0.,-1.));
#2153 = DIRECTION('',(-0.,-1.,0.));
#2154 = FACE_BOUND('',#2155,.F.);
#2155 = EDGE_LOOP('',(#2156));
#2156 = ORIENTED_EDGE('',*,*,#2157,.T.);
#2157 = EDGE_CURVE('',#2158,#2158,#2160,.T.);
#2158 = VERTEX_POINT('',#2159);
#2159 = CARTESIAN_POINT('',(96.083534,-36.921252,0.));
#2160 = CIRCLE('',#2161,2.);
#2161 = AXIS2_PLACEMENT_3D('',#2162,#2163,#2164);
#2162 = CARTESIAN_POINT('',(96.083534,-34.921252,0.));
#2163 = DIRECTION('',(-0.,0.,-1.));
#2164 = DIRECTION('',(-0.,-1.,0.));
#2165 = FACE_BOUND('',#2166,.F.);
#2166 = EDGE_LOOP('',(#2167));
#2167 = ORIENTED_EDGE('',*,*,#2168,.T.);
#2168 = EDGE_CURVE('',#2169,#2169,#2171,.T.);
#2169 = VERTEX_POINT('',#2170);
#2170 = CARTESIAN_POINT('',(91.080711,-34.914119,0.));
#2171 = CIRCLE('',#2172,0.875);
#2172 = AXIS2_PLACEMENT_3D('',#2173,#2174,#2175);
#2173 = CARTESIAN_POINT('',(91.080711,-34.039119,0.));
#2174 = DIRECTION('',(-0.,0.,-1.));
#2175 = DIRECTION('',(-0.,-1.,0.));
#2176 = FACE_BOUND('',#2177,.F.);
#2177 = EDGE_LOOP('',(#2178));
#2178 = ORIENTED_EDGE('',*,*,#2179,.T.);
#2179 = EDGE_CURVE('',#2180,#2180,#2182,.T.);
#2180 = VERTEX_POINT('',#2181);
#2181 = CARTESIAN_POINT('',(108.712225,-42.033967,0.));
#2182 = CIRCLE('',#2183,0.875);
#2183 = AXIS2_PLACEMENT_3D('',#2184,#2185,#2186);
#2184 = CARTESIAN_POINT('',(108.712225,-41.158967,0.));
#2185 = DIRECTION('',(-0.,0.,-1.));
#2186 = DIRECTION('',(-0.,-1.,0.));
#2187 = FACE_BOUND('',#2188,.F.);
#2188 = EDGE_LOOP('',(#2189));
#2189 = ORIENTED_EDGE('',*,*,#2190,.T.);
#2190 = EDGE_CURVE('',#2191,#2191,#2193,.T.);
#2191 = VERTEX_POINT('',#2192);
#2192 = CARTESIAN_POINT('',(110.403997,-39.628089,0.));
#2193 = CIRCLE('',#2194,0.75);
#2194 = AXIS2_PLACEMENT_3D('',#2195,#2196,#2197);
#2195 = CARTESIAN_POINT('',(110.403997,-38.878089,0.));
#2196 = DIRECTION('',(-0.,0.,-1.));
#2197 = DIRECTION('',(-0.,-1.,0.));
#2198 = FACE_BOUND('',#2199,.F.);
#2199 = EDGE_LOOP('',(#2200));
#2200 = ORIENTED_EDGE('',*,*,#2201,.T.);
#2201 = EDGE_CURVE('',#2202,#2202,#2204,.T.);
#2202 = VERTEX_POINT('',#2203);
#2203 = CARTESIAN_POINT('',(113.715048,-44.0411,0.));
#2204 = CIRCLE('',#2205,2.);
#2205 = AXIS2_PLACEMENT_3D('',#2206,#2207,#2208);
#2206 = CARTESIAN_POINT('',(113.715048,-42.0411,0.));
#2207 = DIRECTION('',(-0.,0.,-1.));
#2208 = DIRECTION('',(-0.,-1.,0.));
#2209 = FACE_BOUND('',#2210,.F.);
#2210 = EDGE_LOOP('',(#2211));
#2211 = ORIENTED_EDGE('',*,*,#2212,.T.);
#2212 = EDGE_CURVE('',#2213,#2213,#2215,.T.);
#2213 = VERTEX_POINT('',#2214);
#2214 = CARTESIAN_POINT('',(118.717871,-43.798233,0.));
#2215 = CIRCLE('',#2216,0.875);
#2216 = AXIS2_PLACEMENT_3D('',#2217,#2218,#2219);
#2217 = CARTESIAN_POINT('',(118.717871,-42.923233,0.));
#2218 = DIRECTION('',(-0.,0.,-1.));
#2219 = DIRECTION('',(-0.,-1.,0.));
#2220 = FACE_BOUND('',#2221,.F.);
#2221 = EDGE_LOOP('',(#2222));
#2222 = ORIENTED_EDGE('',*,*,#2223,.T.);
#2223 = EDGE_CURVE('',#2224,#2224,#2226,.T.);
#2224 = VERTEX_POINT('',#2225);
#2225 = CARTESIAN_POINT('',(124.4,-40.150012,0.));
#2226 = CIRCLE('',#2227,0.550012);
#2227 = AXIS2_PLACEMENT_3D('',#2228,#2229,#2230);
#2228 = CARTESIAN_POINT('',(124.4,-39.6,0.));
#2229 = DIRECTION('',(-0.,0.,-1.));
#2230 = DIRECTION('',(-0.,-1.,0.));
#2231 = FACE_BOUND('',#2232,.F.);
#2232 = EDGE_LOOP('',(#2233));
#2233 = ORIENTED_EDGE('',*,*,#2234,.T.);
#2234 = EDGE_CURVE('',#2235,#2235,#2237,.T.);
#2235 = VERTEX_POINT('',#2236);
#2236 = CARTESIAN_POINT('',(101.086357,-36.678385,0.));
#2237 = CIRCLE('',#2238,0.875);
#2238 = AXIS2_PLACEMENT_3D('',#2239,#2240,#2241);
#2239 = CARTESIAN_POINT('',(101.086357,-35.803385,0.));
#2240 = DIRECTION('',(-0.,0.,-1.));
#2241 = DIRECTION('',(-0.,-1.,0.));
#2242 = FACE_BOUND('',#2243,.F.);
#2243 = EDGE_LOOP('',(#2244));
#2244 = ORIENTED_EDGE('',*,*,#2245,.T.);
#2245 = EDGE_CURVE('',#2246,#2246,#2248,.T.);
#2246 = VERTEX_POINT('',#2247);
#2247 = CARTESIAN_POINT('',(117.098592,-38.229343,0.));
#2248 = CIRCLE('',#2249,0.75);
#2249 = AXIS2_PLACEMENT_3D('',#2250,#2251,#2252);
#2250 = CARTESIAN_POINT('',(117.098592,-37.479343,0.));
#2251 = DIRECTION('',(-0.,0.,-1.));
#2252 = DIRECTION('',(-0.,-1.,0.));
#2253 = FACE_BOUND('',#2254,.F.);
#2254 = EDGE_LOOP('',(#2255));
#2255 = ORIENTED_EDGE('',*,*,#2256,.T.);
#2256 = EDGE_CURVE('',#2257,#2257,#2259,.T.);
#2257 = VERTEX_POINT('',#2258);
#2258 = CARTESIAN_POINT('',(92.772483,-32.508241,0.));
#2259 = CIRCLE('',#2260,0.75);
#2260 = AXIS2_PLACEMENT_3D('',#2261,#2262,#2263);
#2261 = CARTESIAN_POINT('',(92.772483,-31.758241,0.));
#2262 = DIRECTION('',(-0.,0.,-1.));
#2263 = DIRECTION('',(-0.,-1.,0.));
#2264 = FACE_BOUND('',#2265,.F.);
#2265 = EDGE_LOOP('',(#2266));
#2266 = ORIENTED_EDGE('',*,*,#2267,.T.);
#2267 = EDGE_CURVE('',#2268,#2268,#2270,.T.);
#2268 = VERTEX_POINT('',#2269);
#2269 = CARTESIAN_POINT('',(78.48675,-29.604443,0.));
#2270 = CIRCLE('',#2271,2.);
#2271 = AXIS2_PLACEMENT_3D('',#2272,#2273,#2274);
#2272 = CARTESIAN_POINT('',(78.48675,-27.604443,0.));
#2273 = DIRECTION('',(-0.,0.,-1.));
#2274 = DIRECTION('',(-0.,-1.,0.));
#2275 = FACE_BOUND('',#2276,.F.);
#2276 = EDGE_LOOP('',(#2277));
#2277 = ORIENTED_EDGE('',*,*,#2278,.T.);
#2278 = EDGE_CURVE('',#2279,#2279,#2281,.T.);
#2279 = VERTEX_POINT('',#2280);
#2280 = CARTESIAN_POINT('',(73.483927,-27.59731,0.));
#2281 = CIRCLE('',#2282,0.875);
#2282 = AXIS2_PLACEMENT_3D('',#2283,#2284,#2285);
#2283 = CARTESIAN_POINT('',(73.483927,-26.72231,0.));
#2284 = DIRECTION('',(-0.,0.,-1.));
#2285 = DIRECTION('',(-0.,-1.,0.));
#2286 = FACE_BOUND('',#2287,.F.);
#2287 = EDGE_LOOP('',(#2288));
#2288 = ORIENTED_EDGE('',*,*,#2289,.T.);
#2289 = EDGE_CURVE('',#2290,#2290,#2292,.T.);
#2290 = VERTEX_POINT('',#2291);
#2291 = CARTESIAN_POINT('',(75.175699,-25.191432,0.));
#2292 = CIRCLE('',#2293,0.75);
#2293 = AXIS2_PLACEMENT_3D('',#2294,#2295,#2296);
#2294 = CARTESIAN_POINT('',(75.175699,-24.441432,0.));
#2295 = DIRECTION('',(-0.,0.,-1.));
#2296 = DIRECTION('',(-0.,-1.,0.));
#2297 = FACE_BOUND('',#2298,.F.);
#2298 = EDGE_LOOP('',(#2299));
#2299 = ORIENTED_EDGE('',*,*,#2300,.T.);
#2300 = EDGE_CURVE('',#2301,#2301,#2303,.T.);
#2301 = VERTEX_POINT('',#2302);
#2302 = CARTESIAN_POINT('',(83.489573,-29.361576,0.));
#2303 = CIRCLE('',#2304,0.875);
#2304 = AXIS2_PLACEMENT_3D('',#2305,#2306,#2307);
#2305 = CARTESIAN_POINT('',(83.489573,-28.486576,0.));
#2306 = DIRECTION('',(-0.,0.,-1.));
#2307 = DIRECTION('',(-0.,-1.,0.));
#2308 = FACE_BOUND('',#2309,.F.);
#2309 = EDGE_LOOP('',(#2310));
#2310 = ORIENTED_EDGE('',*,*,#2311,.T.);
#2311 = EDGE_CURVE('',#2312,#2312,#2314,.T.);
#2312 = VERTEX_POINT('',#2313);
#2313 = CARTESIAN_POINT('',(99.467078,-31.109495,0.));
#2314 = CIRCLE('',#2315,0.75);
#2315 = AXIS2_PLACEMENT_3D('',#2316,#2317,#2318);
#2316 = CARTESIAN_POINT('',(99.467078,-30.359495,0.));
#2317 = DIRECTION('',(-0.,0.,-1.));
#2318 = DIRECTION('',(-0.,-1.,0.));
#2319 = FACE_BOUND('',#2320,.F.);
#2320 = EDGE_LOOP('',(#2321));
#2321 = ORIENTED_EDGE('',*,*,#2322,.T.);
#2322 = EDGE_CURVE('',#2323,#2323,#2325,.T.);
#2323 = VERTEX_POINT('',#2324);
#2324 = CARTESIAN_POINT('',(111.708003,-25.044063,0.));
#2325 = CIRCLE('',#2326,0.875);
#2326 = AXIS2_PLACEMENT_3D('',#2327,#2328,#2329);
#2327 = CARTESIAN_POINT('',(111.708003,-24.169063,0.));
#2328 = DIRECTION('',(-0.,0.,-1.));
#2329 = DIRECTION('',(-0.,-1.,0.));
#2330 = FACE_BOUND('',#2331,.F.);
#2331 = EDGE_LOOP('',(#2332));
#2332 = ORIENTED_EDGE('',*,*,#2333,.T.);
#2333 = EDGE_CURVE('',#2334,#2334,#2336,.T.);
#2334 = VERTEX_POINT('',#2335);
#2335 = CARTESIAN_POINT('',(116.710826,-27.051196,0.));
#2336 = CIRCLE('',#2337,2.);
#2337 = AXIS2_PLACEMENT_3D('',#2338,#2339,#2340);
#2338 = CARTESIAN_POINT('',(116.710826,-25.051196,0.));
#2339 = DIRECTION('',(-0.,0.,-1.));
#2340 = DIRECTION('',(-0.,-1.,0.));
#2341 = FACE_BOUND('',#2342,.F.);
#2342 = EDGE_LOOP('',(#2343));
#2343 = ORIENTED_EDGE('',*,*,#2344,.T.);
#2344 = EDGE_CURVE('',#2345,#2345,#2347,.T.);
#2345 = VERTEX_POINT('',#2346);
#2346 = CARTESIAN_POINT('',(121.713649,-26.808329,0.));
#2347 = CIRCLE('',#2348,0.875);
#2348 = AXIS2_PLACEMENT_3D('',#2349,#2350,#2351);
#2349 = CARTESIAN_POINT('',(121.713649,-25.933329,0.));
#2350 = DIRECTION('',(-0.,0.,-1.));
#2351 = DIRECTION('',(-0.,-1.,0.));
#2352 = FACE_BOUND('',#2353,.F.);
#2353 = EDGE_LOOP('',(#2354));
#2354 = ORIENTED_EDGE('',*,*,#2355,.T.);
#2355 = EDGE_CURVE('',#2356,#2356,#2358,.T.);
#2356 = VERTEX_POINT('',#2357);
#2357 = CARTESIAN_POINT('',(3.2,-19.359997,0.));
#2358 = CIRCLE('',#2359,0.599999);
#2359 = AXIS2_PLACEMENT_3D('',#2360,#2361,#2362);
#2360 = CARTESIAN_POINT('',(3.2,-18.759998,0.));
#2361 = DIRECTION('',(-0.,0.,-1.));
#2362 = DIRECTION('',(-0.,-1.,0.));
#2363 = FACE_BOUND('',#2364,.F.);
#2364 = EDGE_LOOP('',(#2365));
#2365 = ORIENTED_EDGE('',*,*,#2366,.T.);
#2366 = EDGE_CURVE('',#2367,#2367,#2369,.T.);
#2367 = VERTEX_POINT('',#2368);
#2368 = CARTESIAN_POINT('',(3.1,-11.74,0.));
#2369 = CIRCLE('',#2370,0.599999);
#2370 = AXIS2_PLACEMENT_3D('',#2371,#2372,#2373);
#2371 = CARTESIAN_POINT('',(3.1,-11.140001,0.));
#2372 = DIRECTION('',(-0.,0.,-1.));
#2373 = DIRECTION('',(-0.,-1.,0.));
#2374 = FACE_BOUND('',#2375,.F.);
#2375 = EDGE_LOOP('',(#2376));
#2376 = ORIENTED_EDGE('',*,*,#2377,.T.);
#2377 = EDGE_CURVE('',#2378,#2378,#2380,.T.);
#2378 = VERTEX_POINT('',#2379);
#2379 = CARTESIAN_POINT('',(24.206104,-14.954139,0.));
#2380 = CIRCLE('',#2381,2.);
#2381 = AXIS2_PLACEMENT_3D('',#2382,#2383,#2384);
#2382 = CARTESIAN_POINT('',(24.206104,-12.954139,0.));
#2383 = DIRECTION('',(-0.,0.,-1.));
#2384 = DIRECTION('',(-0.,-1.,0.));
#2385 = FACE_BOUND('',#2386,.F.);
#2386 = EDGE_LOOP('',(#2387));
#2387 = ORIENTED_EDGE('',*,*,#2388,.T.);
#2388 = EDGE_CURVE('',#2389,#2389,#2391,.T.);
#2389 = VERTEX_POINT('',#2390);
#2390 = CARTESIAN_POINT('',(19.203281,-12.947006,0.));
#2391 = CIRCLE('',#2392,0.875);
#2392 = AXIS2_PLACEMENT_3D('',#2393,#2394,#2395);
#2393 = CARTESIAN_POINT('',(19.203281,-12.072006,0.));
#2394 = DIRECTION('',(-0.,0.,-1.));
#2395 = DIRECTION('',(-0.,-1.,0.));
#2396 = FACE_BOUND('',#2397,.F.);
#2397 = EDGE_LOOP('',(#2398));
#2398 = ORIENTED_EDGE('',*,*,#2399,.T.);
#2399 = EDGE_CURVE('',#2400,#2400,#2402,.T.);
#2400 = VERTEX_POINT('',#2401);
#2401 = CARTESIAN_POINT('',(29.208927,-14.711272,0.));
#2402 = CIRCLE('',#2403,0.875);
#2403 = AXIS2_PLACEMENT_3D('',#2404,#2405,#2406);
#2404 = CARTESIAN_POINT('',(29.208927,-13.836272,0.));
#2405 = DIRECTION('',(-0.,0.,-1.));
#2406 = DIRECTION('',(-0.,-1.,0.));
#2407 = FACE_BOUND('',#2408,.F.);
#2408 = EDGE_LOOP('',(#2409));
#2409 = ORIENTED_EDGE('',*,*,#2410,.T.);
#2410 = EDGE_CURVE('',#2411,#2411,#2413,.T.);
#2411 = VERTEX_POINT('',#2412);
#2412 = CARTESIAN_POINT('',(20.895053,-10.541128,0.));
#2413 = CIRCLE('',#2414,0.75);
#2414 = AXIS2_PLACEMENT_3D('',#2415,#2416,#2417);
#2415 = CARTESIAN_POINT('',(20.895053,-9.791128,0.));
#2416 = DIRECTION('',(-0.,0.,-1.));
#2417 = DIRECTION('',(-0.,-1.,0.));
#2418 = FACE_BOUND('',#2419,.F.);
#2419 = EDGE_LOOP('',(#2420));
#2420 = ORIENTED_EDGE('',*,*,#2421,.T.);
#2421 = EDGE_CURVE('',#2422,#2422,#2424,.T.);
#2422 = VERTEX_POINT('',#2423);
#2423 = CARTESIAN_POINT('',(3.1,-6.659998,0.));
#2424 = CIRCLE('',#2425,0.599999);
#2425 = AXIS2_PLACEMENT_3D('',#2426,#2427,#2428);
#2426 = CARTESIAN_POINT('',(3.1,-6.059999,0.));
#2427 = DIRECTION('',(-0.,0.,-1.));
#2428 = DIRECTION('',(-0.,-1.,0.));
#2429 = FACE_BOUND('',#2430,.F.);
#2430 = EDGE_LOOP('',(#2431));
#2431 = ORIENTED_EDGE('',*,*,#2432,.T.);
#2432 = EDGE_CURVE('',#2433,#2433,#2435,.T.);
#2433 = VERTEX_POINT('',#2434);
#2434 = CARTESIAN_POINT('',(27.589648,-9.142382,0.));
#2435 = CIRCLE('',#2436,0.75);
#2436 = AXIS2_PLACEMENT_3D('',#2437,#2438,#2439);
#2437 = CARTESIAN_POINT('',(27.589648,-8.392382,0.));
#2438 = DIRECTION('',(-0.,0.,-1.));
#2439 = DIRECTION('',(-0.,-1.,0.));
#2440 = FACE_BOUND('',#2441,.F.);
#2441 = EDGE_LOOP('',(#2442));
#2442 = ORIENTED_EDGE('',*,*,#2443,.T.);
#2443 = EDGE_CURVE('',#2444,#2444,#2446,.T.);
#2444 = VERTEX_POINT('',#2445);
#2445 = CARTESIAN_POINT('',(48.533751,-13.955509,0.));
#2446 = CIRCLE('',#2447,0.875);
#2447 = AXIS2_PLACEMENT_3D('',#2448,#2449,#2450);
#2448 = CARTESIAN_POINT('',(48.533751,-13.080509,0.));
#2449 = DIRECTION('',(-0.,0.,-1.));
#2450 = DIRECTION('',(-0.,-1.,0.));
#2451 = FACE_BOUND('',#2452,.F.);
#2452 = EDGE_LOOP('',(#2453));
#2453 = ORIENTED_EDGE('',*,*,#2454,.T.);
#2454 = EDGE_CURVE('',#2455,#2455,#2457,.T.);
#2455 = VERTEX_POINT('',#2456);
#2456 = CARTESIAN_POINT('',(43.530928,-14.198376,0.));
#2457 = CIRCLE('',#2458,2.);
#2458 = AXIS2_PLACEMENT_3D('',#2459,#2460,#2461);
#2459 = CARTESIAN_POINT('',(43.530928,-12.198376,0.));
#2460 = DIRECTION('',(-0.,0.,-1.));
#2461 = DIRECTION('',(-0.,-1.,0.));
#2462 = FACE_BOUND('',#2463,.F.);
#2463 = EDGE_LOOP('',(#2464));
#2464 = ORIENTED_EDGE('',*,*,#2465,.T.);
#2465 = EDGE_CURVE('',#2466,#2466,#2468,.T.);
#2466 = VERTEX_POINT('',#2467);
#2467 = CARTESIAN_POINT('',(38.528105,-12.191243,0.));
#2468 = CIRCLE('',#2469,0.875);
#2469 = AXIS2_PLACEMENT_3D('',#2470,#2471,#2472);
#2470 = CARTESIAN_POINT('',(38.528105,-11.316243,0.));
#2471 = DIRECTION('',(-0.,0.,-1.));
#2472 = DIRECTION('',(-0.,-1.,0.));
#2473 = FACE_BOUND('',#2474,.F.);
#2474 = EDGE_LOOP('',(#2475));
#2475 = ORIENTED_EDGE('',*,*,#2476,.T.);
#2476 = EDGE_CURVE('',#2477,#2477,#2479,.T.);
#2477 = VERTEX_POINT('',#2478);
#2478 = CARTESIAN_POINT('',(57.351843,-11.397898,0.));
#2479 = CIRCLE('',#2480,0.875);
#2480 = AXIS2_PLACEMENT_3D('',#2481,#2482,#2483);
#2481 = CARTESIAN_POINT('',(57.351843,-10.522898,0.));
#2482 = DIRECTION('',(-0.,0.,-1.));
#2483 = DIRECTION('',(-0.,-1.,0.));
#2484 = FACE_BOUND('',#2485,.F.);
#2485 = EDGE_LOOP('',(#2486));
#2486 = ORIENTED_EDGE('',*,*,#2487,.T.);
#2487 = EDGE_CURVE('',#2488,#2488,#2490,.T.);
#2488 = VERTEX_POINT('',#2489);
#2489 = CARTESIAN_POINT('',(62.354666,-13.405031,0.));
#2490 = CIRCLE('',#2491,2.);
#2491 = AXIS2_PLACEMENT_3D('',#2492,#2493,#2494);
#2492 = CARTESIAN_POINT('',(62.354666,-11.405031,0.));
#2493 = DIRECTION('',(-0.,0.,-1.));
#2494 = DIRECTION('',(3.552713678801E-15,-1.,-0.));
#2495 = FACE_BOUND('',#2496,.F.);
#2496 = EDGE_LOOP('',(#2497));
#2497 = ORIENTED_EDGE('',*,*,#2498,.T.);
#2498 = EDGE_CURVE('',#2499,#2499,#2501,.T.);
#2499 = VERTEX_POINT('',#2500);
#2500 = CARTESIAN_POINT('',(40.219877,-9.785365,0.));
#2501 = CIRCLE('',#2502,0.75);
#2502 = AXIS2_PLACEMENT_3D('',#2503,#2504,#2505);
#2503 = CARTESIAN_POINT('',(40.219877,-9.035365,0.));
#2504 = DIRECTION('',(-0.,0.,-1.));
#2505 = DIRECTION('',(-0.,-1.,0.));
#2506 = FACE_BOUND('',#2507,.F.);
#2507 = EDGE_LOOP('',(#2508));
#2508 = ORIENTED_EDGE('',*,*,#2509,.T.);
#2509 = EDGE_CURVE('',#2510,#2510,#2512,.T.);
#2510 = VERTEX_POINT('',#2511);
#2511 = CARTESIAN_POINT('',(46.914472,-8.386619,0.));
#2512 = CIRCLE('',#2513,0.75);
#2513 = AXIS2_PLACEMENT_3D('',#2514,#2515,#2516);
#2514 = CARTESIAN_POINT('',(46.914472,-7.636619,0.));
#2515 = DIRECTION('',(-0.,0.,-1.));
#2516 = DIRECTION('',(-0.,-1.,0.));
#2517 = FACE_BOUND('',#2518,.F.);
#2518 = EDGE_LOOP('',(#2519));
#2519 = ORIENTED_EDGE('',*,*,#2520,.T.);
#2520 = EDGE_CURVE('',#2521,#2521,#2523,.T.);
#2521 = VERTEX_POINT('',#2522);
#2522 = CARTESIAN_POINT('',(59.043615,-8.99202,0.));
#2523 = CIRCLE('',#2524,0.75);
#2524 = AXIS2_PLACEMENT_3D('',#2525,#2526,#2527);
#2525 = CARTESIAN_POINT('',(59.043615,-8.24202,0.));
#2526 = DIRECTION('',(-0.,0.,-1.));
#2527 = DIRECTION('',(-0.,-1.,0.));
#2528 = FACE_BOUND('',#2529,.F.);
#2529 = EDGE_LOOP('',(#2530));
#2530 = ORIENTED_EDGE('',*,*,#2531,.T.);
#2531 = EDGE_CURVE('',#2532,#2532,#2534,.T.);
#2532 = VERTEX_POINT('',#2533);
#2533 = CARTESIAN_POINT('',(81.870294,-23.792686,0.));
#2534 = CIRCLE('',#2535,0.75);
#2535 = AXIS2_PLACEMENT_3D('',#2536,#2537,#2538);
#2536 = CARTESIAN_POINT('',(81.870294,-23.042686,0.));
#2537 = DIRECTION('',(-0.,0.,-1.));
#2538 = DIRECTION('',(-0.,-1.,0.));
#2539 = FACE_BOUND('',#2540,.F.);
#2540 = EDGE_LOOP('',(#2541));
#2541 = ORIENTED_EDGE('',*,*,#2542,.T.);
#2542 = EDGE_CURVE('',#2543,#2543,#2545,.T.);
#2543 = VERTEX_POINT('',#2544);
#2544 = CARTESIAN_POINT('',(94.07649,-17.924216,0.));
#2545 = CIRCLE('',#2546,0.875);
#2546 = AXIS2_PLACEMENT_3D('',#2547,#2548,#2549);
#2547 = CARTESIAN_POINT('',(94.07649,-17.049216,0.));
#2548 = DIRECTION('',(-0.,0.,-1.));
#2549 = DIRECTION('',(-0.,-1.,0.));
#2550 = FACE_BOUND('',#2551,.F.);
#2551 = EDGE_LOOP('',(#2552));
#2552 = ORIENTED_EDGE('',*,*,#2553,.T.);
#2553 = EDGE_CURVE('',#2554,#2554,#2556,.T.);
#2554 = VERTEX_POINT('',#2555);
#2555 = CARTESIAN_POINT('',(95.768262,-15.518338,0.));
#2556 = CIRCLE('',#2557,0.75);
#2557 = AXIS2_PLACEMENT_3D('',#2558,#2559,#2560);
#2558 = CARTESIAN_POINT('',(95.768262,-14.768338,0.));
#2559 = DIRECTION('',(-0.,0.,-1.));
#2560 = DIRECTION('',(-0.,-1.,0.));
#2561 = FACE_BOUND('',#2562,.F.);
#2562 = EDGE_LOOP('',(#2563));
#2563 = ORIENTED_EDGE('',*,*,#2564,.T.);
#2564 = EDGE_CURVE('',#2565,#2565,#2567,.T.);
#2565 = VERTEX_POINT('',#2566);
#2566 = CARTESIAN_POINT('',(113.399775,-22.638185,0.));
#2567 = CIRCLE('',#2568,0.75);
#2568 = AXIS2_PLACEMENT_3D('',#2569,#2570,#2571);
#2569 = CARTESIAN_POINT('',(113.399775,-21.888185,0.));
#2570 = DIRECTION('',(-0.,0.,-1.));
#2571 = DIRECTION('',(-0.,-1.,0.));
#2572 = FACE_BOUND('',#2573,.F.);
#2573 = EDGE_LOOP('',(#2574));
#2574 = ORIENTED_EDGE('',*,*,#2575,.T.);
#2575 = EDGE_CURVE('',#2576,#2576,#2578,.T.);
#2576 = VERTEX_POINT('',#2577);
#2577 = CARTESIAN_POINT('',(120.09437,-21.239439,0.));
#2578 = CIRCLE('',#2579,0.75);
#2579 = AXIS2_PLACEMENT_3D('',#2580,#2581,#2582);
#2580 = CARTESIAN_POINT('',(120.09437,-20.489439,0.));
#2581 = DIRECTION('',(-0.,0.,-1.));
#2582 = DIRECTION('',(-0.,-1.,0.));
#2583 = FACE_BOUND('',#2584,.F.);
#2584 = EDGE_LOOP('',(#2585));
#2585 = ORIENTED_EDGE('',*,*,#2586,.T.);
#2586 = EDGE_CURVE('',#2587,#2587,#2589,.T.);
#2587 = VERTEX_POINT('',#2588);
#2588 = CARTESIAN_POINT('',(99.079313,-19.931349,0.));
#2589 = CIRCLE('',#2590,2.);
#2590 = AXIS2_PLACEMENT_3D('',#2591,#2592,#2593);
#2591 = CARTESIAN_POINT('',(99.079313,-17.931349,0.));
#2592 = DIRECTION('',(-0.,0.,-1.));
#2593 = DIRECTION('',(-0.,-1.,0.));
#2594 = FACE_BOUND('',#2595,.F.);
#2595 = EDGE_LOOP('',(#2596));
#2596 = ORIENTED_EDGE('',*,*,#2597,.T.);
#2597 = EDGE_CURVE('',#2598,#2598,#2600,.T.);
#2598 = VERTEX_POINT('',#2599);
#2599 = CARTESIAN_POINT('',(104.082136,-19.688482,0.));
#2600 = CIRCLE('',#2601,0.875);
#2601 = AXIS2_PLACEMENT_3D('',#2602,#2603,#2604);
#2602 = CARTESIAN_POINT('',(104.082136,-18.813482,0.));
#2603 = DIRECTION('',(-0.,0.,-1.));
#2604 = DIRECTION('',(-0.,-1.,0.));
#2605 = FACE_BOUND('',#2606,.F.);
#2606 = EDGE_LOOP('',(#2607));
#2607 = ORIENTED_EDGE('',*,*,#2608,.T.);
#2608 = EDGE_CURVE('',#2609,#2609,#2611,.T.);
#2609 = VERTEX_POINT('',#2610);
#2610 = CARTESIAN_POINT('',(67.357489,-13.162164,0.));
#2611 = CIRCLE('',#2612,0.875);
#2612 = AXIS2_PLACEMENT_3D('',#2613,#2614,#2615);
#2613 = CARTESIAN_POINT('',(67.357489,-12.287164,0.));
#2614 = DIRECTION('',(-0.,0.,-1.));
#2615 = DIRECTION('',(-0.,-1.,0.));
#2616 = FACE_BOUND('',#2617,.F.);
#2617 = EDGE_LOOP('',(#2618));
#2618 = ORIENTED_EDGE('',*,*,#2619,.T.);
#2619 = EDGE_CURVE('',#2620,#2620,#2622,.T.);
#2620 = VERTEX_POINT('',#2621);
#2621 = CARTESIAN_POINT('',(76.479705,-10.607409,0.));
#2622 = CIRCLE('',#2623,0.875);
#2623 = AXIS2_PLACEMENT_3D('',#2624,#2625,#2626);
#2624 = CARTESIAN_POINT('',(76.479705,-9.732409,0.));
#2625 = DIRECTION('',(-0.,0.,-1.));
#2626 = DIRECTION('',(-0.,-1.,0.));
#2627 = FACE_BOUND('',#2628,.F.);
#2628 = EDGE_LOOP('',(#2629));
#2629 = ORIENTED_EDGE('',*,*,#2630,.T.);
#2630 = EDGE_CURVE('',#2631,#2631,#2633,.T.);
#2631 = VERTEX_POINT('',#2632);
#2632 = CARTESIAN_POINT('',(81.482528,-12.614542,0.));
#2633 = CIRCLE('',#2634,2.);
#2634 = AXIS2_PLACEMENT_3D('',#2635,#2636,#2637);
#2635 = CARTESIAN_POINT('',(81.482528,-10.614542,0.));
#2636 = DIRECTION('',(-0.,0.,-1.));
#2637 = DIRECTION('',(-0.,-1.,0.));
#2638 = FACE_BOUND('',#2639,.F.);
#2639 = EDGE_LOOP('',(#2640));
#2640 = ORIENTED_EDGE('',*,*,#2641,.T.);
#2641 = EDGE_CURVE('',#2642,#2642,#2644,.T.);
#2642 = VERTEX_POINT('',#2643);
#2643 = CARTESIAN_POINT('',(86.485351,-12.371675,0.));
#2644 = CIRCLE('',#2645,0.875);
#2645 = AXIS2_PLACEMENT_3D('',#2646,#2647,#2648);
#2646 = CARTESIAN_POINT('',(86.485351,-11.496675,0.));
#2647 = DIRECTION('',(-0.,0.,-1.));
#2648 = DIRECTION('',(-0.,-1.,0.));
#2649 = FACE_BOUND('',#2650,.F.);
#2650 = EDGE_LOOP('',(#2651));
#2651 = ORIENTED_EDGE('',*,*,#2652,.T.);
#2652 = EDGE_CURVE('',#2653,#2653,#2655,.T.);
#2653 = VERTEX_POINT('',#2654);
#2654 = CARTESIAN_POINT('',(65.73821,-7.593274,0.));
#2655 = CIRCLE('',#2656,0.75);
#2656 = AXIS2_PLACEMENT_3D('',#2657,#2658,#2659);
#2657 = CARTESIAN_POINT('',(65.73821,-6.843274,0.));
#2658 = DIRECTION('',(-0.,0.,-1.));
#2659 = DIRECTION('',(-0.,-1.,0.));
#2660 = FACE_BOUND('',#2661,.F.);
#2661 = EDGE_LOOP('',(#2662));
#2662 = ORIENTED_EDGE('',*,*,#2663,.T.);
#2663 = EDGE_CURVE('',#2664,#2664,#2666,.T.);
#2664 = VERTEX_POINT('',#2665);
#2665 = CARTESIAN_POINT('',(78.171477,-8.201531,0.));
#2666 = CIRCLE('',#2667,0.75);
#2667 = AXIS2_PLACEMENT_3D('',#2668,#2669,#2670);
#2668 = CARTESIAN_POINT('',(78.171477,-7.451531,0.));
#2669 = DIRECTION('',(-0.,0.,-1.));
#2670 = DIRECTION('',(-0.,-1.,0.));
#2671 = FACE_BOUND('',#2672,.F.);
#2672 = EDGE_LOOP('',(#2673));
#2673 = ORIENTED_EDGE('',*,*,#2674,.T.);
#2674 = EDGE_CURVE('',#2675,#2675,#2677,.T.);
#2675 = VERTEX_POINT('',#2676);
#2676 = CARTESIAN_POINT('',(84.866072,-6.802785,0.));
#2677 = CIRCLE('',#2678,0.75);
#2678 = AXIS2_PLACEMENT_3D('',#2679,#2680,#2681);
#2679 = CARTESIAN_POINT('',(84.866072,-6.052785,0.));
#2680 = DIRECTION('',(-0.,0.,-1.));
#2681 = DIRECTION('',(-0.,-1.,0.));
#2682 = FACE_BOUND('',#2683,.F.);
#2683 = EDGE_LOOP('',(#2684));
#2684 = ORIENTED_EDGE('',*,*,#2685,.T.);
#2685 = EDGE_CURVE('',#2686,#2686,#2688,.T.);
#2686 = VERTEX_POINT('',#2687);
#2687 = CARTESIAN_POINT('',(102.462857,-14.119592,0.));
#2688 = CIRCLE('',#2689,0.75);
#2689 = AXIS2_PLACEMENT_3D('',#2690,#2691,#2692);
#2690 = CARTESIAN_POINT('',(102.462857,-13.369592,0.));
#2691 = DIRECTION('',(-0.,0.,-1.));
#2692 = DIRECTION('',(-0.,-1.,0.));
#2693 = FACE_BOUND('',#2694,.F.);
#2694 = EDGE_LOOP('',(#2695));
#2695 = ORIENTED_EDGE('',*,*,#2696,.T.);
#2696 = EDGE_CURVE('',#2697,#2697,#2699,.T.);
#2697 = VERTEX_POINT('',#2698);
#2698 = CARTESIAN_POINT('',(140.245877,-43.798233,0.));
#2699 = CIRCLE('',#2700,0.875);
#2700 = AXIS2_PLACEMENT_3D('',#2701,#2702,#2703);
#2701 = CARTESIAN_POINT('',(140.245877,-42.923233,0.));
#2702 = DIRECTION('',(-0.,0.,-1.));
#2703 = DIRECTION('',(-0.,-1.,0.));
#2704 = FACE_BOUND('',#2705,.F.);
#2705 = EDGE_LOOP('',(#2706));
#2706 = ORIENTED_EDGE('',*,*,#2707,.T.);
#2707 = EDGE_CURVE('',#2708,#2708,#2710,.T.);
#2708 = VERTEX_POINT('',#2709);
#2709 = CARTESIAN_POINT('',(134.4,-40.150012,0.));
#2710 = CIRCLE('',#2711,0.550012);
#2711 = AXIS2_PLACEMENT_3D('',#2712,#2713,#2714);
#2712 = CARTESIAN_POINT('',(134.4,-39.6,0.));
#2713 = DIRECTION('',(-0.,0.,-1.));
#2714 = DIRECTION('',(5.167470787983E-14,-1.,-0.));
#2715 = FACE_BOUND('',#2716,.F.);
#2716 = EDGE_LOOP('',(#2717));
#2717 = ORIENTED_EDGE('',*,*,#2718,.T.);
#2718 = EDGE_CURVE('',#2719,#2719,#2721,.T.);
#2719 = VERTEX_POINT('',#2720);
#2720 = CARTESIAN_POINT('',(141.055516,-40.951288,0.));
#2721 = CIRCLE('',#2722,0.75);
#2722 = AXIS2_PLACEMENT_3D('',#2723,#2724,#2725);
#2723 = CARTESIAN_POINT('',(141.055516,-40.201288,0.));
#2724 = DIRECTION('',(-0.,0.,-1.));
#2725 = DIRECTION('',(-0.,-1.,0.));
#2726 = FACE_BOUND('',#2727,.F.);
#2727 = EDGE_LOOP('',(#2728));
#2728 = ORIENTED_EDGE('',*,*,#2729,.T.);
#2729 = EDGE_CURVE('',#2730,#2730,#2732,.T.);
#2730 = VERTEX_POINT('',#2731);
#2731 = CARTESIAN_POINT('',(145.2487,-44.0411,0.));
#2732 = CIRCLE('',#2733,2.);
#2733 = AXIS2_PLACEMENT_3D('',#2734,#2735,#2736);
#2734 = CARTESIAN_POINT('',(145.2487,-42.0411,0.));
#2735 = DIRECTION('',(-0.,0.,-1.));
#2736 = DIRECTION('',(-0.,-1.,0.));
#2737 = FACE_BOUND('',#2738,.F.);
#2738 = EDGE_LOOP('',(#2739));
#2739 = ORIENTED_EDGE('',*,*,#2740,.T.);
#2740 = EDGE_CURVE('',#2741,#2741,#2743,.T.);
#2741 = VERTEX_POINT('',#2742);
#2742 = CARTESIAN_POINT('',(150.251523,-42.033967,0.));
#2743 = CIRCLE('',#2744,0.875);
#2744 = AXIS2_PLACEMENT_3D('',#2745,#2746,#2747);
#2745 = CARTESIAN_POINT('',(150.251523,-41.158967,0.));
#2746 = DIRECTION('',(-0.,0.,-1.));
#2747 = DIRECTION('',(-0.,-1.,0.));
#2748 = FACE_BOUND('',#2749,.F.);
#2749 = EDGE_LOOP('',(#2750));
#2750 = ORIENTED_EDGE('',*,*,#2751,.T.);
#2751 = EDGE_CURVE('',#2752,#2752,#2754,.T.);
#2752 = VERTEX_POINT('',#2753);
#2753 = CARTESIAN_POINT('',(146.867979,-37.34721,0.));
#2754 = CIRCLE('',#2755,0.75);
#2755 = AXIS2_PLACEMENT_3D('',#2756,#2757,#2758);
#2756 = CARTESIAN_POINT('',(146.867979,-36.59721,0.));
#2757 = DIRECTION('',(-0.,0.,-1.));
#2758 = DIRECTION('',(-0.,-1.,0.));
#2759 = FACE_BOUND('',#2760,.F.);
#2760 = EDGE_LOOP('',(#2761));
#2761 = ORIENTED_EDGE('',*,*,#2762,.T.);
#2762 = EDGE_CURVE('',#2763,#2763,#2765,.T.);
#2763 = VERTEX_POINT('',#2764);
#2764 = CARTESIAN_POINT('',(157.877377,-36.678385,0.));
#2765 = CIRCLE('',#2766,0.875);
#2766 = AXIS2_PLACEMENT_3D('',#2767,#2768,#2769);
#2767 = CARTESIAN_POINT('',(157.877377,-35.803385,0.));
#2768 = DIRECTION('',(-0.,0.,-1.));
#2769 = DIRECTION('',(-0.,-1.,0.));
#2770 = FACE_BOUND('',#2771,.F.);
#2771 = EDGE_LOOP('',(#2772));
#2772 = ORIENTED_EDGE('',*,*,#2773,.T.);
#2773 = EDGE_CURVE('',#2774,#2774,#2776,.T.);
#2774 = VERTEX_POINT('',#2775);
#2775 = CARTESIAN_POINT('',(179.279616,-43.504535,0.));
#2776 = CIRCLE('',#2777,0.75);
#2777 = AXIS2_PLACEMENT_3D('',#2778,#2779,#2780);
#2778 = CARTESIAN_POINT('',(179.279616,-42.754535,0.));
#2779 = DIRECTION('',(-0.,0.,-1.));
#2780 = DIRECTION('',(-0.,-1.,0.));
#2781 = FACE_BOUND('',#2782,.F.);
#2782 = EDGE_LOOP('',(#2783));
#2783 = ORIENTED_EDGE('',*,*,#2784,.T.);
#2784 = EDGE_CURVE('',#2785,#2785,#2787,.T.);
#2785 = VERTEX_POINT('',#2786);
#2786 = CARTESIAN_POINT('',(185.092079,-39.900457,0.));
#2787 = CIRCLE('',#2788,0.75);
#2788 = AXIS2_PLACEMENT_3D('',#2789,#2790,#2791);
#2789 = CARTESIAN_POINT('',(185.092079,-39.150457,0.));
#2790 = DIRECTION('',(-0.,0.,-1.));
#2791 = DIRECTION('',(-0.,-1.,0.));
#2792 = FACE_BOUND('',#2793,.F.);
#2793 = EDGE_LOOP('',(#2794));
#2794 = ORIENTED_EDGE('',*,*,#2795,.T.);
#2795 = EDGE_CURVE('',#2796,#2796,#2798,.T.);
#2796 = VERTEX_POINT('',#2797);
#2797 = CARTESIAN_POINT('',(162.8802,-36.921252,0.));
#2798 = CIRCLE('',#2799,2.);
#2799 = AXIS2_PLACEMENT_3D('',#2800,#2801,#2802);
#2800 = CARTESIAN_POINT('',(162.8802,-34.921252,0.));
#2801 = DIRECTION('',(-0.,0.,-1.));
#2802 = DIRECTION('',(-0.,-1.,0.));
#2803 = FACE_BOUND('',#2804,.F.);
#2804 = EDGE_LOOP('',(#2805));
#2805 = ORIENTED_EDGE('',*,*,#2806,.T.);
#2806 = EDGE_CURVE('',#2807,#2807,#2809,.T.);
#2807 = VERTEX_POINT('',#2808);
#2808 = CARTESIAN_POINT('',(167.883023,-34.914119,0.));
#2809 = CIRCLE('',#2810,0.875);
#2810 = AXIS2_PLACEMENT_3D('',#2811,#2812,#2813);
#2811 = CARTESIAN_POINT('',(167.883023,-34.039119,0.));
#2812 = DIRECTION('',(-0.,0.,-1.));
#2813 = DIRECTION('',(-0.,-1.,0.));
#2814 = FACE_BOUND('',#2815,.F.);
#2815 = EDGE_LOOP('',(#2816));
#2816 = ORIENTED_EDGE('',*,*,#2817,.T.);
#2817 = EDGE_CURVE('',#2818,#2818,#2820,.T.);
#2818 = VERTEX_POINT('',#2819);
#2819 = CARTESIAN_POINT('',(158.687016,-33.83144,0.));
#2820 = CIRCLE('',#2821,0.75);
#2821 = AXIS2_PLACEMENT_3D('',#2822,#2823,#2824);
#2822 = CARTESIAN_POINT('',(158.687016,-33.08144,0.));
#2823 = DIRECTION('',(-0.,0.,-1.));
#2824 = DIRECTION('',(-0.,-1.,0.));
#2825 = FACE_BOUND('',#2826,.F.);
#2826 = EDGE_LOOP('',(#2827));
#2827 = ORIENTED_EDGE('',*,*,#2828,.T.);
#2828 = EDGE_CURVE('',#2829,#2829,#2831,.T.);
#2829 = VERTEX_POINT('',#2830);
#2830 = CARTESIAN_POINT('',(137.250077,-26.808329,0.));
#2831 = CIRCLE('',#2832,0.875);
#2832 = AXIS2_PLACEMENT_3D('',#2833,#2834,#2835);
#2833 = CARTESIAN_POINT('',(137.250077,-25.933329,0.));
#2834 = DIRECTION('',(-0.,0.,-1.));
#2835 = DIRECTION('',(-0.,-1.,0.));
#2836 = FACE_BOUND('',#2837,.F.);
#2837 = EDGE_LOOP('',(#2838));
#2838 = ORIENTED_EDGE('',*,*,#2839,.T.);
#2839 = EDGE_CURVE('',#2840,#2840,#2842,.T.);
#2840 = VERTEX_POINT('',#2841);
#2841 = CARTESIAN_POINT('',(142.2529,-27.051196,0.));
#2842 = CIRCLE('',#2843,2.);
#2843 = AXIS2_PLACEMENT_3D('',#2844,#2845,#2846);
#2844 = CARTESIAN_POINT('',(142.2529,-25.051196,0.));
#2845 = DIRECTION('',(-0.,0.,-1.));
#2846 = DIRECTION('',(-0.,-1.,0.));
#2847 = FACE_BOUND('',#2848,.F.);
#2848 = EDGE_LOOP('',(#2849));
#2849 = ORIENTED_EDGE('',*,*,#2850,.T.);
#2850 = EDGE_CURVE('',#2851,#2851,#2853,.T.);
#2851 = VERTEX_POINT('',#2852);
#2852 = CARTESIAN_POINT('',(147.255723,-25.044063,0.));
#2853 = CIRCLE('',#2854,0.875);
#2854 = AXIS2_PLACEMENT_3D('',#2855,#2856,#2857);
#2855 = CARTESIAN_POINT('',(147.255723,-24.169063,0.));
#2856 = DIRECTION('',(-0.,0.,-1.));
#2857 = DIRECTION('',(-0.,-1.,0.));
#2858 = FACE_BOUND('',#2859,.F.);
#2859 = EDGE_LOOP('',(#2860));
#2860 = ORIENTED_EDGE('',*,*,#2861,.T.);
#2861 = EDGE_CURVE('',#2862,#2862,#2864,.T.);
#2862 = VERTEX_POINT('',#2863);
#2863 = CARTESIAN_POINT('',(164.499479,-30.227362,0.));
#2864 = CIRCLE('',#2865,0.75);
#2865 = AXIS2_PLACEMENT_3D('',#2866,#2867,#2868);
#2866 = CARTESIAN_POINT('',(164.499479,-29.477362,0.));
#2867 = DIRECTION('',(-0.,0.,-1.));
#2868 = DIRECTION('',(-0.,-1.,0.));
#2869 = FACE_BOUND('',#2870,.F.);
#2870 = EDGE_LOOP('',(#2871));
#2871 = ORIENTED_EDGE('',*,*,#2872,.T.);
#2872 = EDGE_CURVE('',#2873,#2873,#2875,.T.);
#2873 = VERTEX_POINT('',#2874);
#2874 = CARTESIAN_POINT('',(175.474177,-29.361576,0.));
#2875 = CIRCLE('',#2876,0.875);
#2876 = AXIS2_PLACEMENT_3D('',#2877,#2878,#2879);
#2877 = CARTESIAN_POINT('',(175.474177,-28.486576,0.));
#2878 = DIRECTION('',(-0.,0.,-1.));
#2879 = DIRECTION('',(-0.,-1.,0.));
#2880 = FACE_BOUND('',#2881,.F.);
#2881 = EDGE_LOOP('',(#2882));
#2882 = ORIENTED_EDGE('',*,*,#2883,.T.);
#2883 = EDGE_CURVE('',#2884,#2884,#2886,.T.);
#2884 = VERTEX_POINT('',#2885);
#2885 = CARTESIAN_POINT('',(176.283816,-26.514631,0.));
#2886 = CIRCLE('',#2887,0.75);
#2887 = AXIS2_PLACEMENT_3D('',#2888,#2889,#2890);
#2888 = CARTESIAN_POINT('',(176.283816,-25.764631,0.));
#2889 = DIRECTION('',(-0.,0.,-1.));
#2890 = DIRECTION('',(-0.,-1.,0.));
#2891 = FACE_BOUND('',#2892,.F.);
#2892 = EDGE_LOOP('',(#2893));
#2893 = ORIENTED_EDGE('',*,*,#2894,.T.);
#2894 = EDGE_CURVE('',#2895,#2895,#2897,.T.);
#2895 = VERTEX_POINT('',#2896);
#2896 = CARTESIAN_POINT('',(180.477,-29.604443,0.));
#2897 = CIRCLE('',#2898,2.);
#2898 = AXIS2_PLACEMENT_3D('',#2899,#2900,#2901);
#2899 = CARTESIAN_POINT('',(180.477,-27.604443,0.));
#2900 = DIRECTION('',(-0.,0.,-1.));
#2901 = DIRECTION('',(-0.,-1.,0.));
#2902 = FACE_BOUND('',#2903,.F.);
#2903 = EDGE_LOOP('',(#2904));
#2904 = ORIENTED_EDGE('',*,*,#2905,.T.);
#2905 = EDGE_CURVE('',#2906,#2906,#2908,.T.);
#2906 = VERTEX_POINT('',#2907);
#2907 = CARTESIAN_POINT('',(185.479823,-27.59731,0.));
#2908 = CIRCLE('',#2909,0.875);
#2909 = AXIS2_PLACEMENT_3D('',#2910,#2911,#2912);
#2910 = CARTESIAN_POINT('',(185.479823,-26.72231,0.));
#2911 = DIRECTION('',(-0.,0.,-1.));
#2912 = DIRECTION('',(-0.,-1.,0.));
#2913 = FACE_BOUND('',#2914,.F.);
#2914 = EDGE_LOOP('',(#2915));
#2915 = ORIENTED_EDGE('',*,*,#2916,.T.);
#2916 = EDGE_CURVE('',#2917,#2917,#2919,.T.);
#2917 = VERTEX_POINT('',#2918);
#2918 = CARTESIAN_POINT('',(204.219879,-40.690948,0.));
#2919 = CIRCLE('',#2920,0.75);
#2920 = AXIS2_PLACEMENT_3D('',#2921,#2922,#2923);
#2921 = CARTESIAN_POINT('',(204.219879,-39.940948,0.));
#2922 = DIRECTION('',(-0.,0.,-1.));
#2923 = DIRECTION('',(-0.,-1.,0.));
#2924 = FACE_BOUND('',#2925,.F.);
#2925 = EDGE_LOOP('',(#2926));
#2926 = ORIENTED_EDGE('',*,*,#2927,.T.);
#2927 = EDGE_CURVE('',#2928,#2928,#2930,.T.);
#2928 = VERTEX_POINT('',#2929);
#2929 = CARTESIAN_POINT('',(223.043679,-41.484294,0.));
#2930 = CIRCLE('',#2931,0.75);
#2931 = AXIS2_PLACEMENT_3D('',#2932,#2933,#2934);
#2932 = CARTESIAN_POINT('',(223.043679,-40.734294,0.));
#2933 = DIRECTION('',(-0.,0.,-1.));
#2934 = DIRECTION('',(-0.,-1.,0.));
#2935 = FACE_BOUND('',#2936,.F.);
#2936 = EDGE_LOOP('',(#2937));
#2937 = ORIENTED_EDGE('',*,*,#2938,.T.);
#2938 = EDGE_CURVE('',#2939,#2939,#2941,.T.);
#2939 = VERTEX_POINT('',#2940);
#2940 = CARTESIAN_POINT('',(242.008979,-42.240055,0.));
#2941 = CIRCLE('',#2942,0.75);
#2942 = AXIS2_PLACEMENT_3D('',#2943,#2944,#2945);
#2943 = CARTESIAN_POINT('',(242.008979,-41.490055,0.));
#2944 = DIRECTION('',(-0.,0.,-1.));
#2945 = DIRECTION('',(-0.,-1.,0.));
#2946 = FACE_BOUND('',#2947,.F.);
#2947 = EDGE_LOOP('',(#2948));
#2948 = ORIENTED_EDGE('',*,*,#2949,.T.);
#2949 = EDGE_CURVE('',#2950,#2950,#2952,.T.);
#2950 = VERTEX_POINT('',#2951);
#2951 = CARTESIAN_POINT('',(255.7,-37.94,0.));
#2952 = CIRCLE('',#2953,0.599999);
#2953 = AXIS2_PLACEMENT_3D('',#2954,#2955,#2956);
#2954 = CARTESIAN_POINT('',(255.7,-37.340001,0.));
#2955 = DIRECTION('',(-0.,0.,-1.));
#2956 = DIRECTION('',(-0.,-1.,0.));
#2957 = FACE_BOUND('',#2958,.F.);
#2958 = EDGE_LOOP('',(#2959));
#2959 = ORIENTED_EDGE('',*,*,#2960,.T.);
#2960 = EDGE_CURVE('',#2961,#2961,#2963,.T.);
#2961 = VERTEX_POINT('',#2962);
#2962 = CARTESIAN_POINT('',(194.602077,-30.152068,0.));
#2963 = CIRCLE('',#2964,0.875);
#2964 = AXIS2_PLACEMENT_3D('',#2965,#2966,#2967);
#2965 = CARTESIAN_POINT('',(194.602077,-29.277068,0.));
#2966 = DIRECTION('',(-0.,0.,-1.));
#2967 = DIRECTION('',(-0.,-1.,0.));
#2968 = FACE_BOUND('',#2969,.F.);
#2969 = EDGE_LOOP('',(#2970));
#2970 = ORIENTED_EDGE('',*,*,#2971,.T.);
#2971 = EDGE_CURVE('',#2972,#2972,#2974,.T.);
#2972 = VERTEX_POINT('',#2973);
#2973 = CARTESIAN_POINT('',(213.425777,-30.945413,0.));
#2974 = CIRCLE('',#2975,0.875);
#2975 = AXIS2_PLACEMENT_3D('',#2976,#2977,#2978);
#2976 = CARTESIAN_POINT('',(213.425777,-30.070413,0.));
#2977 = DIRECTION('',(-0.,0.,-1.));
#2978 = DIRECTION('',(-0.,-1.,0.));
#2979 = FACE_BOUND('',#2980,.F.);
#2980 = EDGE_LOOP('',(#2981));
#2981 = ORIENTED_EDGE('',*,*,#2982,.T.);
#2982 = EDGE_CURVE('',#2983,#2983,#2985,.T.);
#2983 = VERTEX_POINT('',#2984);
#2984 = CARTESIAN_POINT('',(218.4286,-31.18828,0.));
#2985 = CIRCLE('',#2986,2.);
#2986 = AXIS2_PLACEMENT_3D('',#2987,#2988,#2989);
#2987 = CARTESIAN_POINT('',(218.4286,-29.18828,0.));
#2988 = DIRECTION('',(-0.,0.,-1.));
#2989 = DIRECTION('',(-0.,-1.,0.));
#2990 = FACE_BOUND('',#2991,.F.);
#2991 = EDGE_LOOP('',(#2992));
#2992 = ORIENTED_EDGE('',*,*,#2993,.T.);
#2993 = EDGE_CURVE('',#2994,#2994,#2996,.T.);
#2994 = VERTEX_POINT('',#2995);
#2995 = CARTESIAN_POINT('',(199.6049,-30.394935,0.));
#2996 = CIRCLE('',#2997,2.);
#2997 = AXIS2_PLACEMENT_3D('',#2998,#2999,#3000);
#2998 = CARTESIAN_POINT('',(199.6049,-28.394935,0.));
#2999 = DIRECTION('',(-0.,0.,-1.));
#3000 = DIRECTION('',(-0.,-1.,0.));
#3001 = FACE_BOUND('',#3002,.F.);
#3002 = EDGE_LOOP('',(#3003));
#3003 = ORIENTED_EDGE('',*,*,#3004,.T.);
#3004 = EDGE_CURVE('',#3005,#3005,#3007,.T.);
#3005 = VERTEX_POINT('',#3006);
#3006 = CARTESIAN_POINT('',(195.411716,-27.305123,0.));
#3007 = CIRCLE('',#3008,0.75);
#3008 = AXIS2_PLACEMENT_3D('',#3009,#3010,#3011);
#3009 = CARTESIAN_POINT('',(195.411716,-26.555123,0.));
#3010 = DIRECTION('',(-0.,0.,-1.));
#3011 = DIRECTION('',(-0.,-1.,0.));
#3012 = FACE_BOUND('',#3013,.F.);
#3013 = EDGE_LOOP('',(#3014));
#3014 = ORIENTED_EDGE('',*,*,#3015,.T.);
#3015 = EDGE_CURVE('',#3016,#3016,#3018,.T.);
#3016 = VERTEX_POINT('',#3017);
#3017 = CARTESIAN_POINT('',(204.607723,-28.387802,0.));
#3018 = CIRCLE('',#3019,0.875);
#3019 = AXIS2_PLACEMENT_3D('',#3020,#3021,#3022);
#3020 = CARTESIAN_POINT('',(204.607723,-27.512802,0.));
#3021 = DIRECTION('',(-0.,0.,-1.));
#3022 = DIRECTION('',(-0.,-1.,0.));
#3023 = FACE_BOUND('',#3024,.F.);
#3024 = EDGE_LOOP('',(#3025));
#3025 = ORIENTED_EDGE('',*,*,#3026,.T.);
#3026 = EDGE_CURVE('',#3027,#3027,#3029,.T.);
#3027 = VERTEX_POINT('',#3028);
#3028 = CARTESIAN_POINT('',(214.235416,-28.098468,0.));
#3029 = CIRCLE('',#3030,0.75);
#3030 = AXIS2_PLACEMENT_3D('',#3031,#3032,#3033);
#3031 = CARTESIAN_POINT('',(214.235416,-27.348468,0.));
#3032 = DIRECTION('',(-0.,0.,-1.));
#3033 = DIRECTION('',(-0.,-1.,0.));
#3034 = FACE_BOUND('',#3035,.F.);
#3035 = EDGE_LOOP('',(#3036));
#3036 = ORIENTED_EDGE('',*,*,#3037,.T.);
#3037 = EDGE_CURVE('',#3038,#3038,#3040,.T.);
#3038 = VERTEX_POINT('',#3039);
#3039 = CARTESIAN_POINT('',(223.431423,-29.181147,0.));
#3040 = CIRCLE('',#3041,0.875);
#3041 = AXIS2_PLACEMENT_3D('',#3042,#3043,#3044);
#3042 = CARTESIAN_POINT('',(223.431423,-28.306147,0.));
#3043 = DIRECTION('',(-0.,0.,-1.));
#3044 = DIRECTION('',(-0.,-1.,0.));
#3045 = FACE_BOUND('',#3046,.F.);
#3046 = EDGE_LOOP('',(#3047));
#3047 = ORIENTED_EDGE('',*,*,#3048,.T.);
#3048 = EDGE_CURVE('',#3049,#3049,#3051,.T.);
#3049 = VERTEX_POINT('',#3050);
#3050 = CARTESIAN_POINT('',(220.047879,-24.49439,0.));
#3051 = CIRCLE('',#3052,0.75);
#3052 = AXIS2_PLACEMENT_3D('',#3053,#3054,#3055);
#3053 = CARTESIAN_POINT('',(220.047879,-23.74439,0.));
#3054 = DIRECTION('',(-0.,0.,-1.));
#3055 = DIRECTION('',(-0.,-1.,0.));
#3056 = FACE_BOUND('',#3057,.F.);
#3057 = EDGE_LOOP('',(#3058));
#3058 = ORIENTED_EDGE('',*,*,#3059,.T.);
#3059 = EDGE_CURVE('',#3060,#3060,#3062,.T.);
#3060 = VERTEX_POINT('',#3061);
#3061 = CARTESIAN_POINT('',(232.750577,-31.701175,0.));
#3062 = CIRCLE('',#3063,0.875);
#3063 = AXIS2_PLACEMENT_3D('',#3064,#3065,#3066);
#3064 = CARTESIAN_POINT('',(232.750577,-30.826175,0.));
#3065 = DIRECTION('',(-0.,0.,-1.));
#3066 = DIRECTION('',(-0.,-1.,0.));
#3067 = FACE_BOUND('',#3068,.F.);
#3068 = EDGE_LOOP('',(#3069));
#3069 = ORIENTED_EDGE('',*,*,#3070,.T.);
#3070 = EDGE_CURVE('',#3071,#3071,#3073,.T.);
#3071 = VERTEX_POINT('',#3072);
#3072 = CARTESIAN_POINT('',(237.7534,-31.944042,0.));
#3073 = CIRCLE('',#3074,2.);
#3074 = AXIS2_PLACEMENT_3D('',#3075,#3076,#3077);
#3075 = CARTESIAN_POINT('',(237.7534,-29.944042,0.));
#3076 = DIRECTION('',(-0.,0.,-1.));
#3077 = DIRECTION('',(-0.,-1.,0.));
#3078 = FACE_BOUND('',#3079,.F.);
#3079 = EDGE_LOOP('',(#3080));
#3080 = ORIENTED_EDGE('',*,*,#3081,.T.);
#3081 = EDGE_CURVE('',#3082,#3082,#3084,.T.);
#3082 = VERTEX_POINT('',#3083);
#3083 = CARTESIAN_POINT('',(255.7,-32.859998,0.));
#3084 = CIRCLE('',#3085,0.599999);
#3085 = AXIS2_PLACEMENT_3D('',#3086,#3087,#3088);
#3086 = CARTESIAN_POINT('',(255.7,-32.259999,0.));
#3087 = DIRECTION('',(-0.,0.,-1.));
#3088 = DIRECTION('',(-0.,-1.,0.));
#3089 = FACE_BOUND('',#3090,.F.);
#3090 = EDGE_LOOP('',(#3091));
#3091 = ORIENTED_EDGE('',*,*,#3092,.T.);
#3092 = EDGE_CURVE('',#3093,#3093,#3095,.T.);
#3093 = VERTEX_POINT('',#3094);
#3094 = CARTESIAN_POINT('',(242.756223,-29.936909,0.));
#3095 = CIRCLE('',#3096,0.875);
#3096 = AXIS2_PLACEMENT_3D('',#3097,#3098,#3099);
#3097 = CARTESIAN_POINT('',(242.756223,-29.061909,0.));
#3098 = DIRECTION('',(-0.,0.,-1.));
#3099 = DIRECTION('',(-0.,-1.,0.));
#3100 = FACE_BOUND('',#3101,.F.);
#3101 = EDGE_LOOP('',(#3102));
#3102 = ORIENTED_EDGE('',*,*,#3103,.T.);
#3103 = EDGE_CURVE('',#3104,#3104,#3106,.T.);
#3104 = VERTEX_POINT('',#3105);
#3105 = CARTESIAN_POINT('',(233.560216,-28.85423,0.));
#3106 = CIRCLE('',#3107,0.75);
#3107 = AXIS2_PLACEMENT_3D('',#3108,#3109,#3110);
#3108 = CARTESIAN_POINT('',(233.560216,-28.10423,0.));
#3109 = DIRECTION('',(-0.,0.,-1.));
#3110 = DIRECTION('',(-0.,-1.,0.));
#3111 = FACE_BOUND('',#3112,.F.);
#3112 = EDGE_LOOP('',(#3113));
#3113 = ORIENTED_EDGE('',*,*,#3114,.T.);
#3114 = EDGE_CURVE('',#3115,#3115,#3117,.T.);
#3115 = VERTEX_POINT('',#3116);
#3116 = CARTESIAN_POINT('',(239.372679,-25.250152,0.));
#3117 = CIRCLE('',#3118,0.75);
#3118 = AXIS2_PLACEMENT_3D('',#3119,#3120,#3121);
#3119 = CARTESIAN_POINT('',(239.372679,-24.500152,0.));
#3120 = DIRECTION('',(-0.,0.,-1.));
#3121 = DIRECTION('',(-0.,-1.,0.));
#3122 = FACE_BOUND('',#3123,.F.);
#3123 = EDGE_LOOP('',(#3124));
#3124 = ORIENTED_EDGE('',*,*,#3125,.T.);
#3125 = EDGE_CURVE('',#3126,#3126,#3128,.T.);
#3126 = VERTEX_POINT('',#3127);
#3127 = CARTESIAN_POINT('',(255.699999,-25.240001,0.));
#3128 = CIRCLE('',#3129,0.599999);
#3129 = AXIS2_PLACEMENT_3D('',#3130,#3131,#3132);
#3130 = CARTESIAN_POINT('',(255.699999,-24.640002,0.));
#3131 = DIRECTION('',(-0.,0.,-1.));
#3132 = DIRECTION('',(-0.,-1.,0.));
#3133 = FACE_BOUND('',#3134,.F.);
#3134 = EDGE_LOOP('',(#3135));
#3135 = ORIENTED_EDGE('',*,*,#3136,.T.);
#3136 = EDGE_CURVE('',#3137,#3137,#3139,.T.);
#3137 = VERTEX_POINT('',#3138);
#3138 = CARTESIAN_POINT('',(138.059716,-23.961384,0.));
#3139 = CIRCLE('',#3140,0.75);
#3140 = AXIS2_PLACEMENT_3D('',#3141,#3142,#3143);
#3141 = CARTESIAN_POINT('',(138.059716,-23.211384,0.));
#3142 = DIRECTION('',(-0.,0.,-1.));
#3143 = DIRECTION('',(-0.,-1.,0.));
#3144 = FACE_BOUND('',#3145,.F.);
#3145 = EDGE_LOOP('',(#3146));
#3146 = ORIENTED_EDGE('',*,*,#3147,.T.);
#3147 = EDGE_CURVE('',#3148,#3148,#3150,.T.);
#3148 = VERTEX_POINT('',#3149);
#3149 = CARTESIAN_POINT('',(143.872179,-20.357306,0.));
#3150 = CIRCLE('',#3151,0.75);
#3151 = AXIS2_PLACEMENT_3D('',#3152,#3153,#3154);
#3152 = CARTESIAN_POINT('',(143.872179,-19.607306,0.));
#3153 = DIRECTION('',(-0.,0.,-1.));
#3154 = DIRECTION('',(-0.,-1.,0.));
#3155 = FACE_BOUND('',#3156,.F.);
#3156 = EDGE_LOOP('',(#3157));
#3157 = ORIENTED_EDGE('',*,*,#3158,.T.);
#3158 = EDGE_CURVE('',#3159,#3159,#3161,.T.);
#3159 = VERTEX_POINT('',#3160);
#3160 = CARTESIAN_POINT('',(154.881577,-19.688482,0.));
#3161 = CIRCLE('',#3162,0.875);
#3162 = AXIS2_PLACEMENT_3D('',#3163,#3164,#3165);
#3163 = CARTESIAN_POINT('',(154.881577,-18.813482,0.));
#3164 = DIRECTION('',(-0.,0.,-1.));
#3165 = DIRECTION('',(-0.,-1.,0.));
#3166 = FACE_BOUND('',#3167,.F.);
#3167 = EDGE_LOOP('',(#3168));
#3168 = ORIENTED_EDGE('',*,*,#3169,.T.);
#3169 = EDGE_CURVE('',#3170,#3170,#3172,.T.);
#3170 = VERTEX_POINT('',#3171);
#3171 = CARTESIAN_POINT('',(159.8844,-19.931349,0.));
#3172 = CIRCLE('',#3173,2.);
#3173 = AXIS2_PLACEMENT_3D('',#3174,#3175,#3176);
#3174 = CARTESIAN_POINT('',(159.8844,-17.931349,0.));
#3175 = DIRECTION('',(-0.,0.,-1.));
#3176 = DIRECTION('',(-0.,-1.,0.));
#3177 = FACE_BOUND('',#3178,.F.);
#3178 = EDGE_LOOP('',(#3179));
#3179 = ORIENTED_EDGE('',*,*,#3180,.T.);
#3180 = EDGE_CURVE('',#3181,#3181,#3183,.T.);
#3181 = VERTEX_POINT('',#3182);
#3182 = CARTESIAN_POINT('',(155.691216,-16.841537,0.));
#3183 = CIRCLE('',#3184,0.75);
#3184 = AXIS2_PLACEMENT_3D('',#3185,#3186,#3187);
#3185 = CARTESIAN_POINT('',(155.691216,-16.091537,0.));
#3186 = DIRECTION('',(-0.,0.,-1.));
#3187 = DIRECTION('',(-0.,-1.,0.));
#3188 = FACE_BOUND('',#3189,.F.);
#3189 = EDGE_LOOP('',(#3190));
#3190 = ORIENTED_EDGE('',*,*,#3191,.T.);
#3191 = EDGE_CURVE('',#3192,#3192,#3194,.T.);
#3192 = VERTEX_POINT('',#3193);
#3193 = CARTESIAN_POINT('',(182.096279,-22.910553,0.));
#3194 = CIRCLE('',#3195,0.75);
#3195 = AXIS2_PLACEMENT_3D('',#3196,#3197,#3198);
#3196 = CARTESIAN_POINT('',(182.096279,-22.160553,0.));
#3197 = DIRECTION('',(-0.,0.,-1.));
#3198 = DIRECTION('',(-0.,-1.,0.));
#3199 = FACE_BOUND('',#3200,.F.);
#3200 = EDGE_LOOP('',(#3201));
#3201 = ORIENTED_EDGE('',*,*,#3202,.T.);
#3202 = EDGE_CURVE('',#3203,#3203,#3205,.T.);
#3203 = VERTEX_POINT('',#3204);
#3204 = CARTESIAN_POINT('',(164.887223,-17.924216,0.));
#3205 = CIRCLE('',#3206,0.875);
#3206 = AXIS2_PLACEMENT_3D('',#3207,#3208,#3209);
#3207 = CARTESIAN_POINT('',(164.887223,-17.049216,0.));
#3208 = DIRECTION('',(-0.,0.,-1.));
#3209 = DIRECTION('',(-0.,-1.,0.));
#3210 = FACE_BOUND('',#3211,.F.);
#3211 = EDGE_LOOP('',(#3212));
#3212 = ORIENTED_EDGE('',*,*,#3213,.T.);
#3213 = EDGE_CURVE('',#3214,#3214,#3216,.T.);
#3214 = VERTEX_POINT('',#3215);
#3215 = CARTESIAN_POINT('',(161.503679,-13.237459,0.));
#3216 = CIRCLE('',#3217,0.75);
#3217 = AXIS2_PLACEMENT_3D('',#3218,#3219,#3220);
#3218 = CARTESIAN_POINT('',(161.503679,-12.487459,0.));
#3219 = DIRECTION('',(-0.,0.,-1.));
#3220 = DIRECTION('',(-0.,-1.,0.));
#3221 = FACE_BOUND('',#3222,.F.);
#3222 = EDGE_LOOP('',(#3223));
#3223 = ORIENTED_EDGE('',*,*,#3224,.T.);
#3224 = EDGE_CURVE('',#3225,#3225,#3227,.T.);
#3225 = VERTEX_POINT('',#3226);
#3226 = CARTESIAN_POINT('',(172.478377,-12.371675,0.));
#3227 = CIRCLE('',#3228,0.875);
#3228 = AXIS2_PLACEMENT_3D('',#3229,#3230,#3231);
#3229 = CARTESIAN_POINT('',(172.478377,-11.496675,0.));
#3230 = DIRECTION('',(-0.,0.,-1.));
#3231 = DIRECTION('',(-0.,-1.,0.));
#3232 = FACE_BOUND('',#3233,.F.);
#3233 = EDGE_LOOP('',(#3234));
#3234 = ORIENTED_EDGE('',*,*,#3235,.T.);
#3235 = EDGE_CURVE('',#3236,#3236,#3238,.T.);
#3236 = VERTEX_POINT('',#3237);
#3237 = CARTESIAN_POINT('',(191.606277,-13.162164,0.));
#3238 = CIRCLE('',#3239,0.875);
#3239 = AXIS2_PLACEMENT_3D('',#3240,#3241,#3242);
#3240 = CARTESIAN_POINT('',(191.606277,-12.287164,0.));
#3241 = DIRECTION('',(-0.,0.,-1.));
#3242 = DIRECTION('',(-0.,-1.,0.));
#3243 = FACE_BOUND('',#3244,.F.);
#3244 = EDGE_LOOP('',(#3245));
#3245 = ORIENTED_EDGE('',*,*,#3246,.T.);
#3246 = EDGE_CURVE('',#3247,#3247,#3249,.T.);
#3247 = VERTEX_POINT('',#3248);
#3248 = CARTESIAN_POINT('',(177.4812,-12.614542,0.));
#3249 = CIRCLE('',#3250,2.);
#3250 = AXIS2_PLACEMENT_3D('',#3251,#3252,#3253);
#3251 = CARTESIAN_POINT('',(177.4812,-10.614542,0.));
#3252 = DIRECTION('',(-0.,0.,-1.));
#3253 = DIRECTION('',(-0.,-1.,0.));
#3254 = FACE_BOUND('',#3255,.F.);
#3255 = EDGE_LOOP('',(#3256));
#3256 = ORIENTED_EDGE('',*,*,#3257,.T.);
#3257 = EDGE_CURVE('',#3258,#3258,#3260,.T.);
#3258 = VERTEX_POINT('',#3259);
#3259 = CARTESIAN_POINT('',(182.484023,-10.607409,0.));
#3260 = CIRCLE('',#3261,0.875);
#3261 = AXIS2_PLACEMENT_3D('',#3262,#3263,#3264);
#3262 = CARTESIAN_POINT('',(182.484023,-9.732409,0.));
#3263 = DIRECTION('',(-0.,0.,-1.));
#3264 = DIRECTION('',(-0.,-1.,0.));
#3265 = FACE_BOUND('',#3266,.F.);
#3266 = EDGE_LOOP('',(#3267));
#3267 = ORIENTED_EDGE('',*,*,#3268,.T.);
#3268 = EDGE_CURVE('',#3269,#3269,#3271,.T.);
#3269 = VERTEX_POINT('',#3270);
#3270 = CARTESIAN_POINT('',(192.415916,-10.315219,0.));
#3271 = CIRCLE('',#3272,0.75);
#3272 = AXIS2_PLACEMENT_3D('',#3273,#3274,#3275);
#3273 = CARTESIAN_POINT('',(192.415916,-9.565219,0.));
#3274 = DIRECTION('',(-0.,0.,-1.));
#3275 = DIRECTION('',(-0.,-1.,0.));
#3276 = FACE_BOUND('',#3277,.F.);
#3277 = EDGE_LOOP('',(#3278));
#3278 = ORIENTED_EDGE('',*,*,#3279,.T.);
#3279 = EDGE_CURVE('',#3280,#3280,#3282,.T.);
#3280 = VERTEX_POINT('',#3281);
#3281 = CARTESIAN_POINT('',(173.288016,-9.52473,0.));
#3282 = CIRCLE('',#3283,0.75);
#3283 = AXIS2_PLACEMENT_3D('',#3284,#3285,#3286);
#3284 = CARTESIAN_POINT('',(173.288016,-8.77473,0.));
#3285 = DIRECTION('',(-0.,0.,-1.));
#3286 = DIRECTION('',(-0.,-1.,0.));
#3287 = FACE_BOUND('',#3288,.F.);
#3288 = EDGE_LOOP('',(#3289));
#3289 = ORIENTED_EDGE('',*,*,#3290,.T.);
#3290 = EDGE_CURVE('',#3291,#3291,#3293,.T.);
#3291 = VERTEX_POINT('',#3292);
#3292 = CARTESIAN_POINT('',(179.100479,-5.920652,0.));
#3293 = CIRCLE('',#3294,0.75);
#3294 = AXIS2_PLACEMENT_3D('',#3295,#3296,#3297);
#3295 = CARTESIAN_POINT('',(179.100479,-5.170652,0.));
#3296 = DIRECTION('',(-0.,0.,-1.));
#3297 = DIRECTION('',(-0.,-1.,0.));
#3298 = FACE_BOUND('',#3299,.F.);
#3299 = EDGE_LOOP('',(#3300));
#3300 = ORIENTED_EDGE('',*,*,#3301,.T.);
#3301 = EDGE_CURVE('',#3302,#3302,#3304,.T.);
#3302 = VERTEX_POINT('',#3303);
#3303 = CARTESIAN_POINT('',(201.224179,-23.701045,0.));
#3304 = CIRCLE('',#3305,0.75);
#3305 = AXIS2_PLACEMENT_3D('',#3306,#3307,#3308);
#3306 = CARTESIAN_POINT('',(201.224179,-22.951045,0.));
#3307 = DIRECTION('',(-0.,0.,-1.));
#3308 = DIRECTION('',(-0.,-1.,0.));
#3309 = FACE_BOUND('',#3310,.F.);
#3310 = EDGE_LOOP('',(#3311));
#3311 = ORIENTED_EDGE('',*,*,#3312,.T.);
#3312 = EDGE_CURVE('',#3313,#3313,#3315,.T.);
#3313 = VERTEX_POINT('',#3314);
#3314 = CARTESIAN_POINT('',(255.699999,-20.159999,0.));
#3315 = CIRCLE('',#3316,0.599999);
#3316 = AXIS2_PLACEMENT_3D('',#3317,#3318,#3319);
#3317 = CARTESIAN_POINT('',(255.699999,-19.56,0.));
#3318 = DIRECTION('',(-0.,0.,-1.));
#3319 = DIRECTION('',(-0.,-1.,0.));
#3320 = FACE_BOUND('',#3321,.F.);
#3321 = EDGE_LOOP('',(#3322));
#3322 = ORIENTED_EDGE('',*,*,#3323,.T.);
#3323 = EDGE_CURVE('',#3324,#3324,#3326,.T.);
#3324 = VERTEX_POINT('',#3325);
#3325 = CARTESIAN_POINT('',(196.6091,-13.405031,0.));
#3326 = CIRCLE('',#3327,2.);
#3327 = AXIS2_PLACEMENT_3D('',#3328,#3329,#3330);
#3328 = CARTESIAN_POINT('',(196.6091,-11.405031,0.));
#3329 = DIRECTION('',(-0.,0.,-1.));
#3330 = DIRECTION('',(-0.,-1.,0.));
#3331 = FACE_BOUND('',#3332,.F.);
#3332 = EDGE_LOOP('',(#3333));
#3333 = ORIENTED_EDGE('',*,*,#3334,.T.);
#3334 = EDGE_CURVE('',#3335,#3335,#3337,.T.);
#3335 = VERTEX_POINT('',#3336);
#3336 = CARTESIAN_POINT('',(201.611923,-11.397898,0.));
#3337 = CIRCLE('',#3338,0.875);
#3338 = AXIS2_PLACEMENT_3D('',#3339,#3340,#3341);
#3339 = CARTESIAN_POINT('',(201.611923,-10.522898,0.));
#3340 = DIRECTION('',(-0.,0.,-1.));
#3341 = DIRECTION('',(-0.,-1.,0.));
#3342 = FACE_BOUND('',#3343,.F.);
#3343 = EDGE_LOOP('',(#3344));
#3344 = ORIENTED_EDGE('',*,*,#3345,.T.);
#3345 = EDGE_CURVE('',#3346,#3346,#3348,.T.);
#3346 = VERTEX_POINT('',#3347);
#3347 = CARTESIAN_POINT('',(210.429977,-13.955509,0.));
#3348 = CIRCLE('',#3349,0.875);
#3349 = AXIS2_PLACEMENT_3D('',#3350,#3351,#3352);
#3350 = CARTESIAN_POINT('',(210.429977,-13.080509,0.));
#3351 = DIRECTION('',(-0.,0.,-1.));
#3352 = DIRECTION('',(-0.,-1.,0.));
#3353 = FACE_BOUND('',#3354,.F.);
#3354 = EDGE_LOOP('',(#3355));
#3355 = ORIENTED_EDGE('',*,*,#3356,.T.);
#3356 = EDGE_CURVE('',#3357,#3357,#3359,.T.);
#3357 = VERTEX_POINT('',#3358);
#3358 = CARTESIAN_POINT('',(215.4328,-14.198376,0.));
#3359 = CIRCLE('',#3360,2.);
#3360 = AXIS2_PLACEMENT_3D('',#3361,#3362,#3363);
#3361 = CARTESIAN_POINT('',(215.4328,-12.198376,0.));
#3362 = DIRECTION('',(-0.,0.,-1.));
#3363 = DIRECTION('',(-0.,-1.,0.));
#3364 = FACE_BOUND('',#3365,.F.);
#3365 = EDGE_LOOP('',(#3366));
#3366 = ORIENTED_EDGE('',*,*,#3367,.T.);
#3367 = EDGE_CURVE('',#3368,#3368,#3370,.T.);
#3368 = VERTEX_POINT('',#3369);
#3369 = CARTESIAN_POINT('',(211.239616,-11.108564,0.));
#3370 = CIRCLE('',#3371,0.75);
#3371 = AXIS2_PLACEMENT_3D('',#3372,#3373,#3374);
#3372 = CARTESIAN_POINT('',(211.239616,-10.358564,0.));
#3373 = DIRECTION('',(-0.,0.,-1.));
#3374 = DIRECTION('',(-0.,-1.,0.));
#3375 = FACE_BOUND('',#3376,.F.);
#3376 = EDGE_LOOP('',(#3377));
#3377 = ORIENTED_EDGE('',*,*,#3378,.T.);
#3378 = EDGE_CURVE('',#3379,#3379,#3381,.T.);
#3379 = VERTEX_POINT('',#3380);
#3380 = CARTESIAN_POINT('',(220.435623,-12.191243,0.));
#3381 = CIRCLE('',#3382,0.875);
#3382 = AXIS2_PLACEMENT_3D('',#3383,#3384,#3385);
#3383 = CARTESIAN_POINT('',(220.435623,-11.316243,0.));
#3384 = DIRECTION('',(-0.,0.,-1.));
#3385 = DIRECTION('',(-0.,-1.,0.));
#3386 = FACE_BOUND('',#3387,.F.);
#3387 = EDGE_LOOP('',(#3388));
#3388 = ORIENTED_EDGE('',*,*,#3389,.T.);
#3389 = EDGE_CURVE('',#3390,#3390,#3392,.T.);
#3390 = VERTEX_POINT('',#3391);
#3391 = CARTESIAN_POINT('',(198.228379,-6.711141,0.));
#3392 = CIRCLE('',#3393,0.75);
#3393 = AXIS2_PLACEMENT_3D('',#3394,#3395,#3396);
#3394 = CARTESIAN_POINT('',(198.228379,-5.961141,0.));
#3395 = DIRECTION('',(-0.,0.,-1.));
#3396 = DIRECTION('',(-0.,-1.,0.));
#3397 = FACE_BOUND('',#3398,.F.);
#3398 = EDGE_LOOP('',(#3399));
#3399 = ORIENTED_EDGE('',*,*,#3400,.T.);
#3400 = EDGE_CURVE('',#3401,#3401,#3403,.T.);
#3401 = VERTEX_POINT('',#3402);
#3402 = CARTESIAN_POINT('',(217.052079,-7.504486,0.));
#3403 = CIRCLE('',#3404,0.75);
#3404 = AXIS2_PLACEMENT_3D('',#3405,#3406,#3407);
#3405 = CARTESIAN_POINT('',(217.052079,-6.754486,0.));
#3406 = DIRECTION('',(-0.,0.,-1.));
#3407 = DIRECTION('',(-0.,-1.,0.));
#3408 = FACE_BOUND('',#3409,.F.);
#3409 = EDGE_LOOP('',(#3410));
#3410 = ORIENTED_EDGE('',*,*,#3411,.T.);
#3411 = EDGE_CURVE('',#3412,#3412,#3414,.T.);
#3412 = VERTEX_POINT('',#3413);
#3413 = CARTESIAN_POINT('',(229.754777,-14.711272,0.));
#3414 = CIRCLE('',#3415,0.875);
#3415 = AXIS2_PLACEMENT_3D('',#3416,#3417,#3418);
#3416 = CARTESIAN_POINT('',(229.754777,-13.836272,0.));
#3417 = DIRECTION('',(-0.,0.,-1.));
#3418 = DIRECTION('',(-0.,-1.,0.));
#3419 = FACE_BOUND('',#3420,.F.);
#3420 = EDGE_LOOP('',(#3421));
#3421 = ORIENTED_EDGE('',*,*,#3422,.T.);
#3422 = EDGE_CURVE('',#3423,#3423,#3425,.T.);
#3423 = VERTEX_POINT('',#3424);
#3424 = CARTESIAN_POINT('',(234.7576,-14.954139,0.));
#3425 = CIRCLE('',#3426,2.);
#3426 = AXIS2_PLACEMENT_3D('',#3427,#3428,#3429);
#3427 = CARTESIAN_POINT('',(234.7576,-12.954139,0.));
#3428 = DIRECTION('',(-0.,0.,-1.));
#3429 = DIRECTION('',(-0.,-1.,0.));
#3430 = FACE_BOUND('',#3431,.F.);
#3431 = EDGE_LOOP('',(#3432));
#3432 = ORIENTED_EDGE('',*,*,#3433,.T.);
#3433 = EDGE_CURVE('',#3434,#3434,#3436,.T.);
#3434 = VERTEX_POINT('',#3435);
#3435 = CARTESIAN_POINT('',(239.760423,-12.947006,0.));
#3436 = CIRCLE('',#3437,0.875);
#3437 = AXIS2_PLACEMENT_3D('',#3438,#3439,#3440);
#3438 = CARTESIAN_POINT('',(239.760423,-12.072006,0.));
#3439 = DIRECTION('',(-0.,0.,-1.));
#3440 = DIRECTION('',(-0.,-1.,0.));
#3441 = FACE_BOUND('',#3442,.F.);
#3442 = EDGE_LOOP('',(#3443));
#3443 = ORIENTED_EDGE('',*,*,#3444,.T.);
#3444 = EDGE_CURVE('',#3445,#3445,#3447,.T.);
#3445 = VERTEX_POINT('',#3446);
#3446 = CARTESIAN_POINT('',(230.564416,-11.864327,0.));
#3447 = CIRCLE('',#3448,0.75);
#3448 = AXIS2_PLACEMENT_3D('',#3449,#3450,#3451);
#3449 = CARTESIAN_POINT('',(230.564416,-11.114327,0.));
#3450 = DIRECTION('',(-0.,0.,-1.));
#3451 = DIRECTION('',(-0.,-1.,0.));
#3452 = FACE_BOUND('',#3453,.F.);
#3453 = EDGE_LOOP('',(#3454));
#3454 = ORIENTED_EDGE('',*,*,#3455,.T.);
#3455 = EDGE_CURVE('',#3456,#3456,#3458,.T.);
#3456 = VERTEX_POINT('',#3457);
#3457 = CARTESIAN_POINT('',(255.7,-12.599999,0.));
#3458 = CIRCLE('',#3459,0.599999);
#3459 = AXIS2_PLACEMENT_3D('',#3460,#3461,#3462);
#3460 = CARTESIAN_POINT('',(255.7,-12.,0.));
#3461 = DIRECTION('',(-0.,0.,-1.));
#3462 = DIRECTION('',(-0.,-1.,0.));
#3463 = FACE_BOUND('',#3464,.F.);
#3464 = EDGE_LOOP('',(#3465));
#3465 = ORIENTED_EDGE('',*,*,#3466,.T.);
#3466 = EDGE_CURVE('',#3467,#3467,#3469,.T.);
#3467 = VERTEX_POINT('',#3468);
#3468 = CARTESIAN_POINT('',(236.376879,-8.260249,0.));
#3469 = CIRCLE('',#3470,0.75);
#3470 = AXIS2_PLACEMENT_3D('',#3471,#3472,#3473);
#3471 = CARTESIAN_POINT('',(236.376879,-7.510249,0.));
#3472 = DIRECTION('',(-0.,0.,-1.));
#3473 = DIRECTION('',(-0.,-1.,0.));
#3474 = FACE_BOUND('',#3475,.F.);
#3475 = EDGE_LOOP('',(#3476));
#3476 = ORIENTED_EDGE('',*,*,#3477,.T.);
#3477 = EDGE_CURVE('',#3478,#3478,#3480,.T.);
#3478 = VERTEX_POINT('',#3479);
#3479 = CARTESIAN_POINT('',(255.7,-7.519997,0.));
#3480 = CIRCLE('',#3481,0.599999);
#3481 = AXIS2_PLACEMENT_3D('',#3482,#3483,#3484);
#3482 = CARTESIAN_POINT('',(255.7,-6.919998,0.));
#3483 = DIRECTION('',(-0.,0.,-1.));
#3484 = DIRECTION('',(-0.,-1.,0.));
#3485 = PLANE('',#3486);
#3486 = AXIS2_PLACEMENT_3D('',#3487,#3488,#3489);
#3487 = CARTESIAN_POINT('',(0.,0.,0.));
#3488 = DIRECTION('',(0.,0.,1.));
#3489 = DIRECTION('',(1.,0.,-0.));
#3490 = ADVANCED_FACE('',(#3491,#4142,#4153,#4164,#4175,#4186,#4197,
    #4233,#4269,#4280,#4291,#4302,#4313,#4324,#4335,#4346,#4357,#4368,
    #4379,#4390,#4401,#4412,#4423,#4459,#4495,#4506,#4517,#4528,#4539,
    #4550,#4561,#4572,#4583,#4594,#4605,#4616,#4627,#4638,#4649,#4660,
    #4671,#4682,#4693,#4704,#4715,#4726,#4737,#4748,#4759,#4770,#4781,
    #4792,#4803,#4814,#4825,#4836,#4847,#4858,#4869,#4880,#4891,#4902,
    #4913,#4924,#4935,#4946,#4957,#4968,#4979,#4990,#5001,#5012,#5023,
    #5034,#5045,#5056,#5067,#5078,#5089,#5100,#5111,#5122,#5133,#5144,
    #5155,#5166,#5177,#5188,#5199,#5210,#5221,#5232,#5243,#5254,#5265,
    #5276,#5287,#5298,#5309,#5320,#5331,#5342,#5353,#5364,#5375,#5386,
    #5397,#5408,#5419,#5430,#5441,#5452,#5463,#5474,#5485,#5496,#5507,
    #5518,#5529,#5540,#5551,#5562,#5573,#5584,#5595,#5606,#5617,#5628,
    #5639,#5650,#5661,#5672,#5683,#5694,#5705,#5716,#5727,#5738,#5749,
    #5760,#5771,#5782,#5793,#5804,#5815,#5826,#5837,#5848,#5859,#5870,
    #5881,#5892,#5903,#5914,#5925,#5936,#5947,#5958,#5969,#5980,#5991,
    #6002,#6013,#6024,#6035,#6046,#6057,#6068,#6079,#6090,#6101,#6112,
    #6123,#6134,#6145,#6156,#6167,#6178,#6189,#6200,#6211,#6222,#6233,
    #6244,#6255,#6266,#6277,#6288,#6299,#6310,#6321,#6332,#6343,#6354,
    #6365,#6376,#6387,#6398,#6409,#6420,#6431,#6442,#6453,#6464,#6475,
    #6486,#6497,#6508,#6519,#6530,#6541,#6552,#6563,#6574,#6585,#6596,
    #6607,#6618,#6629,#6640,#6651,#6662,#6673,#6684,#6695,#6706,#6717,
    #6728,#6739,#6750,#6761,#6772,#6783,#6794,#6805,#6816,#6827),#6838,
  .T.);
#3491 = FACE_BOUND('',#3492,.T.);
#3492 = EDGE_LOOP('',(#3493,#3494,#3495,#3503,#3511,#3519,#3527,#3535,
    #3543,#3551,#3559,#3567,#3575,#3583,#3591,#3599,#3607,#3615,#3623,
    #3631,#3639,#3647,#3655,#3663,#3671,#3679,#3687,#3695,#3703,#3711,
    #3719,#3727,#3735,#3743,#3751,#3759,#3767,#3775,#3783,#3791,#3799,
    #3807,#3815,#3823,#3831,#3839,#3847,#3855,#3863,#3871,#3879,#3887,
    #3895,#3903,#3911,#3919,#3927,#3935,#3943,#3951,#3959,#3967,#3975,
    #3983,#3991,#3999,#4007,#4015,#4023,#4031,#4039,#4047,#4055,#4063,
    #4071,#4079,#4087,#4095,#4103,#4111,#4119,#4127,#4135,#4141));
#3493 = ORIENTED_EDGE('',*,*,#49,.F.);
#3494 = ORIENTED_EDGE('',*,*,#89,.F.);
#3495 = ORIENTED_EDGE('',*,*,#3496,.F.);
#3496 = EDGE_CURVE('',#3497,#82,#3499,.T.);
#3497 = VERTEX_POINT('',#3498);
#3498 = CARTESIAN_POINT('',(3.,0.,1.51));
#3499 = LINE('',#3500,#3501);
#3500 = CARTESIAN_POINT('',(3.,0.,1.51));
#3501 = VECTOR('',#3502,1.);
#3502 = DIRECTION('',(1.,1.581245492363E-08,0.));
#3503 = ORIENTED_EDGE('',*,*,#3504,.F.);
#3504 = EDGE_CURVE('',#3505,#3497,#3507,.T.);
#3505 = VERTEX_POINT('',#3506);
#3506 = CARTESIAN_POINT('',(2.727448,-8.606E-03,1.51));
#3507 = LINE('',#3508,#3509);
#3508 = CARTESIAN_POINT('',(2.727448,-8.606E-03,1.51));
#3509 = VECTOR('',#3510,1.);
#3510 = DIRECTION('',(0.999501862382,3.155989692852E-02,0.));
#3511 = ORIENTED_EDGE('',*,*,#3512,.F.);
#3512 = EDGE_CURVE('',#3513,#3505,#3515,.T.);
#3513 = VERTEX_POINT('',#3514);
#3514 = CARTESIAN_POINT('',(2.471924,-3.3691E-02,1.51));
#3515 = LINE('',#3516,#3517);
#3516 = CARTESIAN_POINT('',(2.471924,-3.3691E-02,1.51));
#3517 = VECTOR('',#3518,1.);
#3518 = DIRECTION('',(0.995215798485,9.770114863966E-02,0.));
#3519 = ORIENTED_EDGE('',*,*,#3520,.F.);
#3520 = EDGE_CURVE('',#3521,#3513,#3523,.T.);
#3521 = VERTEX_POINT('',#3522);
#3522 = CARTESIAN_POINT('',(2.23288,-7.4158E-02,1.51));
#3523 = LINE('',#3524,#3525);
#3524 = CARTESIAN_POINT('',(2.23288,-7.4158E-02,1.51));
#3525 = VECTOR('',#3526,1.);
#3526 = DIRECTION('',(0.985971790982,0.166912034879,0.));
#3527 = ORIENTED_EDGE('',*,*,#3528,.F.);
#3528 = EDGE_CURVE('',#3529,#3521,#3531,.T.);
#3529 = VERTEX_POINT('',#3530);
#3530 = CARTESIAN_POINT('',(2.009766,-0.128906,1.51));
#3531 = LINE('',#3532,#3533);
#3532 = CARTESIAN_POINT('',(2.009766,-0.128906,1.51));
#3533 = VECTOR('',#3534,1.);
#3534 = DIRECTION('',(0.971188759797,0.238311545763,0.));
#3535 = ORIENTED_EDGE('',*,*,#3536,.F.);
#3536 = EDGE_CURVE('',#3537,#3529,#3539,.T.);
#3537 = VERTEX_POINT('',#3538);
#3538 = CARTESIAN_POINT('',(1.802032,-0.196838,1.51));
#3539 = LINE('',#3540,#3541);
#3540 = CARTESIAN_POINT('',(1.802032,-0.196838,1.51));
#3541 = VECTOR('',#3542,1.);
#3542 = DIRECTION('',(0.950469697774,0.310817235066,0.));
#3543 = ORIENTED_EDGE('',*,*,#3544,.F.);
#3544 = EDGE_CURVE('',#3545,#3537,#3547,.T.);
#3545 = VERTEX_POINT('',#3546);
#3546 = CARTESIAN_POINT('',(1.609131,-0.276855,1.51));
#3547 = LINE('',#3548,#3549);
#3548 = CARTESIAN_POINT('',(1.609131,-0.276855,1.51));
#3549 = VECTOR('',#3550,1.);
#3550 = DIRECTION('',(0.923685080181,0.383152544885,0.));
#3551 = ORIENTED_EDGE('',*,*,#3552,.F.);
#3552 = EDGE_CURVE('',#3553,#3545,#3555,.T.);
#3553 = VERTEX_POINT('',#3554);
#3554 = CARTESIAN_POINT('',(1.430511,-0.367859,1.51));
#3555 = LINE('',#3556,#3557);
#3556 = CARTESIAN_POINT('',(1.430511,-0.367859,1.51));
#3557 = VECTOR('',#3558,1.);
#3558 = DIRECTION('',(0.8910215279,0.453961052094,0.));
#3559 = ORIENTED_EDGE('',*,*,#3560,.F.);
#3560 = EDGE_CURVE('',#3561,#3553,#3563,.T.);
#3561 = VERTEX_POINT('',#3562);
#3562 = CARTESIAN_POINT('',(1.265625,-0.46875,1.51));
#3563 = LINE('',#3564,#3565);
#3564 = CARTESIAN_POINT('',(1.265625,-0.46875,1.51));
#3565 = VECTOR('',#3566,1.);
#3566 = DIRECTION('',(0.852988604995,0.521929535234,0.));
#3567 = ORIENTED_EDGE('',*,*,#3568,.F.);
#3568 = EDGE_CURVE('',#3569,#3561,#3571,.T.);
#3569 = VERTEX_POINT('',#3570);
#3570 = CARTESIAN_POINT('',(1.113922,-0.57843,1.51));
#3571 = LINE('',#3572,#3573);
#3572 = CARTESIAN_POINT('',(1.113922,-0.57843,1.51));
#3573 = VECTOR('',#3574,1.);
#3574 = DIRECTION('',(0.81038317457,0.585900256335,0.));
#3575 = ORIENTED_EDGE('',*,*,#3576,.F.);
#3576 = EDGE_CURVE('',#3577,#3569,#3579,.T.);
#3577 = VERTEX_POINT('',#3578);
#3578 = CARTESIAN_POINT('',(0.974854,-0.695801,1.51));
#3579 = LINE('',#3580,#3581);
#3580 = CARTESIAN_POINT('',(0.974854,-0.695801,1.51));
#3581 = VECTOR('',#3582,1.);
#3582 = DIRECTION('',(0.764203791791,0.644974855799,0.));
#3583 = ORIENTED_EDGE('',*,*,#3584,.F.);
#3584 = EDGE_CURVE('',#3585,#3577,#3587,.T.);
#3585 = VERTEX_POINT('',#3586);
#3586 = CARTESIAN_POINT('',(0.84787,-0.819763,1.51));
#3587 = LINE('',#3588,#3589);
#3588 = CARTESIAN_POINT('',(0.84787,-0.819763,1.51));
#3589 = VECTOR('',#3590,1.);
#3590 = DIRECTION('',(0.715570181951,0.698540846839,0.));
#3591 = ORIENTED_EDGE('',*,*,#3592,.F.);
#3592 = EDGE_CURVE('',#3593,#3585,#3595,.T.);
#3593 = VERTEX_POINT('',#3594);
#3594 = CARTESIAN_POINT('',(0.732422,-0.949219,1.51));
#3595 = LINE('',#3596,#3597);
#3596 = CARTESIAN_POINT('',(0.732422,-0.949219,1.51));
#3597 = VECTOR('',#3598,1.);
#3598 = DIRECTION('',(0.665573884847,0.746331966225,0.));
#3599 = ORIENTED_EDGE('',*,*,#3600,.F.);
#3600 = EDGE_CURVE('',#3601,#3593,#3603,.T.);
#3601 = VERTEX_POINT('',#3602);
#3602 = CARTESIAN_POINT('',(0.62796,-1.083069,1.51));
#3603 = LINE('',#3604,#3605);
#3604 = CARTESIAN_POINT('',(0.62796,-1.083069,1.51));
#3605 = VECTOR('',#3606,1.);
#3606 = DIRECTION('',(0.615247823332,0.788333759194,0.));
#3607 = ORIENTED_EDGE('',*,*,#3608,.F.);
#3608 = EDGE_CURVE('',#3609,#3601,#3611,.T.);
#3609 = VERTEX_POINT('',#3610);
#3610 = CARTESIAN_POINT('',(0.533936,-1.220215,1.51));
#3611 = LINE('',#3612,#3613);
#3612 = CARTESIAN_POINT('',(0.533936,-1.220215,1.51));
#3613 = VECTOR('',#3614,1.);
#3614 = DIRECTION('',(0.565450750055,0.824782061676,0.));
#3615 = ORIENTED_EDGE('',*,*,#3616,.F.);
#3616 = EDGE_CURVE('',#3617,#3609,#3619,.T.);
#3617 = VERTEX_POINT('',#3618);
#3618 = CARTESIAN_POINT('',(0.375,-1.5,1.51));
#3619 = LINE('',#3620,#3621);
#3620 = CARTESIAN_POINT('',(0.375,-1.5,1.51));
#3621 = VECTOR('',#3622,1.);
#3622 = DIRECTION('',(0.493932465641,0.869500269917,0.));
#3623 = ORIENTED_EDGE('',*,*,#3624,.F.);
#3624 = EDGE_CURVE('',#3625,#3617,#3627,.T.);
#3625 = VERTEX_POINT('',#3626);
#3626 = CARTESIAN_POINT('',(0.251221,-1.779785,1.51));
#3627 = LINE('',#3628,#3629);
#3628 = CARTESIAN_POINT('',(0.251221,-1.779785,1.51));
#3629 = VECTOR('',#3630,1.);
#3630 = DIRECTION('',(0.404582401038,0.914501547713,0.));
#3631 = ORIENTED_EDGE('',*,*,#3632,.F.);
#3632 = EDGE_CURVE('',#3633,#3625,#3635,.T.);
#3633 = VERTEX_POINT('',#3634);
#3634 = CARTESIAN_POINT('',(0.158203,-2.050781,1.51));
#3635 = LINE('',#3636,#3637);
#3636 = CARTESIAN_POINT('',(0.158203,-2.050781,1.51));
#3637 = VECTOR('',#3638,1.);
#3638 = DIRECTION('',(0.324652496865,0.945833366021,0.));
#3639 = ORIENTED_EDGE('',*,*,#3640,.F.);
#3640 = EDGE_CURVE('',#3641,#3633,#3643,.T.);
#3641 = VERTEX_POINT('',#3642);
#3642 = CARTESIAN_POINT('',(9.1553E-02,-2.304199,1.51));
#3643 = LINE('',#3644,#3645);
#3644 = CARTESIAN_POINT('',(9.1553E-02,-2.304199,1.51));
#3645 = VECTOR('',#3646,1.);
#3646 = DIRECTION('',(0.254354289568,0.967111108083,0.));
#3647 = ORIENTED_EDGE('',*,*,#3648,.F.);
#3648 = EDGE_CURVE('',#3649,#3641,#3651,.T.);
#3649 = VERTEX_POINT('',#3650);
#3650 = CARTESIAN_POINT('',(4.6875E-02,-2.53125,1.51));
#3651 = LINE('',#3652,#3653);
#3652 = CARTESIAN_POINT('',(4.6875E-02,-2.53125,1.51));
#3653 = VECTOR('',#3654,1.);
#3654 = DIRECTION('',(0.193072739952,0.981184446008,0.));
#3655 = ORIENTED_EDGE('',*,*,#3656,.F.);
#3656 = EDGE_CURVE('',#3657,#3649,#3659,.T.);
#3657 = VERTEX_POINT('',#3658);
#3658 = CARTESIAN_POINT('',(5.859E-03,-2.871094,1.51));
#3659 = LINE('',#3660,#3661);
#3660 = CARTESIAN_POINT('',(5.859E-03,-2.871094,1.51));
#3661 = VECTOR('',#3662,1.);
#3662 = DIRECTION('',(0.119821153083,0.992795493178,0.));
#3663 = ORIENTED_EDGE('',*,*,#3664,.F.);
#3664 = EDGE_CURVE('',#3665,#3657,#3667,.T.);
#3665 = VERTEX_POINT('',#3666);
#3666 = CARTESIAN_POINT('',(0.,-3.,1.51));
#3667 = LINE('',#3668,#3669);
#3668 = CARTESIAN_POINT('',(0.,-3.,1.51));
#3669 = VECTOR('',#3670,1.);
#3670 = DIRECTION('',(4.540484869606E-02,0.998968668035,0.));
#3671 = ORIENTED_EDGE('',*,*,#3672,.F.);
#3672 = EDGE_CURVE('',#3673,#3665,#3675,.T.);
#3673 = VERTEX_POINT('',#3674);
#3674 = CARTESIAN_POINT('',(1.02E-03,-77.,1.51));
#3675 = LINE('',#3676,#3677);
#3676 = CARTESIAN_POINT('',(1.02E-03,-77.,1.51));
#3677 = VECTOR('',#3678,1.);
#3678 = DIRECTION('',(-1.378378378247E-05,0.999999999905,0.));
#3679 = ORIENTED_EDGE('',*,*,#3680,.F.);
#3680 = EDGE_CURVE('',#3681,#3673,#3683,.T.);
#3681 = VERTEX_POINT('',#3682);
#3682 = CARTESIAN_POINT('',(5.771E-03,-77.174669,1.51));
#3683 = LINE('',#3684,#3685);
#3684 = CARTESIAN_POINT('',(5.771E-03,-77.174669,1.51));
#3685 = VECTOR('',#3686,1.);
#3686 = DIRECTION('',(-2.718996205572E-02,0.999630284637,0.));
#3687 = ORIENTED_EDGE('',*,*,#3688,.F.);
#3688 = EDGE_CURVE('',#3689,#3681,#3691,.T.);
#3689 = VERTEX_POINT('',#3690);
#3690 = CARTESIAN_POINT('',(1.9784E-02,-77.336234,1.51));
#3691 = LINE('',#3692,#3693);
#3692 = CARTESIAN_POINT('',(1.9784E-02,-77.336234,1.51));
#3693 = VECTOR('',#3694,1.);
#3694 = DIRECTION('',(-8.640849476922E-02,0.996259791436,0.));
#3695 = ORIENTED_EDGE('',*,*,#3696,.F.);
#3696 = EDGE_CURVE('',#3697,#3689,#3699,.T.);
#3697 = VERTEX_POINT('',#3698);
#3698 = CARTESIAN_POINT('',(4.2396E-02,-77.485665,1.51));
#3699 = LINE('',#3700,#3701);
#3700 = CARTESIAN_POINT('',(4.2396E-02,-77.485665,1.51));
#3701 = VECTOR('',#3702,1.);
#3702 = DIRECTION('',(-0.149617405873,0.988743966788,0.));
#3703 = ORIENTED_EDGE('',*,*,#3704,.F.);
#3704 = EDGE_CURVE('',#3705,#3697,#3707,.T.);
#3705 = VERTEX_POINT('',#3706);
#3706 = CARTESIAN_POINT('',(7.2824E-02,-77.62296,1.51));
#3707 = LINE('',#3708,#3709);
#3708 = CARTESIAN_POINT('',(7.2824E-02,-77.62296,1.51));
#3709 = VECTOR('',#3710,1.);
#3710 = DIRECTION('',(-0.21637475756,0.976310383173,0.));
#3711 = ORIENTED_EDGE('',*,*,#3712,.F.);
#3712 = EDGE_CURVE('',#3713,#3705,#3715,.T.);
#3713 = VERTEX_POINT('',#3714);
#3714 = CARTESIAN_POINT('',(0.110833,-77.750177,1.51));
#3715 = LINE('',#3716,#3717);
#3716 = CARTESIAN_POINT('',(0.110833,-77.750177,1.51));
#3717 = VECTOR('',#3718,1.);
#3718 = DIRECTION('',(-0.286269093418,0.958149260895,0.));
#3719 = ORIENTED_EDGE('',*,*,#3720,.F.);
#3720 = EDGE_CURVE('',#3721,#3713,#3723,.T.);
#3721 = VERTEX_POINT('',#3722);
#3722 = CARTESIAN_POINT('',(0.155302,-77.866033,1.51));
#3723 = LINE('',#3724,#3725);
#3724 = CARTESIAN_POINT('',(0.155302,-77.866033,1.51));
#3725 = VECTOR('',#3726,1.);
#3726 = DIRECTION('',(-0.358340195785,0.933591079694,0.));
#3727 = ORIENTED_EDGE('',*,*,#3728,.F.);
#3728 = EDGE_CURVE('',#3729,#3721,#3731,.T.);
#3729 = VERTEX_POINT('',#3730);
#3730 = CARTESIAN_POINT('',(0.263554,-78.070644,1.51));
#3731 = LINE('',#3732,#3733);
#3732 = CARTESIAN_POINT('',(0.263554,-78.070644,1.51));
#3733 = VECTOR('',#3734,1.);
#3734 = DIRECTION('',(-0.467646543,0.883915556385,0.));
#3735 = ORIENTED_EDGE('',*,*,#3736,.F.);
#3736 = EDGE_CURVE('',#3737,#3729,#3739,.T.);
#3737 = VERTEX_POINT('',#3738);
#3738 = CARTESIAN_POINT('',(0.395069,-78.241051,1.51));
#3739 = LINE('',#3740,#3741);
#3740 = CARTESIAN_POINT('',(0.395069,-78.241051,1.51));
#3741 = VECTOR('',#3742,1.);
#3742 = DIRECTION('',(-0.610972861562,0.791651541042,0.));
#3743 = ORIENTED_EDGE('',*,*,#3744,.F.);
#3744 = EDGE_CURVE('',#3745,#3737,#3747,.T.);
#3745 = VERTEX_POINT('',#3746);
#3746 = CARTESIAN_POINT('',(0.548171,-78.38027,1.51));
#3747 = LINE('',#3748,#3749);
#3748 = CARTESIAN_POINT('',(0.548171,-78.38027,1.51));
#3749 = VECTOR('',#3750,1.);
#3750 = DIRECTION('',(-0.73985500793,0.672766354124,0.));
#3751 = ORIENTED_EDGE('',*,*,#3752,.F.);
#3752 = EDGE_CURVE('',#3753,#3745,#3755,.T.);
#3753 = VERTEX_POINT('',#3754);
#3754 = CARTESIAN_POINT('',(0.721069,-78.489808,1.51));
#3755 = LINE('',#3756,#3757);
#3756 = CARTESIAN_POINT('',(0.721069,-78.489808,1.51));
#3757 = VECTOR('',#3758,1.);
#3758 = DIRECTION('',(-0.844739708353,0.535177377261,0.));
#3759 = ORIENTED_EDGE('',*,*,#3760,.F.);
#3760 = EDGE_CURVE('',#3761,#3753,#3763,.T.);
#3761 = VERTEX_POINT('',#3762);
#3762 = CARTESIAN_POINT('',(0.909392,-78.569623,1.51));
#3763 = LINE('',#3764,#3765);
#3764 = CARTESIAN_POINT('',(0.909392,-78.569623,1.51));
#3765 = VECTOR('',#3766,1.);
#3766 = DIRECTION('',(-0.92072165251,0.390219987442,0.));
#3767 = ORIENTED_EDGE('',*,*,#3768,.F.);
#3768 = EDGE_CURVE('',#3769,#3761,#3771,.T.);
#3769 = VERTEX_POINT('',#3770);
#3770 = CARTESIAN_POINT('',(1.097961,-78.618904,1.51));
#3771 = LINE('',#3772,#3773);
#3772 = CARTESIAN_POINT('',(1.097961,-78.618904,1.51));
#3773 = VECTOR('',#3774,1.);
#3774 = DIRECTION('',(-0.967505535676,0.252849833767,0.));
#3775 = ORIENTED_EDGE('',*,*,#3776,.F.);
#3776 = EDGE_CURVE('',#3777,#3769,#3779,.T.);
#3777 = VERTEX_POINT('',#3778);
#3778 = CARTESIAN_POINT('',(1.148413,-78.628182,1.51));
#3779 = LINE('',#3780,#3781);
#3780 = CARTESIAN_POINT('',(1.148413,-78.628182,1.51));
#3781 = VECTOR('',#3782,1.);
#3782 = DIRECTION('',(-0.983507982463,0.18086472412,0.));
#3783 = ORIENTED_EDGE('',*,*,#3784,.F.);
#3784 = EDGE_CURVE('',#3785,#3777,#3787,.T.);
#3785 = VERTEX_POINT('',#3786);
#3786 = CARTESIAN_POINT('',(1.148499,-78.628197,1.51));
#3787 = LINE('',#3788,#3789);
#3788 = CARTESIAN_POINT('',(1.148499,-78.628197,1.51));
#3789 = VECTOR('',#3790,1.);
#3790 = DIRECTION('',(-0.985127563022,0.171824575,0.));
#3791 = ORIENTED_EDGE('',*,*,#3792,.F.);
#3792 = EDGE_CURVE('',#3793,#3785,#3795,.T.);
#3793 = VERTEX_POINT('',#3794);
#3794 = CARTESIAN_POINT('',(127.001546,-100.861795,1.51));
#3795 = LINE('',#3796,#3797);
#3796 = CARTESIAN_POINT('',(127.001546,-100.861795,1.51));
#3797 = VECTOR('',#3798,1.);
#3798 = DIRECTION('',(-0.984751085921,0.173969246644,0.));
#3799 = ORIENTED_EDGE('',*,*,#3800,.F.);
#3800 = EDGE_CURVE('',#3801,#3793,#3803,.T.);
#3801 = VERTEX_POINT('',#3802);
#3802 = CARTESIAN_POINT('',(127.648534,-100.956964,1.51));
#3803 = LINE('',#3804,#3805);
#3804 = CARTESIAN_POINT('',(127.648534,-100.956964,1.51));
#3805 = VECTOR('',#3806,1.);
#3806 = DIRECTION('',(-0.98935391665,0.145529473334,0.));
#3807 = ORIENTED_EDGE('',*,*,#3808,.F.);
#3808 = EDGE_CURVE('',#3809,#3801,#3811,.T.);
#3809 = VERTEX_POINT('',#3810);
#3810 = CARTESIAN_POINT('',(128.343363,-101.021003,1.51));
#3811 = LINE('',#3812,#3813);
#3812 = CARTESIAN_POINT('',(128.343363,-101.021003,1.51));
#3813 = VECTOR('',#3814,1.);
#3814 = DIRECTION('',(-0.995779663086,9.177615477239E-02,0.));
#3815 = ORIENTED_EDGE('',*,*,#3816,.F.);
#3816 = EDGE_CURVE('',#3817,#3809,#3819,.T.);
#3817 = VERTEX_POINT('',#3818);
#3818 = CARTESIAN_POINT('',(129.081322,-101.051739,1.51));
#3819 = LINE('',#3820,#3821);
#3820 = CARTESIAN_POINT('',(129.081322,-101.051739,1.51));
#3821 = VECTOR('',#3822,1.);
#3822 = DIRECTION('',(-0.999133765164,4.161393167653E-02,0.));
#3823 = ORIENTED_EDGE('',*,*,#3824,.F.);
#3824 = EDGE_CURVE('',#3825,#3817,#3827,.T.);
#3825 = VERTEX_POINT('',#3826);
#3826 = CARTESIAN_POINT('',(129.851827,-101.047641,1.51));
#3827 = LINE('',#3828,#3829);
#3828 = CARTESIAN_POINT('',(129.851827,-101.047641,1.51));
#3829 = VECTOR('',#3830,1.);
#3830 = DIRECTION('',(-0.999985856602,-5.318514533134E-03,0.));
#3831 = ORIENTED_EDGE('',*,*,#3832,.F.);
#3832 = EDGE_CURVE('',#3833,#3825,#3835,.T.);
#3833 = VERTEX_POINT('',#3834);
#3834 = CARTESIAN_POINT('',(130.632585,-101.008929,1.51));
#3835 = LINE('',#3836,#3837);
#3836 = CARTESIAN_POINT('',(130.632585,-101.008929,1.51));
#3837 = VECTOR('',#3838,1.);
#3838 = DIRECTION('',(-0.998773045452,-4.952174955049E-02,0.));
#3839 = ORIENTED_EDGE('',*,*,#3840,.F.);
#3840 = EDGE_CURVE('',#3841,#3833,#3843,.T.);
#3841 = VERTEX_POINT('',#3842);
#3842 = CARTESIAN_POINT('',(131.373725,-100.940683,1.51));
#3843 = LINE('',#3844,#3845);
#3844 = CARTESIAN_POINT('',(131.373725,-100.940683,1.51));
#3845 = VECTOR('',#3846,1.);
#3846 = DIRECTION('',(-0.995787181671,-9.169454084287E-02,0.));
#3847 = ORIENTED_EDGE('',*,*,#3848,.F.);
#3848 = EDGE_CURVE('',#3849,#3841,#3851,.T.);
#3849 = VERTEX_POINT('',#3850);
#3850 = CARTESIAN_POINT('',(131.935137,-100.865736,1.51));
#3851 = LINE('',#3852,#3853);
#3852 = CARTESIAN_POINT('',(131.935137,-100.865736,1.51));
#3853 = VECTOR('',#3854,1.);
#3854 = DIRECTION('',(-0.991206593157,-0.132323428315,0.));
#3855 = ORIENTED_EDGE('',*,*,#3856,.F.);
#3856 = EDGE_CURVE('',#3857,#3849,#3859,.T.);
#3857 = VERTEX_POINT('',#3858);
#3858 = CARTESIAN_POINT('',(132.007645,-100.853811,1.51));
#3859 = LINE('',#3860,#3861);
#3860 = CARTESIAN_POINT('',(132.007645,-100.853811,1.51));
#3861 = VECTOR('',#3862,1.);
#3862 = DIRECTION('',(-0.986744014769,-0.16228447035,0.));
#3863 = ORIENTED_EDGE('',*,*,#3864,.F.);
#3864 = EDGE_CURVE('',#3865,#3857,#3867,.T.);
#3865 = VERTEX_POINT('',#3866);
#3866 = CARTESIAN_POINT('',(132.007651,-100.85381,1.51));
#3867 = LINE('',#3868,#3869);
#3868 = CARTESIAN_POINT('',(132.007651,-100.85381,1.51));
#3869 = VECTOR('',#3870,1.);
#3870 = DIRECTION('',(-0.986393923958,-0.164398986548,0.));
#3871 = ORIENTED_EDGE('',*,*,#3872,.F.);
#3872 = EDGE_CURVE('',#3873,#3865,#3875,.T.);
#3873 = VERTEX_POINT('',#3874);
#3874 = CARTESIAN_POINT('',(257.845848,-78.622836,1.51));
#3875 = LINE('',#3876,#3877);
#3876 = CARTESIAN_POINT('',(257.845848,-78.622836,1.51));
#3877 = VECTOR('',#3878,1.);
#3878 = DIRECTION('',(-0.984751086661,-0.173969242455,0.));
#3879 = ORIENTED_EDGE('',*,*,#3880,.F.);
#3880 = EDGE_CURVE('',#3881,#3873,#3883,.T.);
#3881 = VERTEX_POINT('',#3882);
#3882 = CARTESIAN_POINT('',(257.845934,-78.622821,1.51));
#3883 = LINE('',#3884,#3885);
#3884 = CARTESIAN_POINT('',(257.845934,-78.622821,1.51));
#3885 = VECTOR('',#3886,1.);
#3886 = DIRECTION('',(-0.985127563026,-0.17182457498,0.));
#3887 = ORIENTED_EDGE('',*,*,#3888,.F.);
#3888 = EDGE_CURVE('',#3889,#3881,#3891,.T.);
#3889 = VERTEX_POINT('',#3890);
#3890 = CARTESIAN_POINT('',(257.896386,-78.613543,1.51));
#3891 = LINE('',#3892,#3893);
#3892 = CARTESIAN_POINT('',(257.896386,-78.613543,1.51));
#3893 = VECTOR('',#3894,1.);
#3894 = DIRECTION('',(-0.983507982463,-0.18086472412,0.));
#3895 = ORIENTED_EDGE('',*,*,#3896,.F.);
#3896 = EDGE_CURVE('',#3897,#3889,#3899,.T.);
#3897 = VERTEX_POINT('',#3898);
#3898 = CARTESIAN_POINT('',(258.084955,-78.564262,1.51));
#3899 = LINE('',#3900,#3901);
#3900 = CARTESIAN_POINT('',(258.084955,-78.564262,1.51));
#3901 = VECTOR('',#3902,1.);
#3902 = DIRECTION('',(-0.967505535676,-0.252849833767,0.));
#3903 = ORIENTED_EDGE('',*,*,#3904,.F.);
#3904 = EDGE_CURVE('',#3905,#3897,#3907,.T.);
#3905 = VERTEX_POINT('',#3906);
#3906 = CARTESIAN_POINT('',(258.273278,-78.484447,1.51));
#3907 = LINE('',#3908,#3909);
#3908 = CARTESIAN_POINT('',(258.273278,-78.484447,1.51));
#3909 = VECTOR('',#3910,1.);
#3910 = DIRECTION('',(-0.92072165251,-0.390219987442,0.));
#3911 = ORIENTED_EDGE('',*,*,#3912,.F.);
#3912 = EDGE_CURVE('',#3913,#3905,#3915,.T.);
#3913 = VERTEX_POINT('',#3914);
#3914 = CARTESIAN_POINT('',(258.446176,-78.374909,1.51));
#3915 = LINE('',#3916,#3917);
#3916 = CARTESIAN_POINT('',(258.446176,-78.374909,1.51));
#3917 = VECTOR('',#3918,1.);
#3918 = DIRECTION('',(-0.844739708353,-0.535177377261,0.));
#3919 = ORIENTED_EDGE('',*,*,#3920,.F.);
#3920 = EDGE_CURVE('',#3921,#3913,#3923,.T.);
#3921 = VERTEX_POINT('',#3922);
#3922 = CARTESIAN_POINT('',(258.599278,-78.23569,1.51));
#3923 = LINE('',#3924,#3925);
#3924 = CARTESIAN_POINT('',(258.599278,-78.23569,1.51));
#3925 = VECTOR('',#3926,1.);
#3926 = DIRECTION('',(-0.73985500793,-0.672766354123,0.));
#3927 = ORIENTED_EDGE('',*,*,#3928,.F.);
#3928 = EDGE_CURVE('',#3929,#3921,#3931,.T.);
#3929 = VERTEX_POINT('',#3930);
#3930 = CARTESIAN_POINT('',(258.730793,-78.065283,1.51));
#3931 = LINE('',#3932,#3933);
#3932 = CARTESIAN_POINT('',(258.730793,-78.065283,1.51));
#3933 = VECTOR('',#3934,1.);
#3934 = DIRECTION('',(-0.610972861562,-0.791651541042,0.));
#3935 = ORIENTED_EDGE('',*,*,#3936,.F.);
#3936 = EDGE_CURVE('',#3937,#3929,#3939,.T.);
#3937 = VERTEX_POINT('',#3938);
#3938 = CARTESIAN_POINT('',(258.839045,-77.860672,1.51));
#3939 = LINE('',#3940,#3941);
#3940 = CARTESIAN_POINT('',(258.839045,-77.860672,1.51));
#3941 = VECTOR('',#3942,1.);
#3942 = DIRECTION('',(-0.467646543,-0.883915556385,0.));
#3943 = ORIENTED_EDGE('',*,*,#3944,.F.);
#3944 = EDGE_CURVE('',#3945,#3937,#3947,.T.);
#3945 = VERTEX_POINT('',#3946);
#3946 = CARTESIAN_POINT('',(258.883514,-77.744816,1.51));
#3947 = LINE('',#3948,#3949);
#3948 = CARTESIAN_POINT('',(258.883514,-77.744816,1.51));
#3949 = VECTOR('',#3950,1.);
#3950 = DIRECTION('',(-0.358340195785,-0.933591079694,0.));
#3951 = ORIENTED_EDGE('',*,*,#3952,.F.);
#3952 = EDGE_CURVE('',#3953,#3945,#3955,.T.);
#3953 = VERTEX_POINT('',#3954);
#3954 = CARTESIAN_POINT('',(258.921523,-77.617599,1.51));
#3955 = LINE('',#3956,#3957);
#3956 = CARTESIAN_POINT('',(258.921523,-77.617599,1.51));
#3957 = VECTOR('',#3958,1.);
#3958 = DIRECTION('',(-0.286269093418,-0.958149260895,0.));
#3959 = ORIENTED_EDGE('',*,*,#3960,.F.);
#3960 = EDGE_CURVE('',#3961,#3953,#3963,.T.);
#3961 = VERTEX_POINT('',#3962);
#3962 = CARTESIAN_POINT('',(258.951951,-77.480304,1.51));
#3963 = LINE('',#3964,#3965);
#3964 = CARTESIAN_POINT('',(258.951951,-77.480304,1.51));
#3965 = VECTOR('',#3966,1.);
#3966 = DIRECTION('',(-0.21637475756,-0.976310383173,0.));
#3967 = ORIENTED_EDGE('',*,*,#3968,.F.);
#3968 = EDGE_CURVE('',#3969,#3961,#3971,.T.);
#3969 = VERTEX_POINT('',#3970);
#3970 = CARTESIAN_POINT('',(258.974563,-77.330873,1.51));
#3971 = LINE('',#3972,#3973);
#3972 = CARTESIAN_POINT('',(258.974563,-77.330873,1.51));
#3973 = VECTOR('',#3974,1.);
#3974 = DIRECTION('',(-0.149617405873,-0.988743966788,0.));
#3975 = ORIENTED_EDGE('',*,*,#3976,.F.);
#3976 = EDGE_CURVE('',#3977,#3969,#3979,.T.);
#3977 = VERTEX_POINT('',#3978);
#3978 = CARTESIAN_POINT('',(258.988576,-77.169308,1.51));
#3979 = LINE('',#3980,#3981);
#3980 = CARTESIAN_POINT('',(258.988576,-77.169308,1.51));
#3981 = VECTOR('',#3982,1.);
#3982 = DIRECTION('',(-8.640849476944E-02,-0.996259791436,0.));
#3983 = ORIENTED_EDGE('',*,*,#3984,.F.);
#3984 = EDGE_CURVE('',#3985,#3977,#3987,.T.);
#3985 = VERTEX_POINT('',#3986);
#3986 = CARTESIAN_POINT('',(258.993327,-76.994639,1.51));
#3987 = LINE('',#3988,#3989);
#3988 = CARTESIAN_POINT('',(258.993327,-76.994639,1.51));
#3989 = VECTOR('',#3990,1.);
#3990 = DIRECTION('',(-2.718996205571E-02,-0.999630284637,0.));
#3991 = ORIENTED_EDGE('',*,*,#3992,.F.);
#3992 = EDGE_CURVE('',#3993,#3985,#3995,.T.);
#3993 = VERTEX_POINT('',#3994);
#3994 = CARTESIAN_POINT('',(258.965148,-2.999996,1.51));
#3995 = LINE('',#3996,#3997);
#3996 = CARTESIAN_POINT('',(258.965148,-2.999996,1.51));
#3997 = VECTOR('',#3998,1.);
#3998 = DIRECTION('',(3.808248383151E-04,-0.999999927486,0.));
#3999 = ORIENTED_EDGE('',*,*,#4000,.F.);
#4000 = EDGE_CURVE('',#4001,#3993,#4003,.T.);
#4001 = VERTEX_POINT('',#4002);
#4002 = CARTESIAN_POINT('',(258.959289,-2.87109,1.51));
#4003 = LINE('',#4004,#4005);
#4004 = CARTESIAN_POINT('',(258.959289,-2.87109,1.51));
#4005 = VECTOR('',#4006,1.);
#4006 = DIRECTION('',(4.540484869596E-02,-0.998968668035,0.));
#4007 = ORIENTED_EDGE('',*,*,#4008,.F.);
#4008 = EDGE_CURVE('',#4009,#4001,#4011,.T.);
#4009 = VERTEX_POINT('',#4010);
#4010 = CARTESIAN_POINT('',(258.918273,-2.531246,1.51));
#4011 = LINE('',#4012,#4013);
#4012 = CARTESIAN_POINT('',(258.918273,-2.531246,1.51));
#4013 = VECTOR('',#4014,1.);
#4014 = DIRECTION('',(0.119821153083,-0.992795493178,0.));
#4015 = ORIENTED_EDGE('',*,*,#4016,.F.);
#4016 = EDGE_CURVE('',#4017,#4009,#4019,.T.);
#4017 = VERTEX_POINT('',#4018);
#4018 = CARTESIAN_POINT('',(258.873595,-2.304195,1.51));
#4019 = LINE('',#4020,#4021);
#4020 = CARTESIAN_POINT('',(258.873595,-2.304195,1.51));
#4021 = VECTOR('',#4022,1.);
#4022 = DIRECTION('',(0.193072739951,-0.981184446008,0.));
#4023 = ORIENTED_EDGE('',*,*,#4024,.F.);
#4024 = EDGE_CURVE('',#4025,#4017,#4027,.T.);
#4025 = VERTEX_POINT('',#4026);
#4026 = CARTESIAN_POINT('',(258.806945,-2.050777,1.51));
#4027 = LINE('',#4028,#4029);
#4028 = CARTESIAN_POINT('',(258.806945,-2.050777,1.51));
#4029 = VECTOR('',#4030,1.);
#4030 = DIRECTION('',(0.254354289568,-0.967111108083,0.));
#4031 = ORIENTED_EDGE('',*,*,#4032,.F.);
#4032 = EDGE_CURVE('',#4033,#4025,#4035,.T.);
#4033 = VERTEX_POINT('',#4034);
#4034 = CARTESIAN_POINT('',(258.713927,-1.779781,1.51));
#4035 = LINE('',#4036,#4037);
#4036 = CARTESIAN_POINT('',(258.713927,-1.779781,1.51));
#4037 = VECTOR('',#4038,1.);
#4038 = DIRECTION('',(0.324652496865,-0.945833366021,0.));
#4039 = ORIENTED_EDGE('',*,*,#4040,.F.);
#4040 = EDGE_CURVE('',#4041,#4033,#4043,.T.);
#4041 = VERTEX_POINT('',#4042);
#4042 = CARTESIAN_POINT('',(258.590148,-1.499996,1.51));
#4043 = LINE('',#4044,#4045);
#4044 = CARTESIAN_POINT('',(258.590148,-1.499996,1.51));
#4045 = VECTOR('',#4046,1.);
#4046 = DIRECTION('',(0.404582401038,-0.914501547713,0.));
#4047 = ORIENTED_EDGE('',*,*,#4048,.F.);
#4048 = EDGE_CURVE('',#4049,#4041,#4051,.T.);
#4049 = VERTEX_POINT('',#4050);
#4050 = CARTESIAN_POINT('',(258.431212,-1.220211,1.51));
#4051 = LINE('',#4052,#4053);
#4052 = CARTESIAN_POINT('',(258.431212,-1.220211,1.51));
#4053 = VECTOR('',#4054,1.);
#4054 = DIRECTION('',(0.493932465641,-0.869500269917,0.));
#4055 = ORIENTED_EDGE('',*,*,#4056,.F.);
#4056 = EDGE_CURVE('',#4057,#4049,#4059,.T.);
#4057 = VERTEX_POINT('',#4058);
#4058 = CARTESIAN_POINT('',(258.337188,-1.083065,1.51));
#4059 = LINE('',#4060,#4061);
#4060 = CARTESIAN_POINT('',(258.337188,-1.083065,1.51));
#4061 = VECTOR('',#4062,1.);
#4062 = DIRECTION('',(0.565450750055,-0.824782061676,0.));
#4063 = ORIENTED_EDGE('',*,*,#4064,.F.);
#4064 = EDGE_CURVE('',#4065,#4057,#4067,.T.);
#4065 = VERTEX_POINT('',#4066);
#4066 = CARTESIAN_POINT('',(258.232726,-0.949215,1.51));
#4067 = LINE('',#4068,#4069);
#4068 = CARTESIAN_POINT('',(258.232726,-0.949215,1.51));
#4069 = VECTOR('',#4070,1.);
#4070 = DIRECTION('',(0.615247823332,-0.788333759194,0.));
#4071 = ORIENTED_EDGE('',*,*,#4072,.F.);
#4072 = EDGE_CURVE('',#4073,#4065,#4075,.T.);
#4073 = VERTEX_POINT('',#4074);
#4074 = CARTESIAN_POINT('',(258.117278,-0.819759,1.51));
#4075 = LINE('',#4076,#4077);
#4076 = CARTESIAN_POINT('',(258.117278,-0.819759,1.51));
#4077 = VECTOR('',#4078,1.);
#4078 = DIRECTION('',(0.665573884847,-0.746331966225,0.));
#4079 = ORIENTED_EDGE('',*,*,#4080,.F.);
#4080 = EDGE_CURVE('',#4081,#4073,#4083,.T.);
#4081 = VERTEX_POINT('',#4082);
#4082 = CARTESIAN_POINT('',(257.990294,-0.695797,1.51));
#4083 = LINE('',#4084,#4085);
#4084 = CARTESIAN_POINT('',(257.990294,-0.695797,1.51));
#4085 = VECTOR('',#4086,1.);
#4086 = DIRECTION('',(0.715570181951,-0.698540846839,0.));
#4087 = ORIENTED_EDGE('',*,*,#4088,.F.);
#4088 = EDGE_CURVE('',#4089,#4081,#4091,.T.);
#4089 = VERTEX_POINT('',#4090);
#4090 = CARTESIAN_POINT('',(257.851226,-0.578426,1.51));
#4091 = LINE('',#4092,#4093);
#4092 = CARTESIAN_POINT('',(257.851226,-0.578426,1.51));
#4093 = VECTOR('',#4094,1.);
#4094 = DIRECTION('',(0.764203791791,-0.644974855799,0.));
#4095 = ORIENTED_EDGE('',*,*,#4096,.F.);
#4096 = EDGE_CURVE('',#4097,#4089,#4099,.T.);
#4097 = VERTEX_POINT('',#4098);
#4098 = CARTESIAN_POINT('',(257.699523,-0.468746,1.51));
#4099 = LINE('',#4100,#4101);
#4100 = CARTESIAN_POINT('',(257.699523,-0.468746,1.51));
#4101 = VECTOR('',#4102,1.);
#4102 = DIRECTION('',(0.81038317457,-0.585900256335,0.));
#4103 = ORIENTED_EDGE('',*,*,#4104,.F.);
#4104 = EDGE_CURVE('',#4105,#4097,#4107,.T.);
#4105 = VERTEX_POINT('',#4106);
#4106 = CARTESIAN_POINT('',(257.534637,-0.367855,1.51));
#4107 = LINE('',#4108,#4109);
#4108 = CARTESIAN_POINT('',(257.534637,-0.367855,1.51));
#4109 = VECTOR('',#4110,1.);
#4110 = DIRECTION('',(0.852988604995,-0.521929535234,0.));
#4111 = ORIENTED_EDGE('',*,*,#4112,.F.);
#4112 = EDGE_CURVE('',#4113,#4105,#4115,.T.);
#4113 = VERTEX_POINT('',#4114);
#4114 = CARTESIAN_POINT('',(257.356017,-0.276851,1.51));
#4115 = LINE('',#4116,#4117);
#4116 = CARTESIAN_POINT('',(257.356017,-0.276851,1.51));
#4117 = VECTOR('',#4118,1.);
#4118 = DIRECTION('',(0.8910215279,-0.453961052094,0.));
#4119 = ORIENTED_EDGE('',*,*,#4120,.F.);
#4120 = EDGE_CURVE('',#4121,#4113,#4123,.T.);
#4121 = VERTEX_POINT('',#4122);
#4122 = CARTESIAN_POINT('',(257.163116,-0.196834,1.51));
#4123 = LINE('',#4124,#4125);
#4124 = CARTESIAN_POINT('',(257.163116,-0.196834,1.51));
#4125 = VECTOR('',#4126,1.);
#4126 = DIRECTION('',(0.923685080181,-0.383152544885,0.));
#4127 = ORIENTED_EDGE('',*,*,#4128,.F.);
#4128 = EDGE_CURVE('',#4129,#4121,#4131,.T.);
#4129 = VERTEX_POINT('',#4130);
#4130 = CARTESIAN_POINT('',(256.955382,-0.128902,1.51));
#4131 = LINE('',#4132,#4133);
#4132 = CARTESIAN_POINT('',(256.955382,-0.128902,1.51));
#4133 = VECTOR('',#4134,1.);
#4134 = DIRECTION('',(0.950469697774,-0.310817235066,0.));
#4135 = ORIENTED_EDGE('',*,*,#4136,.F.);
#4136 = EDGE_CURVE('',#112,#4129,#4137,.T.);
#4137 = LINE('',#4138,#4139);
#4138 = CARTESIAN_POINT('',(256.732268,-7.4154E-02,1.51));
#4139 = VECTOR('',#4140,1.);
#4140 = DIRECTION('',(0.971188759797,-0.238311545763,0.));
#4141 = ORIENTED_EDGE('',*,*,#111,.F.);
#4142 = FACE_BOUND('',#4143,.T.);
#4143 = EDGE_LOOP('',(#4144));
#4144 = ORIENTED_EDGE('',*,*,#4145,.T.);
#4145 = EDGE_CURVE('',#4146,#4146,#4148,.T.);
#4146 = VERTEX_POINT('',#4147);
#4147 = CARTESIAN_POINT('',(40.5,-80.4,1.51));
#4148 = CIRCLE('',#4149,0.5);
#4149 = AXIS2_PLACEMENT_3D('',#4150,#4151,#4152);
#4150 = CARTESIAN_POINT('',(40.5,-79.9,1.51));
#4151 = DIRECTION('',(-0.,0.,-1.));
#4152 = DIRECTION('',(-0.,-1.,0.));
#4153 = FACE_BOUND('',#4154,.T.);
#4154 = EDGE_LOOP('',(#4155));
#4155 = ORIENTED_EDGE('',*,*,#4156,.T.);
#4156 = EDGE_CURVE('',#4157,#4157,#4159,.T.);
#4157 = VERTEX_POINT('',#4158);
#4158 = CARTESIAN_POINT('',(37.998588,-79.958935,1.51));
#4159 = CIRCLE('',#4160,0.5);
#4160 = AXIS2_PLACEMENT_3D('',#4161,#4162,#4163);
#4161 = CARTESIAN_POINT('',(37.998588,-79.458935,1.51));
#4162 = DIRECTION('',(-0.,0.,-1.));
#4163 = DIRECTION('',(-0.,-1.,0.));
#4164 = FACE_BOUND('',#4165,.T.);
#4165 = EDGE_LOOP('',(#4166));
#4166 = ORIENTED_EDGE('',*,*,#4167,.T.);
#4167 = EDGE_CURVE('',#4168,#4168,#4170,.T.);
#4168 = VERTEX_POINT('',#4169);
#4169 = CARTESIAN_POINT('',(43.001413,-80.841067,1.51));
#4170 = CIRCLE('',#4171,0.5);
#4171 = AXIS2_PLACEMENT_3D('',#4172,#4173,#4174);
#4172 = CARTESIAN_POINT('',(43.001413,-80.341067,1.51));
#4173 = DIRECTION('',(-0.,0.,-1.));
#4174 = DIRECTION('',(-0.,-1.,0.));
#4175 = FACE_BOUND('',#4176,.T.);
#4176 = EDGE_LOOP('',(#4177));
#4177 = ORIENTED_EDGE('',*,*,#4178,.T.);
#4178 = EDGE_CURVE('',#4179,#4179,#4181,.T.);
#4179 = VERTEX_POINT('',#4180);
#4180 = CARTESIAN_POINT('',(32.995766,-79.076802,1.51));
#4181 = CIRCLE('',#4182,0.5);
#4182 = AXIS2_PLACEMENT_3D('',#4183,#4184,#4185);
#4183 = CARTESIAN_POINT('',(32.995766,-78.576802,1.51));
#4184 = DIRECTION('',(-0.,0.,-1.));
#4185 = DIRECTION('',(-0.,-1.,0.));
#4186 = FACE_BOUND('',#4187,.T.);
#4187 = EDGE_LOOP('',(#4188));
#4188 = ORIENTED_EDGE('',*,*,#4189,.T.);
#4189 = EDGE_CURVE('',#4190,#4190,#4192,.T.);
#4190 = VERTEX_POINT('',#4191);
#4191 = CARTESIAN_POINT('',(35.497173,-79.517864,1.51));
#4192 = CIRCLE('',#4193,0.5);
#4193 = AXIS2_PLACEMENT_3D('',#4194,#4195,#4196);
#4194 = CARTESIAN_POINT('',(35.497173,-79.017864,1.51));
#4195 = DIRECTION('',(-0.,0.,-1.));
#4196 = DIRECTION('',(-0.,-1.,0.));
#4197 = FACE_BOUND('',#4198,.T.);
#4198 = EDGE_LOOP('',(#4199,#4210,#4218,#4227));
#4199 = ORIENTED_EDGE('',*,*,#4200,.T.);
#4200 = EDGE_CURVE('',#4201,#4203,#4205,.T.);
#4201 = VERTEX_POINT('',#4202);
#4202 = CARTESIAN_POINT('',(1.199857,-65.230001,1.51));
#4203 = VERTEX_POINT('',#4204);
#4204 = CARTESIAN_POINT('',(1.199857,-64.430003,1.51));
#4205 = CIRCLE('',#4206,0.399999);
#4206 = AXIS2_PLACEMENT_3D('',#4207,#4208,#4209);
#4207 = CARTESIAN_POINT('',(1.199857,-64.830002,1.51));
#4208 = DIRECTION('',(-0.,0.,-1.));
#4209 = DIRECTION('',(-1.165737090199E-14,1.,0.));
#4210 = ORIENTED_EDGE('',*,*,#4211,.T.);
#4211 = EDGE_CURVE('',#4203,#4212,#4214,.T.);
#4212 = VERTEX_POINT('',#4213);
#4213 = CARTESIAN_POINT('',(1.799857,-64.430003,1.51));
#4214 = LINE('',#4215,#4216);
#4215 = CARTESIAN_POINT('',(0.8999285,-64.430003,1.51));
#4216 = VECTOR('',#4217,1.);
#4217 = DIRECTION('',(1.,0.,-0.));
#4218 = ORIENTED_EDGE('',*,*,#4219,.T.);
#4219 = EDGE_CURVE('',#4212,#4220,#4222,.T.);
#4220 = VERTEX_POINT('',#4221);
#4221 = CARTESIAN_POINT('',(1.799857,-65.230001,1.51));
#4222 = CIRCLE('',#4223,0.399999);
#4223 = AXIS2_PLACEMENT_3D('',#4224,#4225,#4226);
#4224 = CARTESIAN_POINT('',(1.799857,-64.830002,1.51));
#4225 = DIRECTION('',(-0.,0.,-1.));
#4226 = DIRECTION('',(1.221248380209E-14,-1.,-0.));
#4227 = ORIENTED_EDGE('',*,*,#4228,.T.);
#4228 = EDGE_CURVE('',#4220,#4201,#4229,.T.);
#4229 = LINE('',#4230,#4231);
#4230 = CARTESIAN_POINT('',(0.5999285,-65.230001,1.51));
#4231 = VECTOR('',#4232,1.);
#4232 = DIRECTION('',(-1.,0.,0.));
#4233 = FACE_BOUND('',#4234,.T.);
#4234 = EDGE_LOOP('',(#4235,#4246,#4254,#4263));
#4235 = ORIENTED_EDGE('',*,*,#4236,.T.);
#4236 = EDGE_CURVE('',#4237,#4239,#4241,.T.);
#4237 = VERTEX_POINT('',#4238);
#4238 = CARTESIAN_POINT('',(5.279869,-65.230001,1.51));
#4239 = VERTEX_POINT('',#4240);
#4240 = CARTESIAN_POINT('',(5.279869,-64.430003,1.51));
#4241 = CIRCLE('',#4242,0.399999);
#4242 = AXIS2_PLACEMENT_3D('',#4243,#4244,#4245);
#4243 = CARTESIAN_POINT('',(5.279869,-64.830002,1.51));
#4244 = DIRECTION('',(-0.,0.,-1.));
#4245 = DIRECTION('',(-1.332270960228E-14,1.,0.));
#4246 = ORIENTED_EDGE('',*,*,#4247,.T.);
#4247 = EDGE_CURVE('',#4239,#4248,#4250,.T.);
#4248 = VERTEX_POINT('',#4249);
#4249 = CARTESIAN_POINT('',(6.079843,-64.430003,1.51));
#4250 = LINE('',#4251,#4252);
#4251 = CARTESIAN_POINT('',(3.0399215,-64.430003,1.51));
#4252 = VECTOR('',#4253,1.);
#4253 = DIRECTION('',(1.,0.,-0.));
#4254 = ORIENTED_EDGE('',*,*,#4255,.T.);
#4255 = EDGE_CURVE('',#4248,#4256,#4258,.T.);
#4256 = VERTEX_POINT('',#4257);
#4257 = CARTESIAN_POINT('',(6.079843,-65.230001,1.51));
#4258 = CIRCLE('',#4259,0.399999);
#4259 = AXIS2_PLACEMENT_3D('',#4260,#4261,#4262);
#4260 = CARTESIAN_POINT('',(6.079843,-64.830002,1.51));
#4261 = DIRECTION('',(-0.,0.,-1.));
#4262 = DIRECTION('',(1.332270960228E-14,-1.,-0.));
#4263 = ORIENTED_EDGE('',*,*,#4264,.T.);
#4264 = EDGE_CURVE('',#4256,#4237,#4265,.T.);
#4265 = LINE('',#4266,#4267);
#4266 = CARTESIAN_POINT('',(2.6399345,-65.230001,1.51));
#4267 = VECTOR('',#4268,1.);
#4268 = DIRECTION('',(-1.,0.,0.));
#4269 = FACE_BOUND('',#4270,.T.);
#4270 = EDGE_LOOP('',(#4271));
#4271 = ORIENTED_EDGE('',*,*,#4272,.T.);
#4272 = EDGE_CURVE('',#4273,#4273,#4275,.T.);
#4273 = VERTEX_POINT('',#4274);
#4274 = CARTESIAN_POINT('',(5.179856,-63.774998,1.51));
#4275 = CIRCLE('',#4276,0.375);
#4276 = AXIS2_PLACEMENT_3D('',#4277,#4278,#4279);
#4277 = CARTESIAN_POINT('',(5.179856,-63.399998,1.51));
#4278 = DIRECTION('',(-0.,0.,-1.));
#4279 = DIRECTION('',(-0.,-1.,0.));
#4280 = FACE_BOUND('',#4281,.T.);
#4281 = EDGE_LOOP('',(#4282));
#4282 = ORIENTED_EDGE('',*,*,#4283,.T.);
#4283 = EDGE_CURVE('',#4284,#4284,#4286,.T.);
#4284 = VERTEX_POINT('',#4285);
#4285 = CARTESIAN_POINT('',(92.342123,-77.742867,1.51));
#4286 = CIRCLE('',#4287,0.875);
#4287 = AXIS2_PLACEMENT_3D('',#4288,#4289,#4290);
#4288 = CARTESIAN_POINT('',(92.342123,-76.867867,1.51));
#4289 = DIRECTION('',(-0.,0.,-1.));
#4290 = DIRECTION('',(-0.,-1.,0.));
#4291 = FACE_BOUND('',#4292,.T.);
#4292 = EDGE_LOOP('',(#4293));
#4293 = ORIENTED_EDGE('',*,*,#4294,.T.);
#4294 = EDGE_CURVE('',#4295,#4295,#4297,.T.);
#4295 = VERTEX_POINT('',#4296);
#4296 = CARTESIAN_POINT('',(79.436287,-76.528826,1.51));
#4297 = CIRCLE('',#4298,2.);
#4298 = AXIS2_PLACEMENT_3D('',#4299,#4300,#4301);
#4299 = CARTESIAN_POINT('',(79.436287,-74.528826,1.51));
#4300 = DIRECTION('',(-0.,0.,-1.));
#4301 = DIRECTION('',(-0.,-1.,0.));
#4302 = FACE_BOUND('',#4303,.T.);
#4303 = EDGE_LOOP('',(#4304));
#4304 = ORIENTED_EDGE('',*,*,#4305,.T.);
#4305 = EDGE_CURVE('',#4306,#4306,#4308,.T.);
#4306 = VERTEX_POINT('',#4307);
#4307 = CARTESIAN_POINT('',(74.433464,-74.521693,1.51));
#4308 = CIRCLE('',#4309,0.875);
#4309 = AXIS2_PLACEMENT_3D('',#4310,#4311,#4312);
#4310 = CARTESIAN_POINT('',(74.433464,-73.646693,1.51));
#4311 = DIRECTION('',(-0.,0.,-1.));
#4312 = DIRECTION('',(-0.,-1.,0.));
#4313 = FACE_BOUND('',#4314,.T.);
#4314 = EDGE_LOOP('',(#4315));
#4315 = ORIENTED_EDGE('',*,*,#4316,.T.);
#4316 = EDGE_CURVE('',#4317,#4317,#4319,.T.);
#4317 = VERTEX_POINT('',#4318);
#4318 = CARTESIAN_POINT('',(84.43911,-76.285959,1.51));
#4319 = CIRCLE('',#4320,0.875);
#4320 = AXIS2_PLACEMENT_3D('',#4321,#4322,#4323);
#4321 = CARTESIAN_POINT('',(84.43911,-75.410959,1.51));
#4322 = DIRECTION('',(-0.,0.,-1.));
#4323 = DIRECTION('',(-0.,-1.,0.));
#4324 = FACE_BOUND('',#4325,.T.);
#4325 = EDGE_LOOP('',(#4326));
#4326 = ORIENTED_EDGE('',*,*,#4327,.T.);
#4327 = EDGE_CURVE('',#4328,#4328,#4330,.T.);
#4328 = VERTEX_POINT('',#4329);
#4329 = CARTESIAN_POINT('',(94.033895,-75.336989,1.51));
#4330 = CIRCLE('',#4331,0.75);
#4331 = AXIS2_PLACEMENT_3D('',#4332,#4333,#4334);
#4332 = CARTESIAN_POINT('',(94.033895,-74.586989,1.51));
#4333 = DIRECTION('',(-0.,0.,-1.));
#4334 = DIRECTION('',(-0.,-1.,0.));
#4335 = FACE_BOUND('',#4336,.T.);
#4336 = EDGE_LOOP('',(#4337));
#4337 = ORIENTED_EDGE('',*,*,#4338,.T.);
#4338 = EDGE_CURVE('',#4339,#4339,#4341,.T.);
#4339 = VERTEX_POINT('',#4340);
#4340 = CARTESIAN_POINT('',(102.347769,-79.507133,1.51));
#4341 = CIRCLE('',#4342,0.875);
#4342 = AXIS2_PLACEMENT_3D('',#4343,#4344,#4345);
#4343 = CARTESIAN_POINT('',(102.347769,-78.632133,1.51));
#4344 = DIRECTION('',(-0.,0.,-1.));
#4345 = DIRECTION('',(-0.,-1.,0.));
#4346 = FACE_BOUND('',#4347,.T.);
#4347 = EDGE_LOOP('',(#4348));
#4348 = ORIENTED_EDGE('',*,*,#4349,.T.);
#4349 = EDGE_CURVE('',#4350,#4350,#4352,.T.);
#4350 = VERTEX_POINT('',#4351);
#4351 = CARTESIAN_POINT('',(97.344946,-79.75,1.51));
#4352 = CIRCLE('',#4353,2.);
#4353 = AXIS2_PLACEMENT_3D('',#4354,#4355,#4356);
#4354 = CARTESIAN_POINT('',(97.344946,-77.75,1.51));
#4355 = DIRECTION('',(-0.,0.,-1.));
#4356 = DIRECTION('',(-0.,-1.,0.));
#4357 = FACE_BOUND('',#4358,.T.);
#4358 = EDGE_LOOP('',(#4359));
#4359 = ORIENTED_EDGE('',*,*,#4360,.T.);
#4360 = EDGE_CURVE('',#4361,#4361,#4363,.T.);
#4361 = VERTEX_POINT('',#4362);
#4362 = CARTESIAN_POINT('',(124.02,-80.375,1.51));
#4363 = CIRCLE('',#4364,0.875);
#4364 = AXIS2_PLACEMENT_3D('',#4365,#4366,#4367);
#4365 = CARTESIAN_POINT('',(124.02,-79.5,1.51));
#4366 = DIRECTION('',(-0.,0.,-1.));
#4367 = DIRECTION('',(-0.,-1.,0.));
#4368 = FACE_BOUND('',#4369,.T.);
#4369 = EDGE_LOOP('',(#4370));
#4370 = ORIENTED_EDGE('',*,*,#4371,.T.);
#4371 = EDGE_CURVE('',#4372,#4372,#4374,.T.);
#4372 = VERTEX_POINT('',#4373);
#4373 = CARTESIAN_POINT('',(125.29,-77.71,1.51));
#4374 = CIRCLE('',#4375,0.75);
#4375 = AXIS2_PLACEMENT_3D('',#4376,#4377,#4378);
#4376 = CARTESIAN_POINT('',(125.29,-76.96,1.51));
#4377 = DIRECTION('',(-0.,0.,-1.));
#4378 = DIRECTION('',(-0.,-1.,0.));
#4379 = FACE_BOUND('',#4380,.T.);
#4380 = EDGE_LOOP('',(#4381));
#4381 = ORIENTED_EDGE('',*,*,#4382,.T.);
#4382 = EDGE_CURVE('',#4383,#4383,#4385,.T.);
#4383 = VERTEX_POINT('',#4384);
#4384 = CARTESIAN_POINT('',(100.72849,-73.938243,1.51));
#4385 = CIRCLE('',#4386,0.75);
#4386 = AXIS2_PLACEMENT_3D('',#4387,#4388,#4389);
#4387 = CARTESIAN_POINT('',(100.72849,-73.188243,1.51));
#4388 = DIRECTION('',(-0.,0.,-1.));
#4389 = DIRECTION('',(-0.,-1.,0.));
#4390 = FACE_BOUND('',#4391,.T.);
#4391 = EDGE_LOOP('',(#4392));
#4392 = ORIENTED_EDGE('',*,*,#4393,.T.);
#4393 = EDGE_CURVE('',#4394,#4394,#4396,.T.);
#4394 = VERTEX_POINT('',#4395);
#4395 = CARTESIAN_POINT('',(76.125236,-72.115815,1.51));
#4396 = CIRCLE('',#4397,0.75);
#4397 = AXIS2_PLACEMENT_3D('',#4398,#4399,#4400);
#4398 = CARTESIAN_POINT('',(76.125236,-71.365815,1.51));
#4399 = DIRECTION('',(-0.,0.,-1.));
#4400 = DIRECTION('',(-0.,-1.,0.));
#4401 = FACE_BOUND('',#4402,.T.);
#4402 = EDGE_LOOP('',(#4403));
#4403 = ORIENTED_EDGE('',*,*,#4404,.T.);
#4404 = EDGE_CURVE('',#4405,#4405,#4407,.T.);
#4405 = VERTEX_POINT('',#4406);
#4406 = CARTESIAN_POINT('',(82.819831,-70.717069,1.51));
#4407 = CIRCLE('',#4408,0.75);
#4408 = AXIS2_PLACEMENT_3D('',#4409,#4410,#4411);
#4409 = CARTESIAN_POINT('',(82.819831,-69.967069,1.51));
#4410 = DIRECTION('',(-0.,0.,-1.));
#4411 = DIRECTION('',(-0.,-1.,0.));
#4412 = FACE_BOUND('',#4413,.T.);
#4413 = EDGE_LOOP('',(#4414));
#4414 = ORIENTED_EDGE('',*,*,#4415,.T.);
#4415 = EDGE_CURVE('',#4416,#4416,#4418,.T.);
#4416 = VERTEX_POINT('',#4417);
#4417 = CARTESIAN_POINT('',(5.179859,-57.975,1.51));
#4418 = CIRCLE('',#4419,0.375);
#4419 = AXIS2_PLACEMENT_3D('',#4420,#4421,#4422);
#4420 = CARTESIAN_POINT('',(5.179859,-57.6,1.51));
#4421 = DIRECTION('',(-0.,0.,-1.));
#4422 = DIRECTION('',(-0.,-1.,0.));
#4423 = FACE_BOUND('',#4424,.T.);
#4424 = EDGE_LOOP('',(#4425,#4436,#4444,#4453));
#4425 = ORIENTED_EDGE('',*,*,#4426,.T.);
#4426 = EDGE_CURVE('',#4427,#4429,#4431,.T.);
#4427 = VERTEX_POINT('',#4428);
#4428 = CARTESIAN_POINT('',(1.199862,-56.569996,1.51));
#4429 = VERTEX_POINT('',#4430);
#4430 = CARTESIAN_POINT('',(1.199862,-55.769998,1.51));
#4431 = CIRCLE('',#4432,0.399999);
#4432 = AXIS2_PLACEMENT_3D('',#4433,#4434,#4435);
#4433 = CARTESIAN_POINT('',(1.199862,-56.169997,1.51));
#4434 = DIRECTION('',(0.,-0.,-1.));
#4435 = DIRECTION('',(6.106241901043E-15,1.,-0.));
#4436 = ORIENTED_EDGE('',*,*,#4437,.T.);
#4437 = EDGE_CURVE('',#4429,#4438,#4440,.T.);
#4438 = VERTEX_POINT('',#4439);
#4439 = CARTESIAN_POINT('',(1.799862,-55.769998,1.51));
#4440 = LINE('',#4441,#4442);
#4441 = CARTESIAN_POINT('',(0.899931,-55.769998,1.51));
#4442 = VECTOR('',#4443,1.);
#4443 = DIRECTION('',(1.,0.,-0.));
#4444 = ORIENTED_EDGE('',*,*,#4445,.T.);
#4445 = EDGE_CURVE('',#4438,#4446,#4448,.T.);
#4446 = VERTEX_POINT('',#4447);
#4447 = CARTESIAN_POINT('',(1.799862,-56.569996,1.51));
#4448 = CIRCLE('',#4449,0.399999);
#4449 = AXIS2_PLACEMENT_3D('',#4450,#4451,#4452);
#4450 = CARTESIAN_POINT('',(1.799862,-56.169997,1.51));
#4451 = DIRECTION('',(-0.,0.,-1.));
#4452 = DIRECTION('',(-5.551129000948E-15,-1.,0.));
#4453 = ORIENTED_EDGE('',*,*,#4454,.T.);
#4454 = EDGE_CURVE('',#4446,#4427,#4455,.T.);
#4455 = LINE('',#4456,#4457);
#4456 = CARTESIAN_POINT('',(0.599931,-56.569996,1.51));
#4457 = VECTOR('',#4458,1.);
#4458 = DIRECTION('',(-1.,0.,0.));
#4459 = FACE_BOUND('',#4460,.T.);
#4460 = EDGE_LOOP('',(#4461,#4472,#4480,#4489));
#4461 = ORIENTED_EDGE('',*,*,#4462,.T.);
#4462 = EDGE_CURVE('',#4463,#4465,#4467,.T.);
#4463 = VERTEX_POINT('',#4464);
#4464 = CARTESIAN_POINT('',(5.279843,-56.570002,1.51));
#4465 = VERTEX_POINT('',#4466);
#4466 = CARTESIAN_POINT('',(5.279843,-55.770004,1.51));
#4467 = CIRCLE('',#4468,0.399999);
#4468 = AXIS2_PLACEMENT_3D('',#4469,#4470,#4471);
#4469 = CARTESIAN_POINT('',(5.279843,-56.170003,1.51));
#4470 = DIRECTION('',(0.,-0.,-1.));
#4471 = DIRECTION('',(4.440903200759E-15,1.,-0.));
#4472 = ORIENTED_EDGE('',*,*,#4473,.T.);
#4473 = EDGE_CURVE('',#4465,#4474,#4476,.T.);
#4474 = VERTEX_POINT('',#4475);
#4475 = CARTESIAN_POINT('',(6.079867,-55.770004,1.51));
#4476 = LINE('',#4477,#4478);
#4477 = CARTESIAN_POINT('',(3.0399335,-55.770004,1.51));
#4478 = VECTOR('',#4479,1.);
#4479 = DIRECTION('',(1.,0.,-0.));
#4480 = ORIENTED_EDGE('',*,*,#4481,.T.);
#4481 = EDGE_CURVE('',#4474,#4482,#4484,.T.);
#4482 = VERTEX_POINT('',#4483);
#4483 = CARTESIAN_POINT('',(6.079867,-56.570002,1.51));
#4484 = CIRCLE('',#4485,0.399999);
#4485 = AXIS2_PLACEMENT_3D('',#4486,#4487,#4488);
#4486 = CARTESIAN_POINT('',(6.079867,-56.170003,1.51));
#4487 = DIRECTION('',(-0.,0.,-1.));
#4488 = DIRECTION('',(-8.881806401517E-15,-1.,0.));
#4489 = ORIENTED_EDGE('',*,*,#4490,.T.);
#4490 = EDGE_CURVE('',#4482,#4463,#4491,.T.);
#4491 = LINE('',#4492,#4493);
#4492 = CARTESIAN_POINT('',(2.6399215,-56.570002,1.51));
#4493 = VECTOR('',#4494,1.);
#4494 = DIRECTION('',(-1.,0.,0.));
#4495 = FACE_BOUND('',#4496,.T.);
#4496 = EDGE_LOOP('',(#4497));
#4497 = ORIENTED_EDGE('',*,*,#4498,.T.);
#4498 = EDGE_CURVE('',#4499,#4499,#4501,.T.);
#4499 = VERTEX_POINT('',#4500);
#4500 = CARTESIAN_POINT('',(3.100001,-50.44,1.51));
#4501 = CIRCLE('',#4502,0.599999);
#4502 = AXIS2_PLACEMENT_3D('',#4503,#4504,#4505);
#4503 = CARTESIAN_POINT('',(3.100001,-49.840001,1.51));
#4504 = DIRECTION('',(-0.,0.,-1.));
#4505 = DIRECTION('',(-0.,-1.,0.));
#4506 = FACE_BOUND('',#4507,.T.);
#4507 = EDGE_LOOP('',(#4508));
#4508 = ORIENTED_EDGE('',*,*,#4509,.T.);
#4509 = EDGE_CURVE('',#4510,#4510,#4512,.T.);
#4510 = VERTEX_POINT('',#4511);
#4511 = CARTESIAN_POINT('',(23.576895,-48.691078,1.51));
#4512 = CIRCLE('',#4513,0.875);
#4513 = AXIS2_PLACEMENT_3D('',#4514,#4515,#4516);
#4514 = CARTESIAN_POINT('',(23.576895,-47.816078,1.51));
#4515 = DIRECTION('',(-0.,0.,-1.));
#4516 = DIRECTION('',(-0.,-1.,0.));
#4517 = FACE_BOUND('',#4518,.T.);
#4518 = EDGE_LOOP('',(#4519));
#4519 = ORIENTED_EDGE('',*,*,#4520,.T.);
#4520 = EDGE_CURVE('',#4521,#4521,#4523,.T.);
#4521 = VERTEX_POINT('',#4522);
#4522 = CARTESIAN_POINT('',(13.571249,-46.926812,1.51));
#4523 = CIRCLE('',#4524,0.875);
#4524 = AXIS2_PLACEMENT_3D('',#4525,#4526,#4527);
#4525 = CARTESIAN_POINT('',(13.571249,-46.051812,1.51));
#4526 = DIRECTION('',(-0.,0.,-1.));
#4527 = DIRECTION('',(-0.,-1.,0.));
#4528 = FACE_BOUND('',#4529,.T.);
#4529 = EDGE_LOOP('',(#4530));
#4530 = ORIENTED_EDGE('',*,*,#4531,.T.);
#4531 = EDGE_CURVE('',#4532,#4532,#4534,.T.);
#4532 = VERTEX_POINT('',#4533);
#4533 = CARTESIAN_POINT('',(3.100001,-45.359998,1.51));
#4534 = CIRCLE('',#4535,0.599999);
#4535 = AXIS2_PLACEMENT_3D('',#4536,#4537,#4538);
#4536 = CARTESIAN_POINT('',(3.100001,-44.759999,1.51));
#4537 = DIRECTION('',(-0.,0.,-1.));
#4538 = DIRECTION('',(-0.,-1.,0.));
#4539 = FACE_BOUND('',#4540,.T.);
#4540 = EDGE_LOOP('',(#4541));
#4541 = ORIENTED_EDGE('',*,*,#4542,.T.);
#4542 = EDGE_CURVE('',#4543,#4543,#4545,.T.);
#4543 = VERTEX_POINT('',#4544);
#4544 = CARTESIAN_POINT('',(15.263021,-44.520934,1.51));
#4545 = CIRCLE('',#4546,0.75);
#4546 = AXIS2_PLACEMENT_3D('',#4547,#4548,#4549);
#4547 = CARTESIAN_POINT('',(15.263021,-43.770934,1.51));
#4548 = DIRECTION('',(-0.,0.,-1.));
#4549 = DIRECTION('',(2.368475785867E-15,-1.,-0.));
#4550 = FACE_BOUND('',#4551,.T.);
#4551 = EDGE_LOOP('',(#4552));
#4552 = ORIENTED_EDGE('',*,*,#4553,.T.);
#4553 = EDGE_CURVE('',#4554,#4554,#4556,.T.);
#4554 = VERTEX_POINT('',#4555);
#4555 = CARTESIAN_POINT('',(18.574072,-48.933945,1.51));
#4556 = CIRCLE('',#4557,2.);
#4557 = AXIS2_PLACEMENT_3D('',#4558,#4559,#4560);
#4558 = CARTESIAN_POINT('',(18.574072,-46.933945,1.51));
#4559 = DIRECTION('',(-0.,0.,-1.));
#4560 = DIRECTION('',(-0.,-1.,0.));
#4561 = FACE_BOUND('',#4562,.T.);
#4562 = EDGE_LOOP('',(#4563));
#4563 = ORIENTED_EDGE('',*,*,#4564,.T.);
#4564 = EDGE_CURVE('',#4565,#4565,#4567,.T.);
#4565 = VERTEX_POINT('',#4566);
#4566 = CARTESIAN_POINT('',(32.536549,-46.171051,1.51));
#4567 = CIRCLE('',#4568,0.875);
#4568 = AXIS2_PLACEMENT_3D('',#4569,#4570,#4571);
#4569 = CARTESIAN_POINT('',(32.536549,-45.296051,1.51));
#4570 = DIRECTION('',(-0.,0.,-1.));
#4571 = DIRECTION('',(-0.,-1.,0.));
#4572 = FACE_BOUND('',#4573,.T.);
#4573 = EDGE_LOOP('',(#4574));
#4574 = ORIENTED_EDGE('',*,*,#4575,.T.);
#4575 = EDGE_CURVE('',#4576,#4576,#4578,.T.);
#4576 = VERTEX_POINT('',#4577);
#4577 = CARTESIAN_POINT('',(37.539372,-48.178184,1.51));
#4578 = CIRCLE('',#4579,2.);
#4579 = AXIS2_PLACEMENT_3D('',#4580,#4581,#4582);
#4580 = CARTESIAN_POINT('',(37.539372,-46.178184,1.51));
#4581 = DIRECTION('',(-0.,0.,-1.));
#4582 = DIRECTION('',(-0.,-1.,0.));
#4583 = FACE_BOUND('',#4584,.T.);
#4584 = EDGE_LOOP('',(#4585));
#4585 = ORIENTED_EDGE('',*,*,#4586,.T.);
#4586 = EDGE_CURVE('',#4587,#4587,#4589,.T.);
#4587 = VERTEX_POINT('',#4588);
#4588 = CARTESIAN_POINT('',(42.542195,-47.935317,1.51));
#4589 = CIRCLE('',#4590,0.875);
#4590 = AXIS2_PLACEMENT_3D('',#4591,#4592,#4593);
#4591 = CARTESIAN_POINT('',(42.542195,-47.060317,1.51));
#4592 = DIRECTION('',(-0.,0.,-1.));
#4593 = DIRECTION('',(-0.,-1.,0.));
#4594 = FACE_BOUND('',#4595,.T.);
#4595 = EDGE_LOOP('',(#4596));
#4596 = ORIENTED_EDGE('',*,*,#4597,.T.);
#4597 = EDGE_CURVE('',#4598,#4598,#4600,.T.);
#4598 = VERTEX_POINT('',#4599);
#4599 = CARTESIAN_POINT('',(34.228321,-43.765173,1.51));
#4600 = CIRCLE('',#4601,0.75);
#4601 = AXIS2_PLACEMENT_3D('',#4602,#4603,#4604);
#4602 = CARTESIAN_POINT('',(34.228321,-43.015173,1.51));
#4603 = DIRECTION('',(-0.,0.,-1.));
#4604 = DIRECTION('',(-0.,-1.,0.));
#4605 = FACE_BOUND('',#4606,.T.);
#4606 = EDGE_LOOP('',(#4607));
#4607 = ORIENTED_EDGE('',*,*,#4608,.T.);
#4608 = EDGE_CURVE('',#4609,#4609,#4611,.T.);
#4609 = VERTEX_POINT('',#4610);
#4610 = CARTESIAN_POINT('',(56.363109,-47.384838,1.51));
#4611 = CIRCLE('',#4612,2.);
#4612 = AXIS2_PLACEMENT_3D('',#4613,#4614,#4615);
#4613 = CARTESIAN_POINT('',(56.363109,-45.384838,1.51));
#4614 = DIRECTION('',(-0.,0.,-1.));
#4615 = DIRECTION('',(-0.,-1.,0.));
#4616 = FACE_BOUND('',#4617,.T.);
#4617 = EDGE_LOOP('',(#4618));
#4618 = ORIENTED_EDGE('',*,*,#4619,.T.);
#4619 = EDGE_CURVE('',#4620,#4620,#4622,.T.);
#4620 = VERTEX_POINT('',#4621);
#4621 = CARTESIAN_POINT('',(61.365932,-47.141971,1.51));
#4622 = CIRCLE('',#4623,0.875);
#4623 = AXIS2_PLACEMENT_3D('',#4624,#4625,#4626);
#4624 = CARTESIAN_POINT('',(61.365932,-46.266971,1.51));
#4625 = DIRECTION('',(-0.,0.,-1.));
#4626 = DIRECTION('',(-0.,-1.,0.));
#4627 = FACE_BOUND('',#4628,.T.);
#4628 = EDGE_LOOP('',(#4629));
#4629 = ORIENTED_EDGE('',*,*,#4630,.T.);
#4630 = EDGE_CURVE('',#4631,#4631,#4633,.T.);
#4631 = VERTEX_POINT('',#4632);
#4632 = CARTESIAN_POINT('',(51.360286,-45.377705,1.51));
#4633 = CIRCLE('',#4634,0.875);
#4634 = AXIS2_PLACEMENT_3D('',#4635,#4636,#4637);
#4635 = CARTESIAN_POINT('',(51.360286,-44.502705,1.51));
#4636 = DIRECTION('',(-0.,0.,-1.));
#4637 = DIRECTION('',(-0.,-1.,0.));
#4638 = FACE_BOUND('',#4639,.T.);
#4639 = EDGE_LOOP('',(#4640));
#4640 = ORIENTED_EDGE('',*,*,#4641,.T.);
#4641 = EDGE_CURVE('',#4642,#4642,#4644,.T.);
#4642 = VERTEX_POINT('',#4643);
#4643 = CARTESIAN_POINT('',(111.078795,-61.031003,1.51));
#4644 = CIRCLE('',#4645,2.);
#4645 = AXIS2_PLACEMENT_3D('',#4646,#4647,#4648);
#4646 = CARTESIAN_POINT('',(111.078795,-59.031003,1.51));
#4647 = DIRECTION('',(-0.,0.,-1.));
#4648 = DIRECTION('',(-0.,-1.,0.));
#4649 = FACE_BOUND('',#4650,.T.);
#4650 = EDGE_LOOP('',(#4651));
#4651 = ORIENTED_EDGE('',*,*,#4652,.T.);
#4652 = EDGE_CURVE('',#4653,#4653,#4655,.T.);
#4653 = VERTEX_POINT('',#4654);
#4654 = CARTESIAN_POINT('',(106.075972,-59.02387,1.51));
#4655 = CIRCLE('',#4656,0.875);
#4656 = AXIS2_PLACEMENT_3D('',#4657,#4658,#4659);
#4657 = CARTESIAN_POINT('',(106.075972,-58.14887,1.51));
#4658 = DIRECTION('',(-0.,0.,-1.));
#4659 = DIRECTION('',(-0.,-1.,0.));
#4660 = FACE_BOUND('',#4661,.T.);
#4661 = EDGE_LOOP('',(#4662));
#4662 = ORIENTED_EDGE('',*,*,#4663,.T.);
#4663 = EDGE_CURVE('',#4664,#4664,#4666,.T.);
#4664 = VERTEX_POINT('',#4665);
#4665 = CARTESIAN_POINT('',(116.081618,-60.788136,1.51));
#4666 = CIRCLE('',#4667,0.875);
#4667 = AXIS2_PLACEMENT_3D('',#4668,#4669,#4670);
#4668 = CARTESIAN_POINT('',(116.081618,-59.913136,1.51));
#4669 = DIRECTION('',(-0.,0.,-1.));
#4670 = DIRECTION('',(-0.,-1.,0.));
#4671 = FACE_BOUND('',#4672,.T.);
#4672 = EDGE_LOOP('',(#4673));
#4673 = ORIENTED_EDGE('',*,*,#4674,.T.);
#4674 = EDGE_CURVE('',#4675,#4675,#4677,.T.);
#4675 = VERTEX_POINT('',#4676);
#4676 = CARTESIAN_POINT('',(107.767744,-56.617992,1.51));
#4677 = CIRCLE('',#4678,0.75);
#4678 = AXIS2_PLACEMENT_3D('',#4679,#4680,#4681);
#4679 = CARTESIAN_POINT('',(107.767744,-55.867992,1.51));
#4680 = DIRECTION('',(-0.,0.,-1.));
#4681 = DIRECTION('',(-0.,-1.,0.));
#4682 = FACE_BOUND('',#4683,.T.);
#4683 = EDGE_LOOP('',(#4684));
#4684 = ORIENTED_EDGE('',*,*,#4685,.T.);
#4685 = EDGE_CURVE('',#4686,#4686,#4688,.T.);
#4686 = VERTEX_POINT('',#4687);
#4687 = CARTESIAN_POINT('',(98.450104,-53.668289,1.51));
#4688 = CIRCLE('',#4689,0.875);
#4689 = AXIS2_PLACEMENT_3D('',#4690,#4691,#4692);
#4690 = CARTESIAN_POINT('',(98.450104,-52.793289,1.51));
#4691 = DIRECTION('',(-0.,0.,-1.));
#4692 = DIRECTION('',(-0.,-1.,0.));
#4693 = FACE_BOUND('',#4694,.T.);
#4694 = EDGE_LOOP('',(#4695));
#4695 = ORIENTED_EDGE('',*,*,#4696,.T.);
#4696 = EDGE_CURVE('',#4697,#4697,#4699,.T.);
#4697 = VERTEX_POINT('',#4698);
#4698 = CARTESIAN_POINT('',(114.462339,-55.219246,1.51));
#4699 = CIRCLE('',#4700,0.75);
#4700 = AXIS2_PLACEMENT_3D('',#4701,#4702,#4703);
#4701 = CARTESIAN_POINT('',(114.462339,-54.469246,1.51));
#4702 = DIRECTION('',(-0.,0.,-1.));
#4703 = DIRECTION('',(-0.,-1.,0.));
#4704 = FACE_BOUND('',#4705,.T.);
#4705 = EDGE_LOOP('',(#4706));
#4706 = ORIENTED_EDGE('',*,*,#4707,.T.);
#4707 = EDGE_CURVE('',#4708,#4708,#4710,.T.);
#4708 = VERTEX_POINT('',#4709);
#4709 = CARTESIAN_POINT('',(88.444458,-51.904023,1.51));
#4710 = CIRCLE('',#4711,0.875);
#4711 = AXIS2_PLACEMENT_3D('',#4712,#4713,#4714);
#4712 = CARTESIAN_POINT('',(88.444458,-51.029023,1.51));
#4713 = DIRECTION('',(-0.,0.,-1.));
#4714 = DIRECTION('',(-0.,-1.,0.));
#4715 = FACE_BOUND('',#4716,.T.);
#4716 = EDGE_LOOP('',(#4717));
#4717 = ORIENTED_EDGE('',*,*,#4718,.T.);
#4718 = EDGE_CURVE('',#4719,#4719,#4721,.T.);
#4719 = VERTEX_POINT('',#4720);
#4720 = CARTESIAN_POINT('',(93.447281,-53.911156,1.51));
#4721 = CIRCLE('',#4722,2.);
#4722 = AXIS2_PLACEMENT_3D('',#4723,#4724,#4725);
#4723 = CARTESIAN_POINT('',(93.447281,-51.911156,1.51));
#4724 = DIRECTION('',(-0.,0.,-1.));
#4725 = DIRECTION('',(-0.,-1.,0.));
#4726 = FACE_BOUND('',#4727,.T.);
#4727 = EDGE_LOOP('',(#4728));
#4728 = ORIENTED_EDGE('',*,*,#4729,.T.);
#4729 = EDGE_CURVE('',#4730,#4730,#4732,.T.);
#4730 = VERTEX_POINT('',#4731);
#4731 = CARTESIAN_POINT('',(90.13623,-49.498145,1.51));
#4732 = CIRCLE('',#4733,0.75);
#4733 = AXIS2_PLACEMENT_3D('',#4734,#4735,#4736);
#4734 = CARTESIAN_POINT('',(90.13623,-48.748145,1.51));
#4735 = DIRECTION('',(-0.,0.,-1.));
#4736 = DIRECTION('',(-0.,-1.,0.));
#4737 = FACE_BOUND('',#4738,.T.);
#4738 = EDGE_LOOP('',(#4739));
#4739 = ORIENTED_EDGE('',*,*,#4740,.T.);
#4740 = EDGE_CURVE('',#4741,#4741,#4743,.T.);
#4741 = VERTEX_POINT('',#4742);
#4742 = CARTESIAN_POINT('',(80.493794,-46.35148,1.51));
#4743 = CIRCLE('',#4744,0.875);
#4744 = AXIS2_PLACEMENT_3D('',#4745,#4746,#4747);
#4745 = CARTESIAN_POINT('',(80.493794,-45.47648,1.51));
#4746 = DIRECTION('',(-0.,0.,-1.));
#4747 = DIRECTION('',(-0.,-1.,0.));
#4748 = FACE_BOUND('',#4749,.T.);
#4749 = EDGE_LOOP('',(#4750));
#4750 = ORIENTED_EDGE('',*,*,#4751,.T.);
#4751 = EDGE_CURVE('',#4752,#4752,#4754,.T.);
#4752 = VERTEX_POINT('',#4753);
#4753 = CARTESIAN_POINT('',(70.488148,-44.587214,1.51));
#4754 = CIRCLE('',#4755,0.875);
#4755 = AXIS2_PLACEMENT_3D('',#4756,#4757,#4758);
#4756 = CARTESIAN_POINT('',(70.488148,-43.712214,1.51));
#4757 = DIRECTION('',(-0.,0.,-1.));
#4758 = DIRECTION('',(-0.,-1.,0.));
#4759 = FACE_BOUND('',#4760,.T.);
#4760 = EDGE_LOOP('',(#4761));
#4761 = ORIENTED_EDGE('',*,*,#4762,.T.);
#4762 = EDGE_CURVE('',#4763,#4763,#4765,.T.);
#4763 = VERTEX_POINT('',#4764);
#4764 = CARTESIAN_POINT('',(75.490971,-46.594347,1.51));
#4765 = CIRCLE('',#4766,2.);
#4766 = AXIS2_PLACEMENT_3D('',#4767,#4768,#4769);
#4767 = CARTESIAN_POINT('',(75.490971,-44.594347,1.51));
#4768 = DIRECTION('',(-0.,0.,-1.));
#4769 = DIRECTION('',(-0.,-1.,0.));
#4770 = FACE_BOUND('',#4771,.T.);
#4771 = EDGE_LOOP('',(#4772));
#4772 = ORIENTED_EDGE('',*,*,#4773,.T.);
#4773 = EDGE_CURVE('',#4774,#4774,#4776,.T.);
#4774 = VERTEX_POINT('',#4775);
#4775 = CARTESIAN_POINT('',(96.830825,-48.099399,1.51));
#4776 = CIRCLE('',#4777,0.75);
#4777 = AXIS2_PLACEMENT_3D('',#4778,#4779,#4780);
#4778 = CARTESIAN_POINT('',(96.830825,-47.349399,1.51));
#4779 = DIRECTION('',(-0.,0.,-1.));
#4780 = DIRECTION('',(-0.,-1.,0.));
#4781 = FACE_BOUND('',#4782,.T.);
#4782 = EDGE_LOOP('',(#4783));
#4783 = ORIENTED_EDGE('',*,*,#4784,.T.);
#4784 = EDGE_CURVE('',#4785,#4785,#4787,.T.);
#4785 = VERTEX_POINT('',#4786);
#4786 = CARTESIAN_POINT('',(129.1,-81.5,1.51));
#4787 = CIRCLE('',#4788,2.);
#4788 = AXIS2_PLACEMENT_3D('',#4789,#4790,#4791);
#4789 = CARTESIAN_POINT('',(129.1,-79.5,1.51));
#4790 = DIRECTION('',(-0.,0.,-1.));
#4791 = DIRECTION('',(-0.,-1.,0.));
#4792 = FACE_BOUND('',#4793,.T.);
#4793 = EDGE_LOOP('',(#4794));
#4794 = ORIENTED_EDGE('',*,*,#4795,.T.);
#4795 = EDGE_CURVE('',#4796,#4796,#4798,.T.);
#4796 = VERTEX_POINT('',#4797);
#4797 = CARTESIAN_POINT('',(134.18,-80.375,1.51));
#4798 = CIRCLE('',#4799,0.875);
#4799 = AXIS2_PLACEMENT_3D('',#4800,#4801,#4802);
#4800 = CARTESIAN_POINT('',(134.18,-79.5,1.51));
#4801 = DIRECTION('',(-0.,0.,-1.));
#4802 = DIRECTION('',(-0.,-1.,0.));
#4803 = FACE_BOUND('',#4804,.T.);
#4804 = EDGE_LOOP('',(#4805));
#4805 = ORIENTED_EDGE('',*,*,#4806,.T.);
#4806 = EDGE_CURVE('',#4807,#4807,#4809,.T.);
#4807 = VERTEX_POINT('',#4808);
#4808 = CARTESIAN_POINT('',(156.615977,-79.507133,1.51));
#4809 = CIRCLE('',#4810,0.875);
#4810 = AXIS2_PLACEMENT_3D('',#4811,#4812,#4813);
#4811 = CARTESIAN_POINT('',(156.615977,-78.632133,1.51));
#4812 = DIRECTION('',(-0.,0.,-1.));
#4813 = DIRECTION('',(-0.,-1.,0.));
#4814 = FACE_BOUND('',#4815,.T.);
#4815 = EDGE_LOOP('',(#4816));
#4816 = ORIENTED_EDGE('',*,*,#4817,.T.);
#4817 = EDGE_CURVE('',#4818,#4818,#4820,.T.);
#4818 = VERTEX_POINT('',#4819);
#4819 = CARTESIAN_POINT('',(131.64,-75.17,1.51));
#4820 = CIRCLE('',#4821,0.75);
#4821 = AXIS2_PLACEMENT_3D('',#4822,#4823,#4824);
#4822 = CARTESIAN_POINT('',(131.64,-74.42,1.51));
#4823 = DIRECTION('',(-0.,0.,-1.));
#4824 = DIRECTION('',(-0.,-1.,0.));
#4825 = FACE_BOUND('',#4826,.T.);
#4826 = EDGE_LOOP('',(#4827));
#4827 = ORIENTED_EDGE('',*,*,#4828,.T.);
#4828 = EDGE_CURVE('',#4829,#4829,#4831,.T.);
#4829 = VERTEX_POINT('',#4830);
#4830 = CARTESIAN_POINT('',(157.425616,-76.660188,1.51));
#4831 = CIRCLE('',#4832,0.75);
#4832 = AXIS2_PLACEMENT_3D('',#4833,#4834,#4835);
#4833 = CARTESIAN_POINT('',(157.425616,-75.910188,1.51));
#4834 = DIRECTION('',(-0.,0.,-1.));
#4835 = DIRECTION('',(-0.,-1.,0.));
#4836 = FACE_BOUND('',#4837,.T.);
#4837 = EDGE_LOOP('',(#4838));
#4838 = ORIENTED_EDGE('',*,*,#4839,.T.);
#4839 = EDGE_CURVE('',#4840,#4840,#4842,.T.);
#4840 = VERTEX_POINT('',#4841);
#4841 = CARTESIAN_POINT('',(161.6188,-79.75,1.51));
#4842 = CIRCLE('',#4843,2.);
#4843 = AXIS2_PLACEMENT_3D('',#4844,#4845,#4846);
#4844 = CARTESIAN_POINT('',(161.6188,-77.75,1.51));
#4845 = DIRECTION('',(-0.,0.,-1.));
#4846 = DIRECTION('',(-0.,-1.,0.));
#4847 = FACE_BOUND('',#4848,.T.);
#4848 = EDGE_LOOP('',(#4849));
#4849 = ORIENTED_EDGE('',*,*,#4850,.T.);
#4850 = EDGE_CURVE('',#4851,#4851,#4853,.T.);
#4851 = VERTEX_POINT('',#4852);
#4852 = CARTESIAN_POINT('',(166.621623,-77.742867,1.51));
#4853 = CIRCLE('',#4854,0.875);
#4854 = AXIS2_PLACEMENT_3D('',#4855,#4856,#4857);
#4855 = CARTESIAN_POINT('',(166.621623,-76.867867,1.51));
#4856 = DIRECTION('',(-0.,0.,-1.));
#4857 = DIRECTION('',(-0.,-1.,0.));
#4858 = FACE_BOUND('',#4859,.T.);
#4859 = EDGE_LOOP('',(#4860));
#4860 = ORIENTED_EDGE('',*,*,#4861,.T.);
#4861 = EDGE_CURVE('',#4862,#4862,#4864,.T.);
#4862 = VERTEX_POINT('',#4863);
#4863 = CARTESIAN_POINT('',(174.524677,-76.285959,1.51));
#4864 = CIRCLE('',#4865,0.875);
#4865 = AXIS2_PLACEMENT_3D('',#4866,#4867,#4868);
#4866 = CARTESIAN_POINT('',(174.524677,-75.410959,1.51));
#4867 = DIRECTION('',(-0.,0.,-1.));
#4868 = DIRECTION('',(-0.,-1.,0.));
#4869 = FACE_BOUND('',#4870,.T.);
#4870 = EDGE_LOOP('',(#4871));
#4871 = ORIENTED_EDGE('',*,*,#4872,.T.);
#4872 = EDGE_CURVE('',#4873,#4873,#4875,.T.);
#4873 = VERTEX_POINT('',#4874);
#4874 = CARTESIAN_POINT('',(163.238079,-73.05611,1.51));
#4875 = CIRCLE('',#4876,0.75);
#4876 = AXIS2_PLACEMENT_3D('',#4877,#4878,#4879);
#4877 = CARTESIAN_POINT('',(163.238079,-72.30611,1.51));
#4878 = DIRECTION('',(-0.,0.,-1.));
#4879 = DIRECTION('',(-0.,-1.,0.));
#4880 = FACE_BOUND('',#4881,.T.);
#4881 = EDGE_LOOP('',(#4882));
#4882 = ORIENTED_EDGE('',*,*,#4883,.T.);
#4883 = EDGE_CURVE('',#4884,#4884,#4886,.T.);
#4884 = VERTEX_POINT('',#4885);
#4885 = CARTESIAN_POINT('',(175.334316,-73.439014,1.51));
#4886 = CIRCLE('',#4887,0.75);
#4887 = AXIS2_PLACEMENT_3D('',#4888,#4889,#4890);
#4888 = CARTESIAN_POINT('',(175.334316,-72.689014,1.51));
#4889 = DIRECTION('',(-0.,0.,-1.));
#4890 = DIRECTION('',(-0.,-1.,0.));
#4891 = FACE_BOUND('',#4892,.T.);
#4892 = EDGE_LOOP('',(#4893));
#4893 = ORIENTED_EDGE('',*,*,#4894,.T.);
#4894 = EDGE_CURVE('',#4895,#4895,#4897,.T.);
#4895 = VERTEX_POINT('',#4896);
#4896 = CARTESIAN_POINT('',(179.5275,-76.528826,1.51));
#4897 = CIRCLE('',#4898,2.);
#4898 = AXIS2_PLACEMENT_3D('',#4899,#4900,#4901);
#4899 = CARTESIAN_POINT('',(179.5275,-74.528826,1.51));
#4900 = DIRECTION('',(-0.,0.,-1.));
#4901 = DIRECTION('',(-0.,-1.,0.));
#4902 = FACE_BOUND('',#4903,.T.);
#4903 = EDGE_LOOP('',(#4904));
#4904 = ORIENTED_EDGE('',*,*,#4905,.T.);
#4905 = EDGE_CURVE('',#4906,#4906,#4908,.T.);
#4906 = VERTEX_POINT('',#4907);
#4907 = CARTESIAN_POINT('',(184.530323,-74.521693,1.51));
#4908 = CIRCLE('',#4909,0.875);
#4909 = AXIS2_PLACEMENT_3D('',#4910,#4911,#4912);
#4910 = CARTESIAN_POINT('',(184.530323,-73.646693,1.51));
#4911 = DIRECTION('',(-0.,0.,-1.));
#4912 = DIRECTION('',(-0.,-1.,0.));
#4913 = FACE_BOUND('',#4914,.T.);
#4914 = EDGE_LOOP('',(#4915));
#4915 = ORIENTED_EDGE('',*,*,#4916,.T.);
#4916 = EDGE_CURVE('',#4917,#4917,#4919,.T.);
#4917 = VERTEX_POINT('',#4918);
#4918 = CARTESIAN_POINT('',(181.146779,-69.834936,1.51));
#4919 = CIRCLE('',#4920,0.75);
#4920 = AXIS2_PLACEMENT_3D('',#4921,#4922,#4923);
#4921 = CARTESIAN_POINT('',(181.146779,-69.084936,1.51));
#4922 = DIRECTION('',(-0.,0.,-1.));
#4923 = DIRECTION('',(-0.,-1.,0.));
#4924 = FACE_BOUND('',#4925,.T.);
#4925 = EDGE_LOOP('',(#4926));
#4926 = ORIENTED_EDGE('',*,*,#4927,.T.);
#4927 = EDGE_CURVE('',#4928,#4928,#4930,.T.);
#4928 = VERTEX_POINT('',#4929);
#4929 = CARTESIAN_POINT('',(253.734858,-75.699998,1.51));
#4930 = CIRCLE('',#4931,0.6);
#4931 = AXIS2_PLACEMENT_3D('',#4932,#4933,#4934);
#4932 = CARTESIAN_POINT('',(253.734858,-75.099998,1.51));
#4933 = DIRECTION('',(-0.,0.,-1.));
#4934 = DIRECTION('',(-0.,-1.,0.));
#4935 = FACE_BOUND('',#4936,.T.);
#4936 = EDGE_LOOP('',(#4937));
#4937 = ORIENTED_EDGE('',*,*,#4938,.T.);
#4938 = EDGE_CURVE('',#4939,#4939,#4941,.T.);
#4939 = VERTEX_POINT('',#4940);
#4940 = CARTESIAN_POINT('',(253.734855,-67.7,1.51));
#4941 = CIRCLE('',#4942,0.6);
#4942 = AXIS2_PLACEMENT_3D('',#4943,#4944,#4945);
#4943 = CARTESIAN_POINT('',(253.734855,-67.1,1.51));
#4944 = DIRECTION('',(-0.,0.,-1.));
#4945 = DIRECTION('',(4.736951571734E-14,-1.,-0.));
#4946 = FACE_BOUND('',#4947,.T.);
#4947 = EDGE_LOOP('',(#4948));
#4948 = ORIENTED_EDGE('',*,*,#4949,.T.);
#4949 = EDGE_CURVE('',#4950,#4950,#4952,.T.);
#4950 = VERTEX_POINT('',#4951);
#4951 = CARTESIAN_POINT('',(142.882177,-60.788136,1.51));
#4952 = CIRCLE('',#4953,0.875);
#4953 = AXIS2_PLACEMENT_3D('',#4954,#4955,#4956);
#4954 = CARTESIAN_POINT('',(142.882177,-59.913136,1.51));
#4955 = DIRECTION('',(-0.,0.,-1.));
#4956 = DIRECTION('',(-0.,-1.,0.));
#4957 = FACE_BOUND('',#4958,.T.);
#4958 = EDGE_LOOP('',(#4959));
#4959 = ORIENTED_EDGE('',*,*,#4960,.T.);
#4960 = EDGE_CURVE('',#4961,#4961,#4963,.T.);
#4961 = VERTEX_POINT('',#4962);
#4962 = CARTESIAN_POINT('',(147.885,-61.031003,1.51));
#4963 = CIRCLE('',#4964,2.);
#4964 = AXIS2_PLACEMENT_3D('',#4965,#4966,#4967);
#4965 = CARTESIAN_POINT('',(147.885,-59.031003,1.51));
#4966 = DIRECTION('',(-0.,0.,-1.));
#4967 = DIRECTION('',(-0.,-1.,0.));
#4968 = FACE_BOUND('',#4969,.T.);
#4969 = EDGE_LOOP('',(#4970));
#4970 = ORIENTED_EDGE('',*,*,#4971,.T.);
#4971 = EDGE_CURVE('',#4972,#4972,#4974,.T.);
#4972 = VERTEX_POINT('',#4973);
#4973 = CARTESIAN_POINT('',(152.887823,-59.02387,1.51));
#4974 = CIRCLE('',#4975,0.875);
#4975 = AXIS2_PLACEMENT_3D('',#4976,#4977,#4978);
#4976 = CARTESIAN_POINT('',(152.887823,-58.14887,1.51));
#4977 = DIRECTION('',(-0.,0.,-1.));
#4978 = DIRECTION('',(-0.,-1.,0.));
#4979 = FACE_BOUND('',#4980,.T.);
#4980 = EDGE_LOOP('',(#4981));
#4981 = ORIENTED_EDGE('',*,*,#4982,.T.);
#4982 = EDGE_CURVE('',#4983,#4983,#4985,.T.);
#4983 = VERTEX_POINT('',#4984);
#4984 = CARTESIAN_POINT('',(143.691816,-57.941191,1.51));
#4985 = CIRCLE('',#4986,0.75);
#4986 = AXIS2_PLACEMENT_3D('',#4987,#4988,#4989);
#4987 = CARTESIAN_POINT('',(143.691816,-57.191191,1.51));
#4988 = DIRECTION('',(-0.,0.,-1.));
#4989 = DIRECTION('',(-0.,-1.,0.));
#4990 = FACE_BOUND('',#4991,.T.);
#4991 = EDGE_LOOP('',(#4992));
#4992 = ORIENTED_EDGE('',*,*,#4993,.T.);
#4993 = EDGE_CURVE('',#4994,#4994,#4996,.T.);
#4994 = VERTEX_POINT('',#4995);
#4995 = CARTESIAN_POINT('',(149.504279,-54.337113,1.51));
#4996 = CIRCLE('',#4997,0.75);
#4997 = AXIS2_PLACEMENT_3D('',#4998,#4999,#5000);
#4998 = CARTESIAN_POINT('',(149.504279,-53.587113,1.51));
#4999 = DIRECTION('',(-0.,0.,-1.));
#5000 = DIRECTION('',(-0.,-1.,0.));
#5001 = FACE_BOUND('',#5002,.T.);
#5002 = EDGE_LOOP('',(#5003));
#5003 = ORIENTED_EDGE('',*,*,#5004,.T.);
#5004 = EDGE_CURVE('',#5005,#5005,#5007,.T.);
#5005 = VERTEX_POINT('',#5006);
#5006 = CARTESIAN_POINT('',(160.513677,-53.668289,1.51));
#5007 = CIRCLE('',#5008,0.875);
#5008 = AXIS2_PLACEMENT_3D('',#5009,#5010,#5011);
#5009 = CARTESIAN_POINT('',(160.513677,-52.793289,1.51));
#5010 = DIRECTION('',(-0.,0.,-1.));
#5011 = DIRECTION('',(-0.,-1.,0.));
#5012 = FACE_BOUND('',#5013,.T.);
#5013 = EDGE_LOOP('',(#5014));
#5014 = ORIENTED_EDGE('',*,*,#5015,.T.);
#5015 = EDGE_CURVE('',#5016,#5016,#5018,.T.);
#5016 = VERTEX_POINT('',#5017);
#5017 = CARTESIAN_POINT('',(165.5165,-53.911156,1.51));
#5018 = CIRCLE('',#5019,2.);
#5019 = AXIS2_PLACEMENT_3D('',#5020,#5021,#5022);
#5020 = CARTESIAN_POINT('',(165.5165,-51.911156,1.51));
#5021 = DIRECTION('',(-0.,0.,-1.));
#5022 = DIRECTION('',(-0.,-1.,0.));
#5023 = FACE_BOUND('',#5024,.T.);
#5024 = EDGE_LOOP('',(#5025));
#5025 = ORIENTED_EDGE('',*,*,#5026,.T.);
#5026 = EDGE_CURVE('',#5027,#5027,#5029,.T.);
#5027 = VERTEX_POINT('',#5028);
#5028 = CARTESIAN_POINT('',(170.519323,-51.904023,1.51));
#5029 = CIRCLE('',#5030,0.875);
#5030 = AXIS2_PLACEMENT_3D('',#5031,#5032,#5033);
#5031 = CARTESIAN_POINT('',(170.519323,-51.029023,1.51));
#5032 = DIRECTION('',(-0.,0.,-1.));
#5033 = DIRECTION('',(-0.,-1.,0.));
#5034 = FACE_BOUND('',#5035,.T.);
#5035 = EDGE_LOOP('',(#5036));
#5036 = ORIENTED_EDGE('',*,*,#5037,.T.);
#5037 = EDGE_CURVE('',#5038,#5038,#5040,.T.);
#5038 = VERTEX_POINT('',#5039);
#5039 = CARTESIAN_POINT('',(161.323316,-50.821344,1.51));
#5040 = CIRCLE('',#5041,0.75);
#5041 = AXIS2_PLACEMENT_3D('',#5042,#5043,#5044);
#5042 = CARTESIAN_POINT('',(161.323316,-50.071344,1.51));
#5043 = DIRECTION('',(-0.,0.,-1.));
#5044 = DIRECTION('',(-0.,-1.,0.));
#5045 = FACE_BOUND('',#5046,.T.);
#5046 = EDGE_LOOP('',(#5047));
#5047 = ORIENTED_EDGE('',*,*,#5048,.T.);
#5048 = EDGE_CURVE('',#5049,#5049,#5051,.T.);
#5049 = VERTEX_POINT('',#5050);
#5050 = CARTESIAN_POINT('',(167.135779,-47.217266,1.51));
#5051 = CIRCLE('',#5052,0.75);
#5052 = AXIS2_PLACEMENT_3D('',#5053,#5054,#5055);
#5053 = CARTESIAN_POINT('',(167.135779,-46.467266,1.51));
#5054 = DIRECTION('',(-0.,0.,-1.));
#5055 = DIRECTION('',(-0.,-1.,0.));
#5056 = FACE_BOUND('',#5057,.T.);
#5057 = EDGE_LOOP('',(#5058));
#5058 = ORIENTED_EDGE('',*,*,#5059,.T.);
#5059 = EDGE_CURVE('',#5060,#5060,#5062,.T.);
#5060 = VERTEX_POINT('',#5061);
#5061 = CARTESIAN_POINT('',(178.469977,-46.35148,1.51));
#5062 = CIRCLE('',#5063,0.875);
#5063 = AXIS2_PLACEMENT_3D('',#5064,#5065,#5066);
#5064 = CARTESIAN_POINT('',(178.469977,-45.47648,1.51));
#5065 = DIRECTION('',(-0.,0.,-1.));
#5066 = DIRECTION('',(-0.,-1.,0.));
#5067 = FACE_BOUND('',#5068,.T.);
#5068 = EDGE_LOOP('',(#5069));
#5069 = ORIENTED_EDGE('',*,*,#5070,.T.);
#5070 = EDGE_CURVE('',#5071,#5071,#5073,.T.);
#5071 = VERTEX_POINT('',#5072);
#5072 = CARTESIAN_POINT('',(183.4728,-46.594347,1.51));
#5073 = CIRCLE('',#5074,2.);
#5074 = AXIS2_PLACEMENT_3D('',#5075,#5076,#5077);
#5075 = CARTESIAN_POINT('',(183.4728,-44.594347,1.51));
#5076 = DIRECTION('',(-0.,0.,-1.));
#5077 = DIRECTION('',(-0.,-1.,0.));
#5078 = FACE_BOUND('',#5079,.T.);
#5079 = EDGE_LOOP('',(#5080));
#5080 = ORIENTED_EDGE('',*,*,#5081,.T.);
#5081 = EDGE_CURVE('',#5082,#5082,#5084,.T.);
#5082 = VERTEX_POINT('',#5083);
#5083 = CARTESIAN_POINT('',(188.475623,-44.587214,1.51));
#5084 = CIRCLE('',#5085,0.875);
#5085 = AXIS2_PLACEMENT_3D('',#5086,#5087,#5088);
#5086 = CARTESIAN_POINT('',(188.475623,-43.712214,1.51));
#5087 = DIRECTION('',(-0.,0.,-1.));
#5088 = DIRECTION('',(-0.,-1.,0.));
#5089 = FACE_BOUND('',#5090,.T.);
#5090 = EDGE_LOOP('',(#5091));
#5091 = ORIENTED_EDGE('',*,*,#5092,.T.);
#5092 = EDGE_CURVE('',#5093,#5093,#5095,.T.);
#5093 = VERTEX_POINT('',#5094);
#5094 = CARTESIAN_POINT('',(197.597777,-47.141971,1.51));
#5095 = CIRCLE('',#5096,0.875);
#5096 = AXIS2_PLACEMENT_3D('',#5097,#5098,#5099);
#5097 = CARTESIAN_POINT('',(197.597777,-46.266971,1.51));
#5098 = DIRECTION('',(-0.,0.,-1.));
#5099 = DIRECTION('',(-0.,-1.,0.));
#5100 = FACE_BOUND('',#5101,.T.);
#5101 = EDGE_LOOP('',(#5102));
#5102 = ORIENTED_EDGE('',*,*,#5103,.T.);
#5103 = EDGE_CURVE('',#5104,#5104,#5106,.T.);
#5104 = VERTEX_POINT('',#5105);
#5105 = CARTESIAN_POINT('',(202.6006,-47.384838,1.51));
#5106 = CIRCLE('',#5107,2.);
#5107 = AXIS2_PLACEMENT_3D('',#5108,#5109,#5110);
#5108 = CARTESIAN_POINT('',(202.6006,-45.384838,1.51));
#5109 = DIRECTION('',(-0.,0.,-1.));
#5110 = DIRECTION('',(-0.,-1.,0.));
#5111 = FACE_BOUND('',#5112,.T.);
#5112 = EDGE_LOOP('',(#5113));
#5113 = ORIENTED_EDGE('',*,*,#5114,.T.);
#5114 = EDGE_CURVE('',#5115,#5115,#5117,.T.);
#5115 = VERTEX_POINT('',#5116);
#5116 = CARTESIAN_POINT('',(198.407416,-44.295026,1.51));
#5117 = CIRCLE('',#5118,0.75);
#5118 = AXIS2_PLACEMENT_3D('',#5119,#5120,#5121);
#5119 = CARTESIAN_POINT('',(198.407416,-43.545026,1.51));
#5120 = DIRECTION('',(-0.,0.,-1.));
#5121 = DIRECTION('',(-0.,-1.,0.));
#5122 = FACE_BOUND('',#5123,.T.);
#5123 = EDGE_LOOP('',(#5124));
#5124 = ORIENTED_EDGE('',*,*,#5125,.T.);
#5125 = EDGE_CURVE('',#5126,#5126,#5128,.T.);
#5126 = VERTEX_POINT('',#5127);
#5127 = CARTESIAN_POINT('',(207.603423,-45.377705,1.51));
#5128 = CIRCLE('',#5129,0.875);
#5129 = AXIS2_PLACEMENT_3D('',#5130,#5131,#5132);
#5130 = CARTESIAN_POINT('',(207.603423,-44.502705,1.51));
#5131 = DIRECTION('',(-0.,0.,-1.));
#5132 = DIRECTION('',(-0.,-1.,0.));
#5133 = FACE_BOUND('',#5134,.T.);
#5134 = EDGE_LOOP('',(#5135));
#5135 = ORIENTED_EDGE('',*,*,#5136,.T.);
#5136 = EDGE_CURVE('',#5137,#5137,#5139,.T.);
#5137 = VERTEX_POINT('',#5138);
#5138 = CARTESIAN_POINT('',(216.421577,-47.935317,1.51));
#5139 = CIRCLE('',#5140,0.875);
#5140 = AXIS2_PLACEMENT_3D('',#5141,#5142,#5143);
#5141 = CARTESIAN_POINT('',(216.421577,-47.060317,1.51));
#5142 = DIRECTION('',(-0.,0.,-1.));
#5143 = DIRECTION('',(-0.,-1.,0.));
#5144 = FACE_BOUND('',#5145,.T.);
#5145 = EDGE_LOOP('',(#5146));
#5146 = ORIENTED_EDGE('',*,*,#5147,.T.);
#5147 = EDGE_CURVE('',#5148,#5148,#5150,.T.);
#5148 = VERTEX_POINT('',#5149);
#5149 = CARTESIAN_POINT('',(221.4244,-48.178184,1.51));
#5150 = CIRCLE('',#5151,2.);
#5151 = AXIS2_PLACEMENT_3D('',#5152,#5153,#5154);
#5152 = CARTESIAN_POINT('',(221.4244,-46.178184,1.51));
#5153 = DIRECTION('',(-0.,0.,-1.));
#5154 = DIRECTION('',(-0.,-1.,0.));
#5155 = FACE_BOUND('',#5156,.T.);
#5156 = EDGE_LOOP('',(#5157));
#5157 = ORIENTED_EDGE('',*,*,#5158,.T.);
#5158 = EDGE_CURVE('',#5159,#5159,#5161,.T.);
#5159 = VERTEX_POINT('',#5160);
#5160 = CARTESIAN_POINT('',(217.231216,-45.088372,1.51));
#5161 = CIRCLE('',#5162,0.75);
#5162 = AXIS2_PLACEMENT_3D('',#5163,#5164,#5165);
#5163 = CARTESIAN_POINT('',(217.231216,-44.338372,1.51));
#5164 = DIRECTION('',(-0.,0.,-1.));
#5165 = DIRECTION('',(-0.,-1.,0.));
#5166 = FACE_BOUND('',#5167,.T.);
#5167 = EDGE_LOOP('',(#5168));
#5168 = ORIENTED_EDGE('',*,*,#5169,.T.);
#5169 = EDGE_CURVE('',#5170,#5170,#5172,.T.);
#5170 = VERTEX_POINT('',#5171);
#5171 = CARTESIAN_POINT('',(235.386877,-48.691078,1.51));
#5172 = CIRCLE('',#5173,0.875);
#5173 = AXIS2_PLACEMENT_3D('',#5174,#5175,#5176);
#5174 = CARTESIAN_POINT('',(235.386877,-47.816078,1.51));
#5175 = DIRECTION('',(-0.,0.,-1.));
#5176 = DIRECTION('',(-0.,-1.,0.));
#5177 = FACE_BOUND('',#5178,.T.);
#5178 = EDGE_LOOP('',(#5179));
#5179 = ORIENTED_EDGE('',*,*,#5180,.T.);
#5180 = EDGE_CURVE('',#5181,#5181,#5183,.T.);
#5181 = VERTEX_POINT('',#5182);
#5182 = CARTESIAN_POINT('',(255.799999,-50.840001,1.51));
#5183 = CIRCLE('',#5184,0.599999);
#5184 = AXIS2_PLACEMENT_3D('',#5185,#5186,#5187);
#5185 = CARTESIAN_POINT('',(255.799999,-50.240002,1.51));
#5186 = DIRECTION('',(-0.,0.,-1.));
#5187 = DIRECTION('',(4.736959466667E-14,-1.,-0.));
#5188 = FACE_BOUND('',#5189,.T.);
#5189 = EDGE_LOOP('',(#5190));
#5190 = ORIENTED_EDGE('',*,*,#5191,.T.);
#5191 = EDGE_CURVE('',#5192,#5192,#5194,.T.);
#5192 = VERTEX_POINT('',#5193);
#5193 = CARTESIAN_POINT('',(240.3897,-48.933945,1.51));
#5194 = CIRCLE('',#5195,2.);
#5195 = AXIS2_PLACEMENT_3D('',#5196,#5197,#5198);
#5196 = CARTESIAN_POINT('',(240.3897,-46.933945,1.51));
#5197 = DIRECTION('',(-0.,0.,-1.));
#5198 = DIRECTION('',(-0.,-1.,0.));
#5199 = FACE_BOUND('',#5200,.T.);
#5200 = EDGE_LOOP('',(#5201));
#5201 = ORIENTED_EDGE('',*,*,#5202,.T.);
#5202 = EDGE_CURVE('',#5203,#5203,#5205,.T.);
#5203 = VERTEX_POINT('',#5204);
#5204 = CARTESIAN_POINT('',(226.427223,-46.171051,1.51));
#5205 = CIRCLE('',#5206,0.875);
#5206 = AXIS2_PLACEMENT_3D('',#5207,#5208,#5209);
#5207 = CARTESIAN_POINT('',(226.427223,-45.296051,1.51));
#5208 = DIRECTION('',(-0.,0.,-1.));
#5209 = DIRECTION('',(-0.,-1.,0.));
#5210 = FACE_BOUND('',#5211,.T.);
#5211 = EDGE_LOOP('',(#5212));
#5212 = ORIENTED_EDGE('',*,*,#5213,.T.);
#5213 = EDGE_CURVE('',#5214,#5214,#5216,.T.);
#5214 = VERTEX_POINT('',#5215);
#5215 = CARTESIAN_POINT('',(236.196516,-45.844133,1.51));
#5216 = CIRCLE('',#5217,0.75);
#5217 = AXIS2_PLACEMENT_3D('',#5218,#5219,#5220);
#5218 = CARTESIAN_POINT('',(236.196516,-45.094133,1.51));
#5219 = DIRECTION('',(-0.,0.,-1.));
#5220 = DIRECTION('',(-0.,-1.,0.));
#5221 = FACE_BOUND('',#5222,.T.);
#5222 = EDGE_LOOP('',(#5223));
#5223 = ORIENTED_EDGE('',*,*,#5224,.T.);
#5224 = EDGE_CURVE('',#5225,#5225,#5227,.T.);
#5225 = VERTEX_POINT('',#5226);
#5226 = CARTESIAN_POINT('',(245.392523,-46.926812,1.51));
#5227 = CIRCLE('',#5228,0.875);
#5228 = AXIS2_PLACEMENT_3D('',#5229,#5230,#5231);
#5229 = CARTESIAN_POINT('',(245.392523,-46.051812,1.51));
#5230 = DIRECTION('',(-0.,0.,-1.));
#5231 = DIRECTION('',(-0.,-1.,0.));
#5232 = FACE_BOUND('',#5233,.T.);
#5233 = EDGE_LOOP('',(#5234));
#5234 = ORIENTED_EDGE('',*,*,#5235,.T.);
#5235 = EDGE_CURVE('',#5236,#5236,#5238,.T.);
#5236 = VERTEX_POINT('',#5237);
#5237 = CARTESIAN_POINT('',(255.799999,-45.759999,1.51));
#5238 = CIRCLE('',#5239,0.599999);
#5239 = AXIS2_PLACEMENT_3D('',#5240,#5241,#5242);
#5240 = CARTESIAN_POINT('',(255.799999,-45.16,1.51));
#5241 = DIRECTION('',(-0.,0.,-1.));
#5242 = DIRECTION('',(4.736959466667E-14,-1.,-0.));
#5243 = FACE_BOUND('',#5244,.T.);
#5244 = EDGE_LOOP('',(#5245));
#5245 = ORIENTED_EDGE('',*,*,#5246,.T.);
#5246 = EDGE_CURVE('',#5247,#5247,#5249,.T.);
#5247 = VERTEX_POINT('',#5248);
#5248 = CARTESIAN_POINT('',(21.957616,-43.122188,1.51));
#5249 = CIRCLE('',#5250,0.75);
#5250 = AXIS2_PLACEMENT_3D('',#5251,#5252,#5253);
#5251 = CARTESIAN_POINT('',(21.957616,-42.372188,1.51));
#5252 = DIRECTION('',(-0.,0.,-1.));
#5253 = DIRECTION('',(-0.,-1.,0.));
#5254 = FACE_BOUND('',#5255,.T.);
#5255 = EDGE_LOOP('',(#5256));
#5256 = ORIENTED_EDGE('',*,*,#5257,.T.);
#5257 = EDGE_CURVE('',#5258,#5258,#5260,.T.);
#5258 = VERTEX_POINT('',#5259);
#5259 = CARTESIAN_POINT('',(3.2,-37.140001,1.51));
#5260 = CIRCLE('',#5261,0.599999);
#5261 = AXIS2_PLACEMENT_3D('',#5262,#5263,#5264);
#5262 = CARTESIAN_POINT('',(3.2,-36.540002,1.51));
#5263 = DIRECTION('',(-0.,0.,-1.));
#5264 = DIRECTION('',(-0.,-1.,0.));
#5265 = FACE_BOUND('',#5266,.T.);
#5266 = EDGE_LOOP('',(#5267));
#5267 = ORIENTED_EDGE('',*,*,#5268,.T.);
#5268 = EDGE_CURVE('',#5269,#5269,#5271,.T.);
#5269 = VERTEX_POINT('',#5270);
#5270 = CARTESIAN_POINT('',(40.922916,-42.366427,1.51));
#5271 = CIRCLE('',#5272,0.75);
#5272 = AXIS2_PLACEMENT_3D('',#5273,#5274,#5275);
#5273 = CARTESIAN_POINT('',(40.922916,-41.616427,1.51));
#5274 = DIRECTION('',(-0.,0.,-1.));
#5275 = DIRECTION('',(-0.,-1.,0.));
#5276 = FACE_BOUND('',#5277,.T.);
#5277 = EDGE_LOOP('',(#5278));
#5278 = ORIENTED_EDGE('',*,*,#5279,.T.);
#5279 = EDGE_CURVE('',#5280,#5280,#5282,.T.);
#5280 = VERTEX_POINT('',#5281);
#5281 = CARTESIAN_POINT('',(53.052058,-42.971827,1.51));
#5282 = CIRCLE('',#5283,0.75);
#5283 = AXIS2_PLACEMENT_3D('',#5284,#5285,#5286);
#5284 = CARTESIAN_POINT('',(53.052058,-42.221827,1.51));
#5285 = DIRECTION('',(-0.,0.,-1.));
#5286 = DIRECTION('',(-0.,-1.,0.));
#5287 = FACE_BOUND('',#5288,.T.);
#5288 = EDGE_LOOP('',(#5289));
#5289 = ORIENTED_EDGE('',*,*,#5290,.T.);
#5290 = EDGE_CURVE('',#5291,#5291,#5293,.T.);
#5291 = VERTEX_POINT('',#5292);
#5292 = CARTESIAN_POINT('',(59.746653,-41.573081,1.51));
#5293 = CIRCLE('',#5294,0.75);
#5294 = AXIS2_PLACEMENT_3D('',#5295,#5296,#5297);
#5295 = CARTESIAN_POINT('',(59.746653,-40.823081,1.51));
#5296 = DIRECTION('',(-0.,0.,-1.));
#5297 = DIRECTION('',(-0.,-1.,0.));
#5298 = FACE_BOUND('',#5299,.T.);
#5299 = EDGE_LOOP('',(#5300));
#5300 = ORIENTED_EDGE('',*,*,#5301,.T.);
#5301 = EDGE_CURVE('',#5302,#5302,#5304,.T.);
#5302 = VERTEX_POINT('',#5303);
#5303 = CARTESIAN_POINT('',(3.2,-32.059999,1.51));
#5304 = CIRCLE('',#5305,0.599999);
#5305 = AXIS2_PLACEMENT_3D('',#5306,#5307,#5308);
#5306 = CARTESIAN_POINT('',(3.2,-31.46,1.51));
#5307 = DIRECTION('',(-0.,0.,-1.));
#5308 = DIRECTION('',(-0.,-1.,0.));
#5309 = FACE_BOUND('',#5310,.T.);
#5310 = EDGE_LOOP('',(#5311));
#5311 = ORIENTED_EDGE('',*,*,#5312,.T.);
#5312 = EDGE_CURVE('',#5313,#5313,#5315,.T.);
#5313 = VERTEX_POINT('',#5314);
#5314 = CARTESIAN_POINT('',(16.207502,-29.936909,1.51));
#5315 = CIRCLE('',#5316,0.875);
#5316 = AXIS2_PLACEMENT_3D('',#5317,#5318,#5319);
#5317 = CARTESIAN_POINT('',(16.207502,-29.061909,1.51));
#5318 = DIRECTION('',(-0.,0.,-1.));
#5319 = DIRECTION('',(-0.,-1.,0.));
#5320 = FACE_BOUND('',#5321,.T.);
#5321 = EDGE_LOOP('',(#5322));
#5322 = ORIENTED_EDGE('',*,*,#5323,.T.);
#5323 = EDGE_CURVE('',#5324,#5324,#5326,.T.);
#5324 = VERTEX_POINT('',#5325);
#5325 = CARTESIAN_POINT('',(21.210325,-31.944042,1.51));
#5326 = CIRCLE('',#5327,2.);
#5327 = AXIS2_PLACEMENT_3D('',#5328,#5329,#5330);
#5328 = CARTESIAN_POINT('',(21.210325,-29.944042,1.51));
#5329 = DIRECTION('',(-0.,0.,-1.));
#5330 = DIRECTION('',(-0.,-1.,0.));
#5331 = FACE_BOUND('',#5332,.T.);
#5332 = EDGE_LOOP('',(#5333));
#5333 = ORIENTED_EDGE('',*,*,#5334,.T.);
#5334 = EDGE_CURVE('',#5335,#5335,#5337,.T.);
#5335 = VERTEX_POINT('',#5336);
#5336 = CARTESIAN_POINT('',(26.213148,-31.701175,1.51));
#5337 = CIRCLE('',#5338,0.875);
#5338 = AXIS2_PLACEMENT_3D('',#5339,#5340,#5341);
#5339 = CARTESIAN_POINT('',(26.213148,-30.826175,1.51));
#5340 = DIRECTION('',(-0.,0.,-1.));
#5341 = DIRECTION('',(-0.,-1.,0.));
#5342 = FACE_BOUND('',#5343,.T.);
#5343 = EDGE_LOOP('',(#5344));
#5344 = ORIENTED_EDGE('',*,*,#5345,.T.);
#5345 = EDGE_CURVE('',#5346,#5346,#5348,.T.);
#5346 = VERTEX_POINT('',#5347);
#5347 = CARTESIAN_POINT('',(3.2,-24.439999,1.51));
#5348 = CIRCLE('',#5349,0.599999);
#5349 = AXIS2_PLACEMENT_3D('',#5350,#5351,#5352);
#5350 = CARTESIAN_POINT('',(3.2,-23.84,1.51));
#5351 = DIRECTION('',(-0.,0.,-1.));
#5352 = DIRECTION('',(-0.,-1.,0.));
#5353 = FACE_BOUND('',#5354,.T.);
#5354 = EDGE_LOOP('',(#5355));
#5355 = ORIENTED_EDGE('',*,*,#5356,.T.);
#5356 = EDGE_CURVE('',#5357,#5357,#5359,.T.);
#5357 = VERTEX_POINT('',#5358);
#5358 = CARTESIAN_POINT('',(17.899274,-27.531031,1.51));
#5359 = CIRCLE('',#5360,0.75);
#5360 = AXIS2_PLACEMENT_3D('',#5361,#5362,#5363);
#5361 = CARTESIAN_POINT('',(17.899274,-26.781031,1.51));
#5362 = DIRECTION('',(-0.,0.,-1.));
#5363 = DIRECTION('',(-0.,-1.,0.));
#5364 = FACE_BOUND('',#5365,.T.);
#5365 = EDGE_LOOP('',(#5366));
#5366 = ORIENTED_EDGE('',*,*,#5367,.T.);
#5367 = EDGE_CURVE('',#5368,#5368,#5370,.T.);
#5368 = VERTEX_POINT('',#5369);
#5369 = CARTESIAN_POINT('',(24.593869,-26.132285,1.51));
#5370 = CIRCLE('',#5371,0.75);
#5371 = AXIS2_PLACEMENT_3D('',#5372,#5373,#5374);
#5372 = CARTESIAN_POINT('',(24.593869,-25.382285,1.51));
#5373 = DIRECTION('',(-0.,0.,-1.));
#5374 = DIRECTION('',(-0.,-1.,0.));
#5375 = FACE_BOUND('',#5376,.T.);
#5376 = EDGE_LOOP('',(#5377));
#5377 = ORIENTED_EDGE('',*,*,#5378,.T.);
#5378 = EDGE_CURVE('',#5379,#5379,#5381,.T.);
#5379 = VERTEX_POINT('',#5380);
#5380 = CARTESIAN_POINT('',(40.53515,-31.18828,1.51));
#5381 = CIRCLE('',#5382,2.);
#5382 = AXIS2_PLACEMENT_3D('',#5383,#5384,#5385);
#5383 = CARTESIAN_POINT('',(40.53515,-29.18828,1.51));
#5384 = DIRECTION('',(-0.,0.,-1.));
#5385 = DIRECTION('',(-0.,-1.,0.));
#5386 = FACE_BOUND('',#5387,.T.);
#5387 = EDGE_LOOP('',(#5388));
#5388 = ORIENTED_EDGE('',*,*,#5389,.T.);
#5389 = EDGE_CURVE('',#5390,#5390,#5392,.T.);
#5390 = VERTEX_POINT('',#5391);
#5391 = CARTESIAN_POINT('',(45.537973,-30.945413,1.51));
#5392 = CIRCLE('',#5393,0.875);
#5393 = AXIS2_PLACEMENT_3D('',#5394,#5395,#5396);
#5394 = CARTESIAN_POINT('',(45.537973,-30.070413,1.51));
#5395 = DIRECTION('',(-0.,0.,-1.));
#5396 = DIRECTION('',(-0.,-1.,0.));
#5397 = FACE_BOUND('',#5398,.T.);
#5398 = EDGE_LOOP('',(#5399));
#5399 = ORIENTED_EDGE('',*,*,#5400,.T.);
#5400 = EDGE_CURVE('',#5401,#5401,#5403,.T.);
#5401 = VERTEX_POINT('',#5402);
#5402 = CARTESIAN_POINT('',(64.361711,-30.152068,1.51));
#5403 = CIRCLE('',#5404,0.875);
#5404 = AXIS2_PLACEMENT_3D('',#5405,#5406,#5407);
#5405 = CARTESIAN_POINT('',(64.361711,-29.277068,1.51));
#5406 = DIRECTION('',(-0.,0.,-1.));
#5407 = DIRECTION('',(-0.,-1.,0.));
#5408 = FACE_BOUND('',#5409,.T.);
#5409 = EDGE_LOOP('',(#5410));
#5410 = ORIENTED_EDGE('',*,*,#5411,.T.);
#5411 = EDGE_CURVE('',#5412,#5412,#5414,.T.);
#5412 = VERTEX_POINT('',#5413);
#5413 = CARTESIAN_POINT('',(35.532327,-29.181147,1.51));
#5414 = CIRCLE('',#5415,0.875);
#5415 = AXIS2_PLACEMENT_3D('',#5416,#5417,#5418);
#5416 = CARTESIAN_POINT('',(35.532327,-28.306147,1.51));
#5417 = DIRECTION('',(-0.,0.,-1.));
#5418 = DIRECTION('',(-0.,-1.,0.));
#5419 = FACE_BOUND('',#5420,.T.);
#5420 = EDGE_LOOP('',(#5421));
#5421 = ORIENTED_EDGE('',*,*,#5422,.T.);
#5422 = EDGE_CURVE('',#5423,#5423,#5425,.T.);
#5423 = VERTEX_POINT('',#5424);
#5424 = CARTESIAN_POINT('',(37.224099,-26.775269,1.51));
#5425 = CIRCLE('',#5426,0.75);
#5426 = AXIS2_PLACEMENT_3D('',#5427,#5428,#5429);
#5427 = CARTESIAN_POINT('',(37.224099,-26.025269,1.51));
#5428 = DIRECTION('',(-0.,0.,-1.));
#5429 = DIRECTION('',(-0.,-1.,0.));
#5430 = FACE_BOUND('',#5431,.T.);
#5431 = EDGE_LOOP('',(#5432));
#5432 = ORIENTED_EDGE('',*,*,#5433,.T.);
#5433 = EDGE_CURVE('',#5434,#5434,#5436,.T.);
#5434 = VERTEX_POINT('',#5435);
#5435 = CARTESIAN_POINT('',(43.918694,-25.376523,1.51));
#5436 = CIRCLE('',#5437,0.75);
#5437 = AXIS2_PLACEMENT_3D('',#5438,#5439,#5440);
#5438 = CARTESIAN_POINT('',(43.918694,-24.626523,1.51));
#5439 = DIRECTION('',(-0.,0.,-1.));
#5440 = DIRECTION('',(-0.,-1.,0.));
#5441 = FACE_BOUND('',#5442,.T.);
#5442 = EDGE_LOOP('',(#5443));
#5443 = ORIENTED_EDGE('',*,*,#5444,.T.);
#5444 = EDGE_CURVE('',#5445,#5445,#5447,.T.);
#5445 = VERTEX_POINT('',#5446);
#5446 = CARTESIAN_POINT('',(54.356065,-28.387802,1.51));
#5447 = CIRCLE('',#5448,0.875);
#5448 = AXIS2_PLACEMENT_3D('',#5449,#5450,#5451);
#5449 = CARTESIAN_POINT('',(54.356065,-27.512802,1.51));
#5450 = DIRECTION('',(-0.,0.,-1.));
#5451 = DIRECTION('',(-0.,-1.,0.));
#5452 = FACE_BOUND('',#5453,.T.);
#5453 = EDGE_LOOP('',(#5454));
#5454 = ORIENTED_EDGE('',*,*,#5455,.T.);
#5455 = EDGE_CURVE('',#5456,#5456,#5458,.T.);
#5456 = VERTEX_POINT('',#5457);
#5457 = CARTESIAN_POINT('',(59.358888,-30.394935,1.51));
#5458 = CIRCLE('',#5459,2.);
#5459 = AXIS2_PLACEMENT_3D('',#5460,#5461,#5462);
#5460 = CARTESIAN_POINT('',(59.358888,-28.394935,1.51));
#5461 = DIRECTION('',(-0.,0.,-1.));
#5462 = DIRECTION('',(-0.,-1.,0.));
#5463 = FACE_BOUND('',#5464,.T.);
#5464 = EDGE_LOOP('',(#5465));
#5465 = ORIENTED_EDGE('',*,*,#5466,.T.);
#5466 = EDGE_CURVE('',#5467,#5467,#5469,.T.);
#5467 = VERTEX_POINT('',#5468);
#5468 = CARTESIAN_POINT('',(56.047837,-25.981924,1.51));
#5469 = CIRCLE('',#5470,0.75);
#5470 = AXIS2_PLACEMENT_3D('',#5471,#5472,#5473);
#5471 = CARTESIAN_POINT('',(56.047837,-25.231924,1.51));
#5472 = DIRECTION('',(-0.,0.,-1.));
#5473 = DIRECTION('',(-0.,-1.,0.));
#5474 = FACE_BOUND('',#5475,.T.);
#5475 = EDGE_LOOP('',(#5476));
#5476 = ORIENTED_EDGE('',*,*,#5477,.T.);
#5477 = EDGE_CURVE('',#5478,#5478,#5480,.T.);
#5478 = VERTEX_POINT('',#5479);
#5479 = CARTESIAN_POINT('',(62.742432,-24.583178,1.51));
#5480 = CIRCLE('',#5481,0.75);
#5481 = AXIS2_PLACEMENT_3D('',#5482,#5483,#5484);
#5482 = CARTESIAN_POINT('',(62.742432,-23.833178,1.51));
#5483 = DIRECTION('',(-0.,0.,-1.));
#5484 = DIRECTION('',(-0.,-1.,0.));
#5485 = FACE_BOUND('',#5486,.T.);
#5486 = EDGE_LOOP('',(#5487));
#5487 = ORIENTED_EDGE('',*,*,#5488,.T.);
#5488 = EDGE_CURVE('',#5489,#5489,#5491,.T.);
#5489 = VERTEX_POINT('',#5490);
#5490 = CARTESIAN_POINT('',(72.17992,-42.181336,1.51));
#5491 = CIRCLE('',#5492,0.75);
#5492 = AXIS2_PLACEMENT_3D('',#5493,#5494,#5495);
#5493 = CARTESIAN_POINT('',(72.17992,-41.431336,1.51));
#5494 = DIRECTION('',(-0.,0.,-1.));
#5495 = DIRECTION('',(-0.,-1.,0.));
#5496 = FACE_BOUND('',#5497,.T.);
#5497 = EDGE_LOOP('',(#5498));
#5498 = ORIENTED_EDGE('',*,*,#5499,.T.);
#5499 = EDGE_CURVE('',#5500,#5500,#5502,.T.);
#5500 = VERTEX_POINT('',#5501);
#5501 = CARTESIAN_POINT('',(78.874515,-40.78259,1.51));
#5502 = CIRCLE('',#5503,0.75);
#5503 = AXIS2_PLACEMENT_3D('',#5504,#5505,#5506);
#5504 = CARTESIAN_POINT('',(78.874515,-40.03259,1.51));
#5505 = DIRECTION('',(-0.,0.,-1.));
#5506 = DIRECTION('',(-0.,-1.,0.));
#5507 = FACE_BOUND('',#5508,.T.);
#5508 = EDGE_LOOP('',(#5509));
#5509 = ORIENTED_EDGE('',*,*,#5510,.T.);
#5510 = EDGE_CURVE('',#5511,#5511,#5513,.T.);
#5511 = VERTEX_POINT('',#5512);
#5512 = CARTESIAN_POINT('',(96.083534,-36.921252,1.51));
#5513 = CIRCLE('',#5514,2.);
#5514 = AXIS2_PLACEMENT_3D('',#5515,#5516,#5517);
#5515 = CARTESIAN_POINT('',(96.083534,-34.921252,1.51));
#5516 = DIRECTION('',(-0.,0.,-1.));
#5517 = DIRECTION('',(-0.,-1.,0.));
#5518 = FACE_BOUND('',#5519,.T.);
#5519 = EDGE_LOOP('',(#5520));
#5520 = ORIENTED_EDGE('',*,*,#5521,.T.);
#5521 = EDGE_CURVE('',#5522,#5522,#5524,.T.);
#5522 = VERTEX_POINT('',#5523);
#5523 = CARTESIAN_POINT('',(91.080711,-34.914119,1.51));
#5524 = CIRCLE('',#5525,0.875);
#5525 = AXIS2_PLACEMENT_3D('',#5526,#5527,#5528);
#5526 = CARTESIAN_POINT('',(91.080711,-34.039119,1.51));
#5527 = DIRECTION('',(-0.,0.,-1.));
#5528 = DIRECTION('',(-0.,-1.,0.));
#5529 = FACE_BOUND('',#5530,.T.);
#5530 = EDGE_LOOP('',(#5531));
#5531 = ORIENTED_EDGE('',*,*,#5532,.T.);
#5532 = EDGE_CURVE('',#5533,#5533,#5535,.T.);
#5533 = VERTEX_POINT('',#5534);
#5534 = CARTESIAN_POINT('',(108.712225,-42.033967,1.51));
#5535 = CIRCLE('',#5536,0.875);
#5536 = AXIS2_PLACEMENT_3D('',#5537,#5538,#5539);
#5537 = CARTESIAN_POINT('',(108.712225,-41.158967,1.51));
#5538 = DIRECTION('',(-0.,0.,-1.));
#5539 = DIRECTION('',(-0.,-1.,0.));
#5540 = FACE_BOUND('',#5541,.T.);
#5541 = EDGE_LOOP('',(#5542));
#5542 = ORIENTED_EDGE('',*,*,#5543,.T.);
#5543 = EDGE_CURVE('',#5544,#5544,#5546,.T.);
#5544 = VERTEX_POINT('',#5545);
#5545 = CARTESIAN_POINT('',(110.403997,-39.628089,1.51));
#5546 = CIRCLE('',#5547,0.75);
#5547 = AXIS2_PLACEMENT_3D('',#5548,#5549,#5550);
#5548 = CARTESIAN_POINT('',(110.403997,-38.878089,1.51));
#5549 = DIRECTION('',(-0.,0.,-1.));
#5550 = DIRECTION('',(-0.,-1.,0.));
#5551 = FACE_BOUND('',#5552,.T.);
#5552 = EDGE_LOOP('',(#5553));
#5553 = ORIENTED_EDGE('',*,*,#5554,.T.);
#5554 = EDGE_CURVE('',#5555,#5555,#5557,.T.);
#5555 = VERTEX_POINT('',#5556);
#5556 = CARTESIAN_POINT('',(113.715048,-44.0411,1.51));
#5557 = CIRCLE('',#5558,2.);
#5558 = AXIS2_PLACEMENT_3D('',#5559,#5560,#5561);
#5559 = CARTESIAN_POINT('',(113.715048,-42.0411,1.51));
#5560 = DIRECTION('',(-0.,0.,-1.));
#5561 = DIRECTION('',(-0.,-1.,0.));
#5562 = FACE_BOUND('',#5563,.T.);
#5563 = EDGE_LOOP('',(#5564));
#5564 = ORIENTED_EDGE('',*,*,#5565,.T.);
#5565 = EDGE_CURVE('',#5566,#5566,#5568,.T.);
#5566 = VERTEX_POINT('',#5567);
#5567 = CARTESIAN_POINT('',(118.717871,-43.798233,1.51));
#5568 = CIRCLE('',#5569,0.875);
#5569 = AXIS2_PLACEMENT_3D('',#5570,#5571,#5572);
#5570 = CARTESIAN_POINT('',(118.717871,-42.923233,1.51));
#5571 = DIRECTION('',(-0.,0.,-1.));
#5572 = DIRECTION('',(-0.,-1.,0.));
#5573 = FACE_BOUND('',#5574,.T.);
#5574 = EDGE_LOOP('',(#5575));
#5575 = ORIENTED_EDGE('',*,*,#5576,.T.);
#5576 = EDGE_CURVE('',#5577,#5577,#5579,.T.);
#5577 = VERTEX_POINT('',#5578);
#5578 = CARTESIAN_POINT('',(124.4,-40.150012,1.51));
#5579 = CIRCLE('',#5580,0.550012);
#5580 = AXIS2_PLACEMENT_3D('',#5581,#5582,#5583);
#5581 = CARTESIAN_POINT('',(124.4,-39.6,1.51));
#5582 = DIRECTION('',(-0.,0.,-1.));
#5583 = DIRECTION('',(-0.,-1.,0.));
#5584 = FACE_BOUND('',#5585,.T.);
#5585 = EDGE_LOOP('',(#5586));
#5586 = ORIENTED_EDGE('',*,*,#5587,.T.);
#5587 = EDGE_CURVE('',#5588,#5588,#5590,.T.);
#5588 = VERTEX_POINT('',#5589);
#5589 = CARTESIAN_POINT('',(101.086357,-36.678385,1.51));
#5590 = CIRCLE('',#5591,0.875);
#5591 = AXIS2_PLACEMENT_3D('',#5592,#5593,#5594);
#5592 = CARTESIAN_POINT('',(101.086357,-35.803385,1.51));
#5593 = DIRECTION('',(-0.,0.,-1.));
#5594 = DIRECTION('',(-0.,-1.,0.));
#5595 = FACE_BOUND('',#5596,.T.);
#5596 = EDGE_LOOP('',(#5597));
#5597 = ORIENTED_EDGE('',*,*,#5598,.T.);
#5598 = EDGE_CURVE('',#5599,#5599,#5601,.T.);
#5599 = VERTEX_POINT('',#5600);
#5600 = CARTESIAN_POINT('',(117.098592,-38.229343,1.51));
#5601 = CIRCLE('',#5602,0.75);
#5602 = AXIS2_PLACEMENT_3D('',#5603,#5604,#5605);
#5603 = CARTESIAN_POINT('',(117.098592,-37.479343,1.51));
#5604 = DIRECTION('',(-0.,0.,-1.));
#5605 = DIRECTION('',(-0.,-1.,0.));
#5606 = FACE_BOUND('',#5607,.T.);
#5607 = EDGE_LOOP('',(#5608));
#5608 = ORIENTED_EDGE('',*,*,#5609,.T.);
#5609 = EDGE_CURVE('',#5610,#5610,#5612,.T.);
#5610 = VERTEX_POINT('',#5611);
#5611 = CARTESIAN_POINT('',(92.772483,-32.508241,1.51));
#5612 = CIRCLE('',#5613,0.75);
#5613 = AXIS2_PLACEMENT_3D('',#5614,#5615,#5616);
#5614 = CARTESIAN_POINT('',(92.772483,-31.758241,1.51));
#5615 = DIRECTION('',(-0.,0.,-1.));
#5616 = DIRECTION('',(-0.,-1.,0.));
#5617 = FACE_BOUND('',#5618,.T.);
#5618 = EDGE_LOOP('',(#5619));
#5619 = ORIENTED_EDGE('',*,*,#5620,.T.);
#5620 = EDGE_CURVE('',#5621,#5621,#5623,.T.);
#5621 = VERTEX_POINT('',#5622);
#5622 = CARTESIAN_POINT('',(78.48675,-29.604443,1.51));
#5623 = CIRCLE('',#5624,2.);
#5624 = AXIS2_PLACEMENT_3D('',#5625,#5626,#5627);
#5625 = CARTESIAN_POINT('',(78.48675,-27.604443,1.51));
#5626 = DIRECTION('',(-0.,0.,-1.));
#5627 = DIRECTION('',(-0.,-1.,0.));
#5628 = FACE_BOUND('',#5629,.T.);
#5629 = EDGE_LOOP('',(#5630));
#5630 = ORIENTED_EDGE('',*,*,#5631,.T.);
#5631 = EDGE_CURVE('',#5632,#5632,#5634,.T.);
#5632 = VERTEX_POINT('',#5633);
#5633 = CARTESIAN_POINT('',(73.483927,-27.59731,1.51));
#5634 = CIRCLE('',#5635,0.875);
#5635 = AXIS2_PLACEMENT_3D('',#5636,#5637,#5638);
#5636 = CARTESIAN_POINT('',(73.483927,-26.72231,1.51));
#5637 = DIRECTION('',(-0.,0.,-1.));
#5638 = DIRECTION('',(-0.,-1.,0.));
#5639 = FACE_BOUND('',#5640,.T.);
#5640 = EDGE_LOOP('',(#5641));
#5641 = ORIENTED_EDGE('',*,*,#5642,.T.);
#5642 = EDGE_CURVE('',#5643,#5643,#5645,.T.);
#5643 = VERTEX_POINT('',#5644);
#5644 = CARTESIAN_POINT('',(75.175699,-25.191432,1.51));
#5645 = CIRCLE('',#5646,0.75);
#5646 = AXIS2_PLACEMENT_3D('',#5647,#5648,#5649);
#5647 = CARTESIAN_POINT('',(75.175699,-24.441432,1.51));
#5648 = DIRECTION('',(-0.,0.,-1.));
#5649 = DIRECTION('',(-0.,-1.,0.));
#5650 = FACE_BOUND('',#5651,.T.);
#5651 = EDGE_LOOP('',(#5652));
#5652 = ORIENTED_EDGE('',*,*,#5653,.T.);
#5653 = EDGE_CURVE('',#5654,#5654,#5656,.T.);
#5654 = VERTEX_POINT('',#5655);
#5655 = CARTESIAN_POINT('',(83.489573,-29.361576,1.51));
#5656 = CIRCLE('',#5657,0.875);
#5657 = AXIS2_PLACEMENT_3D('',#5658,#5659,#5660);
#5658 = CARTESIAN_POINT('',(83.489573,-28.486576,1.51));
#5659 = DIRECTION('',(-0.,0.,-1.));
#5660 = DIRECTION('',(-0.,-1.,0.));
#5661 = FACE_BOUND('',#5662,.T.);
#5662 = EDGE_LOOP('',(#5663));
#5663 = ORIENTED_EDGE('',*,*,#5664,.T.);
#5664 = EDGE_CURVE('',#5665,#5665,#5667,.T.);
#5665 = VERTEX_POINT('',#5666);
#5666 = CARTESIAN_POINT('',(99.467078,-31.109495,1.51));
#5667 = CIRCLE('',#5668,0.75);
#5668 = AXIS2_PLACEMENT_3D('',#5669,#5670,#5671);
#5669 = CARTESIAN_POINT('',(99.467078,-30.359495,1.51));
#5670 = DIRECTION('',(-0.,0.,-1.));
#5671 = DIRECTION('',(-0.,-1.,0.));
#5672 = FACE_BOUND('',#5673,.T.);
#5673 = EDGE_LOOP('',(#5674));
#5674 = ORIENTED_EDGE('',*,*,#5675,.T.);
#5675 = EDGE_CURVE('',#5676,#5676,#5678,.T.);
#5676 = VERTEX_POINT('',#5677);
#5677 = CARTESIAN_POINT('',(111.708003,-25.044063,1.51));
#5678 = CIRCLE('',#5679,0.875);
#5679 = AXIS2_PLACEMENT_3D('',#5680,#5681,#5682);
#5680 = CARTESIAN_POINT('',(111.708003,-24.169063,1.51));
#5681 = DIRECTION('',(-0.,0.,-1.));
#5682 = DIRECTION('',(-0.,-1.,0.));
#5683 = FACE_BOUND('',#5684,.T.);
#5684 = EDGE_LOOP('',(#5685));
#5685 = ORIENTED_EDGE('',*,*,#5686,.T.);
#5686 = EDGE_CURVE('',#5687,#5687,#5689,.T.);
#5687 = VERTEX_POINT('',#5688);
#5688 = CARTESIAN_POINT('',(116.710826,-27.051196,1.51));
#5689 = CIRCLE('',#5690,2.);
#5690 = AXIS2_PLACEMENT_3D('',#5691,#5692,#5693);
#5691 = CARTESIAN_POINT('',(116.710826,-25.051196,1.51));
#5692 = DIRECTION('',(-0.,0.,-1.));
#5693 = DIRECTION('',(-0.,-1.,0.));
#5694 = FACE_BOUND('',#5695,.T.);
#5695 = EDGE_LOOP('',(#5696));
#5696 = ORIENTED_EDGE('',*,*,#5697,.T.);
#5697 = EDGE_CURVE('',#5698,#5698,#5700,.T.);
#5698 = VERTEX_POINT('',#5699);
#5699 = CARTESIAN_POINT('',(121.713649,-26.808329,1.51));
#5700 = CIRCLE('',#5701,0.875);
#5701 = AXIS2_PLACEMENT_3D('',#5702,#5703,#5704);
#5702 = CARTESIAN_POINT('',(121.713649,-25.933329,1.51));
#5703 = DIRECTION('',(-0.,0.,-1.));
#5704 = DIRECTION('',(-0.,-1.,0.));
#5705 = FACE_BOUND('',#5706,.T.);
#5706 = EDGE_LOOP('',(#5707));
#5707 = ORIENTED_EDGE('',*,*,#5708,.T.);
#5708 = EDGE_CURVE('',#5709,#5709,#5711,.T.);
#5709 = VERTEX_POINT('',#5710);
#5710 = CARTESIAN_POINT('',(3.2,-19.359997,1.51));
#5711 = CIRCLE('',#5712,0.599999);
#5712 = AXIS2_PLACEMENT_3D('',#5713,#5714,#5715);
#5713 = CARTESIAN_POINT('',(3.2,-18.759998,1.51));
#5714 = DIRECTION('',(-0.,0.,-1.));
#5715 = DIRECTION('',(-0.,-1.,0.));
#5716 = FACE_BOUND('',#5717,.T.);
#5717 = EDGE_LOOP('',(#5718));
#5718 = ORIENTED_EDGE('',*,*,#5719,.T.);
#5719 = EDGE_CURVE('',#5720,#5720,#5722,.T.);
#5720 = VERTEX_POINT('',#5721);
#5721 = CARTESIAN_POINT('',(3.1,-11.74,1.51));
#5722 = CIRCLE('',#5723,0.599999);
#5723 = AXIS2_PLACEMENT_3D('',#5724,#5725,#5726);
#5724 = CARTESIAN_POINT('',(3.1,-11.140001,1.51));
#5725 = DIRECTION('',(-0.,0.,-1.));
#5726 = DIRECTION('',(-0.,-1.,0.));
#5727 = FACE_BOUND('',#5728,.T.);
#5728 = EDGE_LOOP('',(#5729));
#5729 = ORIENTED_EDGE('',*,*,#5730,.T.);
#5730 = EDGE_CURVE('',#5731,#5731,#5733,.T.);
#5731 = VERTEX_POINT('',#5732);
#5732 = CARTESIAN_POINT('',(24.206104,-14.954139,1.51));
#5733 = CIRCLE('',#5734,2.);
#5734 = AXIS2_PLACEMENT_3D('',#5735,#5736,#5737);
#5735 = CARTESIAN_POINT('',(24.206104,-12.954139,1.51));
#5736 = DIRECTION('',(-0.,0.,-1.));
#5737 = DIRECTION('',(-0.,-1.,0.));
#5738 = FACE_BOUND('',#5739,.T.);
#5739 = EDGE_LOOP('',(#5740));
#5740 = ORIENTED_EDGE('',*,*,#5741,.T.);
#5741 = EDGE_CURVE('',#5742,#5742,#5744,.T.);
#5742 = VERTEX_POINT('',#5743);
#5743 = CARTESIAN_POINT('',(19.203281,-12.947006,1.51));
#5744 = CIRCLE('',#5745,0.875);
#5745 = AXIS2_PLACEMENT_3D('',#5746,#5747,#5748);
#5746 = CARTESIAN_POINT('',(19.203281,-12.072006,1.51));
#5747 = DIRECTION('',(-0.,0.,-1.));
#5748 = DIRECTION('',(-0.,-1.,0.));
#5749 = FACE_BOUND('',#5750,.T.);
#5750 = EDGE_LOOP('',(#5751));
#5751 = ORIENTED_EDGE('',*,*,#5752,.T.);
#5752 = EDGE_CURVE('',#5753,#5753,#5755,.T.);
#5753 = VERTEX_POINT('',#5754);
#5754 = CARTESIAN_POINT('',(29.208927,-14.711272,1.51));
#5755 = CIRCLE('',#5756,0.875);
#5756 = AXIS2_PLACEMENT_3D('',#5757,#5758,#5759);
#5757 = CARTESIAN_POINT('',(29.208927,-13.836272,1.51));
#5758 = DIRECTION('',(-0.,0.,-1.));
#5759 = DIRECTION('',(-0.,-1.,0.));
#5760 = FACE_BOUND('',#5761,.T.);
#5761 = EDGE_LOOP('',(#5762));
#5762 = ORIENTED_EDGE('',*,*,#5763,.T.);
#5763 = EDGE_CURVE('',#5764,#5764,#5766,.T.);
#5764 = VERTEX_POINT('',#5765);
#5765 = CARTESIAN_POINT('',(20.895053,-10.541128,1.51));
#5766 = CIRCLE('',#5767,0.75);
#5767 = AXIS2_PLACEMENT_3D('',#5768,#5769,#5770);
#5768 = CARTESIAN_POINT('',(20.895053,-9.791128,1.51));
#5769 = DIRECTION('',(-0.,0.,-1.));
#5770 = DIRECTION('',(-0.,-1.,0.));
#5771 = FACE_BOUND('',#5772,.T.);
#5772 = EDGE_LOOP('',(#5773));
#5773 = ORIENTED_EDGE('',*,*,#5774,.T.);
#5774 = EDGE_CURVE('',#5775,#5775,#5777,.T.);
#5775 = VERTEX_POINT('',#5776);
#5776 = CARTESIAN_POINT('',(3.1,-6.659998,1.51));
#5777 = CIRCLE('',#5778,0.599999);
#5778 = AXIS2_PLACEMENT_3D('',#5779,#5780,#5781);
#5779 = CARTESIAN_POINT('',(3.1,-6.059999,1.51));
#5780 = DIRECTION('',(-0.,0.,-1.));
#5781 = DIRECTION('',(-0.,-1.,0.));
#5782 = FACE_BOUND('',#5783,.T.);
#5783 = EDGE_LOOP('',(#5784));
#5784 = ORIENTED_EDGE('',*,*,#5785,.T.);
#5785 = EDGE_CURVE('',#5786,#5786,#5788,.T.);
#5786 = VERTEX_POINT('',#5787);
#5787 = CARTESIAN_POINT('',(27.589648,-9.142382,1.51));
#5788 = CIRCLE('',#5789,0.75);
#5789 = AXIS2_PLACEMENT_3D('',#5790,#5791,#5792);
#5790 = CARTESIAN_POINT('',(27.589648,-8.392382,1.51));
#5791 = DIRECTION('',(-0.,0.,-1.));
#5792 = DIRECTION('',(-0.,-1.,0.));
#5793 = FACE_BOUND('',#5794,.T.);
#5794 = EDGE_LOOP('',(#5795));
#5795 = ORIENTED_EDGE('',*,*,#5796,.T.);
#5796 = EDGE_CURVE('',#5797,#5797,#5799,.T.);
#5797 = VERTEX_POINT('',#5798);
#5798 = CARTESIAN_POINT('',(48.533751,-13.955509,1.51));
#5799 = CIRCLE('',#5800,0.875);
#5800 = AXIS2_PLACEMENT_3D('',#5801,#5802,#5803);
#5801 = CARTESIAN_POINT('',(48.533751,-13.080509,1.51));
#5802 = DIRECTION('',(-0.,0.,-1.));
#5803 = DIRECTION('',(-0.,-1.,0.));
#5804 = FACE_BOUND('',#5805,.T.);
#5805 = EDGE_LOOP('',(#5806));
#5806 = ORIENTED_EDGE('',*,*,#5807,.T.);
#5807 = EDGE_CURVE('',#5808,#5808,#5810,.T.);
#5808 = VERTEX_POINT('',#5809);
#5809 = CARTESIAN_POINT('',(43.530928,-14.198376,1.51));
#5810 = CIRCLE('',#5811,2.);
#5811 = AXIS2_PLACEMENT_3D('',#5812,#5813,#5814);
#5812 = CARTESIAN_POINT('',(43.530928,-12.198376,1.51));
#5813 = DIRECTION('',(-0.,0.,-1.));
#5814 = DIRECTION('',(-0.,-1.,0.));
#5815 = FACE_BOUND('',#5816,.T.);
#5816 = EDGE_LOOP('',(#5817));
#5817 = ORIENTED_EDGE('',*,*,#5818,.T.);
#5818 = EDGE_CURVE('',#5819,#5819,#5821,.T.);
#5819 = VERTEX_POINT('',#5820);
#5820 = CARTESIAN_POINT('',(38.528105,-12.191243,1.51));
#5821 = CIRCLE('',#5822,0.875);
#5822 = AXIS2_PLACEMENT_3D('',#5823,#5824,#5825);
#5823 = CARTESIAN_POINT('',(38.528105,-11.316243,1.51));
#5824 = DIRECTION('',(-0.,0.,-1.));
#5825 = DIRECTION('',(-0.,-1.,0.));
#5826 = FACE_BOUND('',#5827,.T.);
#5827 = EDGE_LOOP('',(#5828));
#5828 = ORIENTED_EDGE('',*,*,#5829,.T.);
#5829 = EDGE_CURVE('',#5830,#5830,#5832,.T.);
#5830 = VERTEX_POINT('',#5831);
#5831 = CARTESIAN_POINT('',(57.351843,-11.397898,1.51));
#5832 = CIRCLE('',#5833,0.875);
#5833 = AXIS2_PLACEMENT_3D('',#5834,#5835,#5836);
#5834 = CARTESIAN_POINT('',(57.351843,-10.522898,1.51));
#5835 = DIRECTION('',(-0.,0.,-1.));
#5836 = DIRECTION('',(-0.,-1.,0.));
#5837 = FACE_BOUND('',#5838,.T.);
#5838 = EDGE_LOOP('',(#5839));
#5839 = ORIENTED_EDGE('',*,*,#5840,.T.);
#5840 = EDGE_CURVE('',#5841,#5841,#5843,.T.);
#5841 = VERTEX_POINT('',#5842);
#5842 = CARTESIAN_POINT('',(62.354666,-13.405031,1.51));
#5843 = CIRCLE('',#5844,2.);
#5844 = AXIS2_PLACEMENT_3D('',#5845,#5846,#5847);
#5845 = CARTESIAN_POINT('',(62.354666,-11.405031,1.51));
#5846 = DIRECTION('',(-0.,0.,-1.));
#5847 = DIRECTION('',(3.552713678801E-15,-1.,-0.));
#5848 = FACE_BOUND('',#5849,.T.);
#5849 = EDGE_LOOP('',(#5850));
#5850 = ORIENTED_EDGE('',*,*,#5851,.T.);
#5851 = EDGE_CURVE('',#5852,#5852,#5854,.T.);
#5852 = VERTEX_POINT('',#5853);
#5853 = CARTESIAN_POINT('',(40.219877,-9.785365,1.51));
#5854 = CIRCLE('',#5855,0.75);
#5855 = AXIS2_PLACEMENT_3D('',#5856,#5857,#5858);
#5856 = CARTESIAN_POINT('',(40.219877,-9.035365,1.51));
#5857 = DIRECTION('',(-0.,0.,-1.));
#5858 = DIRECTION('',(-0.,-1.,0.));
#5859 = FACE_BOUND('',#5860,.T.);
#5860 = EDGE_LOOP('',(#5861));
#5861 = ORIENTED_EDGE('',*,*,#5862,.T.);
#5862 = EDGE_CURVE('',#5863,#5863,#5865,.T.);
#5863 = VERTEX_POINT('',#5864);
#5864 = CARTESIAN_POINT('',(46.914472,-8.386619,1.51));
#5865 = CIRCLE('',#5866,0.75);
#5866 = AXIS2_PLACEMENT_3D('',#5867,#5868,#5869);
#5867 = CARTESIAN_POINT('',(46.914472,-7.636619,1.51));
#5868 = DIRECTION('',(-0.,0.,-1.));
#5869 = DIRECTION('',(-0.,-1.,0.));
#5870 = FACE_BOUND('',#5871,.T.);
#5871 = EDGE_LOOP('',(#5872));
#5872 = ORIENTED_EDGE('',*,*,#5873,.T.);
#5873 = EDGE_CURVE('',#5874,#5874,#5876,.T.);
#5874 = VERTEX_POINT('',#5875);
#5875 = CARTESIAN_POINT('',(59.043615,-8.99202,1.51));
#5876 = CIRCLE('',#5877,0.75);
#5877 = AXIS2_PLACEMENT_3D('',#5878,#5879,#5880);
#5878 = CARTESIAN_POINT('',(59.043615,-8.24202,1.51));
#5879 = DIRECTION('',(-0.,0.,-1.));
#5880 = DIRECTION('',(-0.,-1.,0.));
#5881 = FACE_BOUND('',#5882,.T.);
#5882 = EDGE_LOOP('',(#5883));
#5883 = ORIENTED_EDGE('',*,*,#5884,.T.);
#5884 = EDGE_CURVE('',#5885,#5885,#5887,.T.);
#5885 = VERTEX_POINT('',#5886);
#5886 = CARTESIAN_POINT('',(81.870294,-23.792686,1.51));
#5887 = CIRCLE('',#5888,0.75);
#5888 = AXIS2_PLACEMENT_3D('',#5889,#5890,#5891);
#5889 = CARTESIAN_POINT('',(81.870294,-23.042686,1.51));
#5890 = DIRECTION('',(-0.,0.,-1.));
#5891 = DIRECTION('',(-0.,-1.,0.));
#5892 = FACE_BOUND('',#5893,.T.);
#5893 = EDGE_LOOP('',(#5894));
#5894 = ORIENTED_EDGE('',*,*,#5895,.T.);
#5895 = EDGE_CURVE('',#5896,#5896,#5898,.T.);
#5896 = VERTEX_POINT('',#5897);
#5897 = CARTESIAN_POINT('',(94.07649,-17.924216,1.51));
#5898 = CIRCLE('',#5899,0.875);
#5899 = AXIS2_PLACEMENT_3D('',#5900,#5901,#5902);
#5900 = CARTESIAN_POINT('',(94.07649,-17.049216,1.51));
#5901 = DIRECTION('',(-0.,0.,-1.));
#5902 = DIRECTION('',(-0.,-1.,0.));
#5903 = FACE_BOUND('',#5904,.T.);
#5904 = EDGE_LOOP('',(#5905));
#5905 = ORIENTED_EDGE('',*,*,#5906,.T.);
#5906 = EDGE_CURVE('',#5907,#5907,#5909,.T.);
#5907 = VERTEX_POINT('',#5908);
#5908 = CARTESIAN_POINT('',(95.768262,-15.518338,1.51));
#5909 = CIRCLE('',#5910,0.75);
#5910 = AXIS2_PLACEMENT_3D('',#5911,#5912,#5913);
#5911 = CARTESIAN_POINT('',(95.768262,-14.768338,1.51));
#5912 = DIRECTION('',(-0.,0.,-1.));
#5913 = DIRECTION('',(-0.,-1.,0.));
#5914 = FACE_BOUND('',#5915,.T.);
#5915 = EDGE_LOOP('',(#5916));
#5916 = ORIENTED_EDGE('',*,*,#5917,.T.);
#5917 = EDGE_CURVE('',#5918,#5918,#5920,.T.);
#5918 = VERTEX_POINT('',#5919);
#5919 = CARTESIAN_POINT('',(113.399775,-22.638185,1.51));
#5920 = CIRCLE('',#5921,0.75);
#5921 = AXIS2_PLACEMENT_3D('',#5922,#5923,#5924);
#5922 = CARTESIAN_POINT('',(113.399775,-21.888185,1.51));
#5923 = DIRECTION('',(-0.,0.,-1.));
#5924 = DIRECTION('',(-0.,-1.,0.));
#5925 = FACE_BOUND('',#5926,.T.);
#5926 = EDGE_LOOP('',(#5927));
#5927 = ORIENTED_EDGE('',*,*,#5928,.T.);
#5928 = EDGE_CURVE('',#5929,#5929,#5931,.T.);
#5929 = VERTEX_POINT('',#5930);
#5930 = CARTESIAN_POINT('',(120.09437,-21.239439,1.51));
#5931 = CIRCLE('',#5932,0.75);
#5932 = AXIS2_PLACEMENT_3D('',#5933,#5934,#5935);
#5933 = CARTESIAN_POINT('',(120.09437,-20.489439,1.51));
#5934 = DIRECTION('',(-0.,0.,-1.));
#5935 = DIRECTION('',(-0.,-1.,0.));
#5936 = FACE_BOUND('',#5937,.T.);
#5937 = EDGE_LOOP('',(#5938));
#5938 = ORIENTED_EDGE('',*,*,#5939,.T.);
#5939 = EDGE_CURVE('',#5940,#5940,#5942,.T.);
#5940 = VERTEX_POINT('',#5941);
#5941 = CARTESIAN_POINT('',(99.079313,-19.931349,1.51));
#5942 = CIRCLE('',#5943,2.);
#5943 = AXIS2_PLACEMENT_3D('',#5944,#5945,#5946);
#5944 = CARTESIAN_POINT('',(99.079313,-17.931349,1.51));
#5945 = DIRECTION('',(-0.,0.,-1.));
#5946 = DIRECTION('',(-0.,-1.,0.));
#5947 = FACE_BOUND('',#5948,.T.);
#5948 = EDGE_LOOP('',(#5949));
#5949 = ORIENTED_EDGE('',*,*,#5950,.T.);
#5950 = EDGE_CURVE('',#5951,#5951,#5953,.T.);
#5951 = VERTEX_POINT('',#5952);
#5952 = CARTESIAN_POINT('',(104.082136,-19.688482,1.51));
#5953 = CIRCLE('',#5954,0.875);
#5954 = AXIS2_PLACEMENT_3D('',#5955,#5956,#5957);
#5955 = CARTESIAN_POINT('',(104.082136,-18.813482,1.51));
#5956 = DIRECTION('',(-0.,0.,-1.));
#5957 = DIRECTION('',(-0.,-1.,0.));
#5958 = FACE_BOUND('',#5959,.T.);
#5959 = EDGE_LOOP('',(#5960));
#5960 = ORIENTED_EDGE('',*,*,#5961,.T.);
#5961 = EDGE_CURVE('',#5962,#5962,#5964,.T.);
#5962 = VERTEX_POINT('',#5963);
#5963 = CARTESIAN_POINT('',(67.357489,-13.162164,1.51));
#5964 = CIRCLE('',#5965,0.875);
#5965 = AXIS2_PLACEMENT_3D('',#5966,#5967,#5968);
#5966 = CARTESIAN_POINT('',(67.357489,-12.287164,1.51));
#5967 = DIRECTION('',(-0.,0.,-1.));
#5968 = DIRECTION('',(-0.,-1.,0.));
#5969 = FACE_BOUND('',#5970,.T.);
#5970 = EDGE_LOOP('',(#5971));
#5971 = ORIENTED_EDGE('',*,*,#5972,.T.);
#5972 = EDGE_CURVE('',#5973,#5973,#5975,.T.);
#5973 = VERTEX_POINT('',#5974);
#5974 = CARTESIAN_POINT('',(76.479705,-10.607409,1.51));
#5975 = CIRCLE('',#5976,0.875);
#5976 = AXIS2_PLACEMENT_3D('',#5977,#5978,#5979);
#5977 = CARTESIAN_POINT('',(76.479705,-9.732409,1.51));
#5978 = DIRECTION('',(-0.,0.,-1.));
#5979 = DIRECTION('',(-0.,-1.,0.));
#5980 = FACE_BOUND('',#5981,.T.);
#5981 = EDGE_LOOP('',(#5982));
#5982 = ORIENTED_EDGE('',*,*,#5983,.T.);
#5983 = EDGE_CURVE('',#5984,#5984,#5986,.T.);
#5984 = VERTEX_POINT('',#5985);
#5985 = CARTESIAN_POINT('',(81.482528,-12.614542,1.51));
#5986 = CIRCLE('',#5987,2.);
#5987 = AXIS2_PLACEMENT_3D('',#5988,#5989,#5990);
#5988 = CARTESIAN_POINT('',(81.482528,-10.614542,1.51));
#5989 = DIRECTION('',(-0.,0.,-1.));
#5990 = DIRECTION('',(-0.,-1.,0.));
#5991 = FACE_BOUND('',#5992,.T.);
#5992 = EDGE_LOOP('',(#5993));
#5993 = ORIENTED_EDGE('',*,*,#5994,.T.);
#5994 = EDGE_CURVE('',#5995,#5995,#5997,.T.);
#5995 = VERTEX_POINT('',#5996);
#5996 = CARTESIAN_POINT('',(86.485351,-12.371675,1.51));
#5997 = CIRCLE('',#5998,0.875);
#5998 = AXIS2_PLACEMENT_3D('',#5999,#6000,#6001);
#5999 = CARTESIAN_POINT('',(86.485351,-11.496675,1.51));
#6000 = DIRECTION('',(-0.,0.,-1.));
#6001 = DIRECTION('',(-0.,-1.,0.));
#6002 = FACE_BOUND('',#6003,.T.);
#6003 = EDGE_LOOP('',(#6004));
#6004 = ORIENTED_EDGE('',*,*,#6005,.T.);
#6005 = EDGE_CURVE('',#6006,#6006,#6008,.T.);
#6006 = VERTEX_POINT('',#6007);
#6007 = CARTESIAN_POINT('',(65.73821,-7.593274,1.51));
#6008 = CIRCLE('',#6009,0.75);
#6009 = AXIS2_PLACEMENT_3D('',#6010,#6011,#6012);
#6010 = CARTESIAN_POINT('',(65.73821,-6.843274,1.51));
#6011 = DIRECTION('',(-0.,0.,-1.));
#6012 = DIRECTION('',(-0.,-1.,0.));
#6013 = FACE_BOUND('',#6014,.T.);
#6014 = EDGE_LOOP('',(#6015));
#6015 = ORIENTED_EDGE('',*,*,#6016,.T.);
#6016 = EDGE_CURVE('',#6017,#6017,#6019,.T.);
#6017 = VERTEX_POINT('',#6018);
#6018 = CARTESIAN_POINT('',(78.171477,-8.201531,1.51));
#6019 = CIRCLE('',#6020,0.75);
#6020 = AXIS2_PLACEMENT_3D('',#6021,#6022,#6023);
#6021 = CARTESIAN_POINT('',(78.171477,-7.451531,1.51));
#6022 = DIRECTION('',(-0.,0.,-1.));
#6023 = DIRECTION('',(-0.,-1.,0.));
#6024 = FACE_BOUND('',#6025,.T.);
#6025 = EDGE_LOOP('',(#6026));
#6026 = ORIENTED_EDGE('',*,*,#6027,.T.);
#6027 = EDGE_CURVE('',#6028,#6028,#6030,.T.);
#6028 = VERTEX_POINT('',#6029);
#6029 = CARTESIAN_POINT('',(84.866072,-6.802785,1.51));
#6030 = CIRCLE('',#6031,0.75);
#6031 = AXIS2_PLACEMENT_3D('',#6032,#6033,#6034);
#6032 = CARTESIAN_POINT('',(84.866072,-6.052785,1.51));
#6033 = DIRECTION('',(-0.,0.,-1.));
#6034 = DIRECTION('',(-0.,-1.,0.));
#6035 = FACE_BOUND('',#6036,.T.);
#6036 = EDGE_LOOP('',(#6037));
#6037 = ORIENTED_EDGE('',*,*,#6038,.T.);
#6038 = EDGE_CURVE('',#6039,#6039,#6041,.T.);
#6039 = VERTEX_POINT('',#6040);
#6040 = CARTESIAN_POINT('',(102.462857,-14.119592,1.51));
#6041 = CIRCLE('',#6042,0.75);
#6042 = AXIS2_PLACEMENT_3D('',#6043,#6044,#6045);
#6043 = CARTESIAN_POINT('',(102.462857,-13.369592,1.51));
#6044 = DIRECTION('',(-0.,0.,-1.));
#6045 = DIRECTION('',(-0.,-1.,0.));
#6046 = FACE_BOUND('',#6047,.T.);
#6047 = EDGE_LOOP('',(#6048));
#6048 = ORIENTED_EDGE('',*,*,#6049,.T.);
#6049 = EDGE_CURVE('',#6050,#6050,#6052,.T.);
#6050 = VERTEX_POINT('',#6051);
#6051 = CARTESIAN_POINT('',(140.245877,-43.798233,1.51));
#6052 = CIRCLE('',#6053,0.875);
#6053 = AXIS2_PLACEMENT_3D('',#6054,#6055,#6056);
#6054 = CARTESIAN_POINT('',(140.245877,-42.923233,1.51));
#6055 = DIRECTION('',(-0.,0.,-1.));
#6056 = DIRECTION('',(-0.,-1.,0.));
#6057 = FACE_BOUND('',#6058,.T.);
#6058 = EDGE_LOOP('',(#6059));
#6059 = ORIENTED_EDGE('',*,*,#6060,.T.);
#6060 = EDGE_CURVE('',#6061,#6061,#6063,.T.);
#6061 = VERTEX_POINT('',#6062);
#6062 = CARTESIAN_POINT('',(134.4,-40.150012,1.51));
#6063 = CIRCLE('',#6064,0.550012);
#6064 = AXIS2_PLACEMENT_3D('',#6065,#6066,#6067);
#6065 = CARTESIAN_POINT('',(134.4,-39.6,1.51));
#6066 = DIRECTION('',(-0.,0.,-1.));
#6067 = DIRECTION('',(5.167470787983E-14,-1.,-0.));
#6068 = FACE_BOUND('',#6069,.T.);
#6069 = EDGE_LOOP('',(#6070));
#6070 = ORIENTED_EDGE('',*,*,#6071,.T.);
#6071 = EDGE_CURVE('',#6072,#6072,#6074,.T.);
#6072 = VERTEX_POINT('',#6073);
#6073 = CARTESIAN_POINT('',(141.055516,-40.951288,1.51));
#6074 = CIRCLE('',#6075,0.75);
#6075 = AXIS2_PLACEMENT_3D('',#6076,#6077,#6078);
#6076 = CARTESIAN_POINT('',(141.055516,-40.201288,1.51));
#6077 = DIRECTION('',(-0.,0.,-1.));
#6078 = DIRECTION('',(-0.,-1.,0.));
#6079 = FACE_BOUND('',#6080,.T.);
#6080 = EDGE_LOOP('',(#6081));
#6081 = ORIENTED_EDGE('',*,*,#6082,.T.);
#6082 = EDGE_CURVE('',#6083,#6083,#6085,.T.);
#6083 = VERTEX_POINT('',#6084);
#6084 = CARTESIAN_POINT('',(145.2487,-44.0411,1.51));
#6085 = CIRCLE('',#6086,2.);
#6086 = AXIS2_PLACEMENT_3D('',#6087,#6088,#6089);
#6087 = CARTESIAN_POINT('',(145.2487,-42.0411,1.51));
#6088 = DIRECTION('',(-0.,0.,-1.));
#6089 = DIRECTION('',(-0.,-1.,0.));
#6090 = FACE_BOUND('',#6091,.T.);
#6091 = EDGE_LOOP('',(#6092));
#6092 = ORIENTED_EDGE('',*,*,#6093,.T.);
#6093 = EDGE_CURVE('',#6094,#6094,#6096,.T.);
#6094 = VERTEX_POINT('',#6095);
#6095 = CARTESIAN_POINT('',(150.251523,-42.033967,1.51));
#6096 = CIRCLE('',#6097,0.875);
#6097 = AXIS2_PLACEMENT_3D('',#6098,#6099,#6100);
#6098 = CARTESIAN_POINT('',(150.251523,-41.158967,1.51));
#6099 = DIRECTION('',(-0.,0.,-1.));
#6100 = DIRECTION('',(-0.,-1.,0.));
#6101 = FACE_BOUND('',#6102,.T.);
#6102 = EDGE_LOOP('',(#6103));
#6103 = ORIENTED_EDGE('',*,*,#6104,.T.);
#6104 = EDGE_CURVE('',#6105,#6105,#6107,.T.);
#6105 = VERTEX_POINT('',#6106);
#6106 = CARTESIAN_POINT('',(146.867979,-37.34721,1.51));
#6107 = CIRCLE('',#6108,0.75);
#6108 = AXIS2_PLACEMENT_3D('',#6109,#6110,#6111);
#6109 = CARTESIAN_POINT('',(146.867979,-36.59721,1.51));
#6110 = DIRECTION('',(-0.,0.,-1.));
#6111 = DIRECTION('',(-0.,-1.,0.));
#6112 = FACE_BOUND('',#6113,.T.);
#6113 = EDGE_LOOP('',(#6114));
#6114 = ORIENTED_EDGE('',*,*,#6115,.T.);
#6115 = EDGE_CURVE('',#6116,#6116,#6118,.T.);
#6116 = VERTEX_POINT('',#6117);
#6117 = CARTESIAN_POINT('',(157.877377,-36.678385,1.51));
#6118 = CIRCLE('',#6119,0.875);
#6119 = AXIS2_PLACEMENT_3D('',#6120,#6121,#6122);
#6120 = CARTESIAN_POINT('',(157.877377,-35.803385,1.51));
#6121 = DIRECTION('',(-0.,0.,-1.));
#6122 = DIRECTION('',(-0.,-1.,0.));
#6123 = FACE_BOUND('',#6124,.T.);
#6124 = EDGE_LOOP('',(#6125));
#6125 = ORIENTED_EDGE('',*,*,#6126,.T.);
#6126 = EDGE_CURVE('',#6127,#6127,#6129,.T.);
#6127 = VERTEX_POINT('',#6128);
#6128 = CARTESIAN_POINT('',(179.279616,-43.504535,1.51));
#6129 = CIRCLE('',#6130,0.75);
#6130 = AXIS2_PLACEMENT_3D('',#6131,#6132,#6133);
#6131 = CARTESIAN_POINT('',(179.279616,-42.754535,1.51));
#6132 = DIRECTION('',(-0.,0.,-1.));
#6133 = DIRECTION('',(-0.,-1.,0.));
#6134 = FACE_BOUND('',#6135,.T.);
#6135 = EDGE_LOOP('',(#6136));
#6136 = ORIENTED_EDGE('',*,*,#6137,.T.);
#6137 = EDGE_CURVE('',#6138,#6138,#6140,.T.);
#6138 = VERTEX_POINT('',#6139);
#6139 = CARTESIAN_POINT('',(185.092079,-39.900457,1.51));
#6140 = CIRCLE('',#6141,0.75);
#6141 = AXIS2_PLACEMENT_3D('',#6142,#6143,#6144);
#6142 = CARTESIAN_POINT('',(185.092079,-39.150457,1.51));
#6143 = DIRECTION('',(-0.,0.,-1.));
#6144 = DIRECTION('',(-0.,-1.,0.));
#6145 = FACE_BOUND('',#6146,.T.);
#6146 = EDGE_LOOP('',(#6147));
#6147 = ORIENTED_EDGE('',*,*,#6148,.T.);
#6148 = EDGE_CURVE('',#6149,#6149,#6151,.T.);
#6149 = VERTEX_POINT('',#6150);
#6150 = CARTESIAN_POINT('',(162.8802,-36.921252,1.51));
#6151 = CIRCLE('',#6152,2.);
#6152 = AXIS2_PLACEMENT_3D('',#6153,#6154,#6155);
#6153 = CARTESIAN_POINT('',(162.8802,-34.921252,1.51));
#6154 = DIRECTION('',(-0.,0.,-1.));
#6155 = DIRECTION('',(-0.,-1.,0.));
#6156 = FACE_BOUND('',#6157,.T.);
#6157 = EDGE_LOOP('',(#6158));
#6158 = ORIENTED_EDGE('',*,*,#6159,.T.);
#6159 = EDGE_CURVE('',#6160,#6160,#6162,.T.);
#6160 = VERTEX_POINT('',#6161);
#6161 = CARTESIAN_POINT('',(167.883023,-34.914119,1.51));
#6162 = CIRCLE('',#6163,0.875);
#6163 = AXIS2_PLACEMENT_3D('',#6164,#6165,#6166);
#6164 = CARTESIAN_POINT('',(167.883023,-34.039119,1.51));
#6165 = DIRECTION('',(-0.,0.,-1.));
#6166 = DIRECTION('',(-0.,-1.,0.));
#6167 = FACE_BOUND('',#6168,.T.);
#6168 = EDGE_LOOP('',(#6169));
#6169 = ORIENTED_EDGE('',*,*,#6170,.T.);
#6170 = EDGE_CURVE('',#6171,#6171,#6173,.T.);
#6171 = VERTEX_POINT('',#6172);
#6172 = CARTESIAN_POINT('',(158.687016,-33.83144,1.51));
#6173 = CIRCLE('',#6174,0.75);
#6174 = AXIS2_PLACEMENT_3D('',#6175,#6176,#6177);
#6175 = CARTESIAN_POINT('',(158.687016,-33.08144,1.51));
#6176 = DIRECTION('',(-0.,0.,-1.));
#6177 = DIRECTION('',(-0.,-1.,0.));
#6178 = FACE_BOUND('',#6179,.T.);
#6179 = EDGE_LOOP('',(#6180));
#6180 = ORIENTED_EDGE('',*,*,#6181,.T.);
#6181 = EDGE_CURVE('',#6182,#6182,#6184,.T.);
#6182 = VERTEX_POINT('',#6183);
#6183 = CARTESIAN_POINT('',(137.250077,-26.808329,1.51));
#6184 = CIRCLE('',#6185,0.875);
#6185 = AXIS2_PLACEMENT_3D('',#6186,#6187,#6188);
#6186 = CARTESIAN_POINT('',(137.250077,-25.933329,1.51));
#6187 = DIRECTION('',(-0.,0.,-1.));
#6188 = DIRECTION('',(-0.,-1.,0.));
#6189 = FACE_BOUND('',#6190,.T.);
#6190 = EDGE_LOOP('',(#6191));
#6191 = ORIENTED_EDGE('',*,*,#6192,.T.);
#6192 = EDGE_CURVE('',#6193,#6193,#6195,.T.);
#6193 = VERTEX_POINT('',#6194);
#6194 = CARTESIAN_POINT('',(142.2529,-27.051196,1.51));
#6195 = CIRCLE('',#6196,2.);
#6196 = AXIS2_PLACEMENT_3D('',#6197,#6198,#6199);
#6197 = CARTESIAN_POINT('',(142.2529,-25.051196,1.51));
#6198 = DIRECTION('',(-0.,0.,-1.));
#6199 = DIRECTION('',(-0.,-1.,0.));
#6200 = FACE_BOUND('',#6201,.T.);
#6201 = EDGE_LOOP('',(#6202));
#6202 = ORIENTED_EDGE('',*,*,#6203,.T.);
#6203 = EDGE_CURVE('',#6204,#6204,#6206,.T.);
#6204 = VERTEX_POINT('',#6205);
#6205 = CARTESIAN_POINT('',(147.255723,-25.044063,1.51));
#6206 = CIRCLE('',#6207,0.875);
#6207 = AXIS2_PLACEMENT_3D('',#6208,#6209,#6210);
#6208 = CARTESIAN_POINT('',(147.255723,-24.169063,1.51));
#6209 = DIRECTION('',(-0.,0.,-1.));
#6210 = DIRECTION('',(-0.,-1.,0.));
#6211 = FACE_BOUND('',#6212,.T.);
#6212 = EDGE_LOOP('',(#6213));
#6213 = ORIENTED_EDGE('',*,*,#6214,.T.);
#6214 = EDGE_CURVE('',#6215,#6215,#6217,.T.);
#6215 = VERTEX_POINT('',#6216);
#6216 = CARTESIAN_POINT('',(164.499479,-30.227362,1.51));
#6217 = CIRCLE('',#6218,0.75);
#6218 = AXIS2_PLACEMENT_3D('',#6219,#6220,#6221);
#6219 = CARTESIAN_POINT('',(164.499479,-29.477362,1.51));
#6220 = DIRECTION('',(-0.,0.,-1.));
#6221 = DIRECTION('',(-0.,-1.,0.));
#6222 = FACE_BOUND('',#6223,.T.);
#6223 = EDGE_LOOP('',(#6224));
#6224 = ORIENTED_EDGE('',*,*,#6225,.T.);
#6225 = EDGE_CURVE('',#6226,#6226,#6228,.T.);
#6226 = VERTEX_POINT('',#6227);
#6227 = CARTESIAN_POINT('',(175.474177,-29.361576,1.51));
#6228 = CIRCLE('',#6229,0.875);
#6229 = AXIS2_PLACEMENT_3D('',#6230,#6231,#6232);
#6230 = CARTESIAN_POINT('',(175.474177,-28.486576,1.51));
#6231 = DIRECTION('',(-0.,0.,-1.));
#6232 = DIRECTION('',(-0.,-1.,0.));
#6233 = FACE_BOUND('',#6234,.T.);
#6234 = EDGE_LOOP('',(#6235));
#6235 = ORIENTED_EDGE('',*,*,#6236,.T.);
#6236 = EDGE_CURVE('',#6237,#6237,#6239,.T.);
#6237 = VERTEX_POINT('',#6238);
#6238 = CARTESIAN_POINT('',(176.283816,-26.514631,1.51));
#6239 = CIRCLE('',#6240,0.75);
#6240 = AXIS2_PLACEMENT_3D('',#6241,#6242,#6243);
#6241 = CARTESIAN_POINT('',(176.283816,-25.764631,1.51));
#6242 = DIRECTION('',(-0.,0.,-1.));
#6243 = DIRECTION('',(-0.,-1.,0.));
#6244 = FACE_BOUND('',#6245,.T.);
#6245 = EDGE_LOOP('',(#6246));
#6246 = ORIENTED_EDGE('',*,*,#6247,.T.);
#6247 = EDGE_CURVE('',#6248,#6248,#6250,.T.);
#6248 = VERTEX_POINT('',#6249);
#6249 = CARTESIAN_POINT('',(180.477,-29.604443,1.51));
#6250 = CIRCLE('',#6251,2.);
#6251 = AXIS2_PLACEMENT_3D('',#6252,#6253,#6254);
#6252 = CARTESIAN_POINT('',(180.477,-27.604443,1.51));
#6253 = DIRECTION('',(-0.,0.,-1.));
#6254 = DIRECTION('',(-0.,-1.,0.));
#6255 = FACE_BOUND('',#6256,.T.);
#6256 = EDGE_LOOP('',(#6257));
#6257 = ORIENTED_EDGE('',*,*,#6258,.T.);
#6258 = EDGE_CURVE('',#6259,#6259,#6261,.T.);
#6259 = VERTEX_POINT('',#6260);
#6260 = CARTESIAN_POINT('',(185.479823,-27.59731,1.51));
#6261 = CIRCLE('',#6262,0.875);
#6262 = AXIS2_PLACEMENT_3D('',#6263,#6264,#6265);
#6263 = CARTESIAN_POINT('',(185.479823,-26.72231,1.51));
#6264 = DIRECTION('',(-0.,0.,-1.));
#6265 = DIRECTION('',(-0.,-1.,0.));
#6266 = FACE_BOUND('',#6267,.T.);
#6267 = EDGE_LOOP('',(#6268));
#6268 = ORIENTED_EDGE('',*,*,#6269,.T.);
#6269 = EDGE_CURVE('',#6270,#6270,#6272,.T.);
#6270 = VERTEX_POINT('',#6271);
#6271 = CARTESIAN_POINT('',(204.219879,-40.690948,1.51));
#6272 = CIRCLE('',#6273,0.75);
#6273 = AXIS2_PLACEMENT_3D('',#6274,#6275,#6276);
#6274 = CARTESIAN_POINT('',(204.219879,-39.940948,1.51));
#6275 = DIRECTION('',(-0.,0.,-1.));
#6276 = DIRECTION('',(-0.,-1.,0.));
#6277 = FACE_BOUND('',#6278,.T.);
#6278 = EDGE_LOOP('',(#6279));
#6279 = ORIENTED_EDGE('',*,*,#6280,.T.);
#6280 = EDGE_CURVE('',#6281,#6281,#6283,.T.);
#6281 = VERTEX_POINT('',#6282);
#6282 = CARTESIAN_POINT('',(223.043679,-41.484294,1.51));
#6283 = CIRCLE('',#6284,0.75);
#6284 = AXIS2_PLACEMENT_3D('',#6285,#6286,#6287);
#6285 = CARTESIAN_POINT('',(223.043679,-40.734294,1.51));
#6286 = DIRECTION('',(-0.,0.,-1.));
#6287 = DIRECTION('',(-0.,-1.,0.));
#6288 = FACE_BOUND('',#6289,.T.);
#6289 = EDGE_LOOP('',(#6290));
#6290 = ORIENTED_EDGE('',*,*,#6291,.T.);
#6291 = EDGE_CURVE('',#6292,#6292,#6294,.T.);
#6292 = VERTEX_POINT('',#6293);
#6293 = CARTESIAN_POINT('',(242.008979,-42.240055,1.51));
#6294 = CIRCLE('',#6295,0.75);
#6295 = AXIS2_PLACEMENT_3D('',#6296,#6297,#6298);
#6296 = CARTESIAN_POINT('',(242.008979,-41.490055,1.51));
#6297 = DIRECTION('',(-0.,0.,-1.));
#6298 = DIRECTION('',(-0.,-1.,0.));
#6299 = FACE_BOUND('',#6300,.T.);
#6300 = EDGE_LOOP('',(#6301));
#6301 = ORIENTED_EDGE('',*,*,#6302,.T.);
#6302 = EDGE_CURVE('',#6303,#6303,#6305,.T.);
#6303 = VERTEX_POINT('',#6304);
#6304 = CARTESIAN_POINT('',(255.7,-37.94,1.51));
#6305 = CIRCLE('',#6306,0.599999);
#6306 = AXIS2_PLACEMENT_3D('',#6307,#6308,#6309);
#6307 = CARTESIAN_POINT('',(255.7,-37.340001,1.51));
#6308 = DIRECTION('',(-0.,0.,-1.));
#6309 = DIRECTION('',(-0.,-1.,0.));
#6310 = FACE_BOUND('',#6311,.T.);
#6311 = EDGE_LOOP('',(#6312));
#6312 = ORIENTED_EDGE('',*,*,#6313,.T.);
#6313 = EDGE_CURVE('',#6314,#6314,#6316,.T.);
#6314 = VERTEX_POINT('',#6315);
#6315 = CARTESIAN_POINT('',(194.602077,-30.152068,1.51));
#6316 = CIRCLE('',#6317,0.875);
#6317 = AXIS2_PLACEMENT_3D('',#6318,#6319,#6320);
#6318 = CARTESIAN_POINT('',(194.602077,-29.277068,1.51));
#6319 = DIRECTION('',(-0.,0.,-1.));
#6320 = DIRECTION('',(-0.,-1.,0.));
#6321 = FACE_BOUND('',#6322,.T.);
#6322 = EDGE_LOOP('',(#6323));
#6323 = ORIENTED_EDGE('',*,*,#6324,.T.);
#6324 = EDGE_CURVE('',#6325,#6325,#6327,.T.);
#6325 = VERTEX_POINT('',#6326);
#6326 = CARTESIAN_POINT('',(213.425777,-30.945413,1.51));
#6327 = CIRCLE('',#6328,0.875);
#6328 = AXIS2_PLACEMENT_3D('',#6329,#6330,#6331);
#6329 = CARTESIAN_POINT('',(213.425777,-30.070413,1.51));
#6330 = DIRECTION('',(-0.,0.,-1.));
#6331 = DIRECTION('',(-0.,-1.,0.));
#6332 = FACE_BOUND('',#6333,.T.);
#6333 = EDGE_LOOP('',(#6334));
#6334 = ORIENTED_EDGE('',*,*,#6335,.T.);
#6335 = EDGE_CURVE('',#6336,#6336,#6338,.T.);
#6336 = VERTEX_POINT('',#6337);
#6337 = CARTESIAN_POINT('',(218.4286,-31.18828,1.51));
#6338 = CIRCLE('',#6339,2.);
#6339 = AXIS2_PLACEMENT_3D('',#6340,#6341,#6342);
#6340 = CARTESIAN_POINT('',(218.4286,-29.18828,1.51));
#6341 = DIRECTION('',(-0.,0.,-1.));
#6342 = DIRECTION('',(-0.,-1.,0.));
#6343 = FACE_BOUND('',#6344,.T.);
#6344 = EDGE_LOOP('',(#6345));
#6345 = ORIENTED_EDGE('',*,*,#6346,.T.);
#6346 = EDGE_CURVE('',#6347,#6347,#6349,.T.);
#6347 = VERTEX_POINT('',#6348);
#6348 = CARTESIAN_POINT('',(199.6049,-30.394935,1.51));
#6349 = CIRCLE('',#6350,2.);
#6350 = AXIS2_PLACEMENT_3D('',#6351,#6352,#6353);
#6351 = CARTESIAN_POINT('',(199.6049,-28.394935,1.51));
#6352 = DIRECTION('',(-0.,0.,-1.));
#6353 = DIRECTION('',(-0.,-1.,0.));
#6354 = FACE_BOUND('',#6355,.T.);
#6355 = EDGE_LOOP('',(#6356));
#6356 = ORIENTED_EDGE('',*,*,#6357,.T.);
#6357 = EDGE_CURVE('',#6358,#6358,#6360,.T.);
#6358 = VERTEX_POINT('',#6359);
#6359 = CARTESIAN_POINT('',(195.411716,-27.305123,1.51));
#6360 = CIRCLE('',#6361,0.75);
#6361 = AXIS2_PLACEMENT_3D('',#6362,#6363,#6364);
#6362 = CARTESIAN_POINT('',(195.411716,-26.555123,1.51));
#6363 = DIRECTION('',(-0.,0.,-1.));
#6364 = DIRECTION('',(-0.,-1.,0.));
#6365 = FACE_BOUND('',#6366,.T.);
#6366 = EDGE_LOOP('',(#6367));
#6367 = ORIENTED_EDGE('',*,*,#6368,.T.);
#6368 = EDGE_CURVE('',#6369,#6369,#6371,.T.);
#6369 = VERTEX_POINT('',#6370);
#6370 = CARTESIAN_POINT('',(204.607723,-28.387802,1.51));
#6371 = CIRCLE('',#6372,0.875);
#6372 = AXIS2_PLACEMENT_3D('',#6373,#6374,#6375);
#6373 = CARTESIAN_POINT('',(204.607723,-27.512802,1.51));
#6374 = DIRECTION('',(-0.,0.,-1.));
#6375 = DIRECTION('',(-0.,-1.,0.));
#6376 = FACE_BOUND('',#6377,.T.);
#6377 = EDGE_LOOP('',(#6378));
#6378 = ORIENTED_EDGE('',*,*,#6379,.T.);
#6379 = EDGE_CURVE('',#6380,#6380,#6382,.T.);
#6380 = VERTEX_POINT('',#6381);
#6381 = CARTESIAN_POINT('',(214.235416,-28.098468,1.51));
#6382 = CIRCLE('',#6383,0.75);
#6383 = AXIS2_PLACEMENT_3D('',#6384,#6385,#6386);
#6384 = CARTESIAN_POINT('',(214.235416,-27.348468,1.51));
#6385 = DIRECTION('',(-0.,0.,-1.));
#6386 = DIRECTION('',(-0.,-1.,0.));
#6387 = FACE_BOUND('',#6388,.T.);
#6388 = EDGE_LOOP('',(#6389));
#6389 = ORIENTED_EDGE('',*,*,#6390,.T.);
#6390 = EDGE_CURVE('',#6391,#6391,#6393,.T.);
#6391 = VERTEX_POINT('',#6392);
#6392 = CARTESIAN_POINT('',(223.431423,-29.181147,1.51));
#6393 = CIRCLE('',#6394,0.875);
#6394 = AXIS2_PLACEMENT_3D('',#6395,#6396,#6397);
#6395 = CARTESIAN_POINT('',(223.431423,-28.306147,1.51));
#6396 = DIRECTION('',(-0.,0.,-1.));
#6397 = DIRECTION('',(-0.,-1.,0.));
#6398 = FACE_BOUND('',#6399,.T.);
#6399 = EDGE_LOOP('',(#6400));
#6400 = ORIENTED_EDGE('',*,*,#6401,.T.);
#6401 = EDGE_CURVE('',#6402,#6402,#6404,.T.);
#6402 = VERTEX_POINT('',#6403);
#6403 = CARTESIAN_POINT('',(220.047879,-24.49439,1.51));
#6404 = CIRCLE('',#6405,0.75);
#6405 = AXIS2_PLACEMENT_3D('',#6406,#6407,#6408);
#6406 = CARTESIAN_POINT('',(220.047879,-23.74439,1.51));
#6407 = DIRECTION('',(-0.,0.,-1.));
#6408 = DIRECTION('',(-0.,-1.,0.));
#6409 = FACE_BOUND('',#6410,.T.);
#6410 = EDGE_LOOP('',(#6411));
#6411 = ORIENTED_EDGE('',*,*,#6412,.T.);
#6412 = EDGE_CURVE('',#6413,#6413,#6415,.T.);
#6413 = VERTEX_POINT('',#6414);
#6414 = CARTESIAN_POINT('',(232.750577,-31.701175,1.51));
#6415 = CIRCLE('',#6416,0.875);
#6416 = AXIS2_PLACEMENT_3D('',#6417,#6418,#6419);
#6417 = CARTESIAN_POINT('',(232.750577,-30.826175,1.51));
#6418 = DIRECTION('',(-0.,0.,-1.));
#6419 = DIRECTION('',(-0.,-1.,0.));
#6420 = FACE_BOUND('',#6421,.T.);
#6421 = EDGE_LOOP('',(#6422));
#6422 = ORIENTED_EDGE('',*,*,#6423,.T.);
#6423 = EDGE_CURVE('',#6424,#6424,#6426,.T.);
#6424 = VERTEX_POINT('',#6425);
#6425 = CARTESIAN_POINT('',(237.7534,-31.944042,1.51));
#6426 = CIRCLE('',#6427,2.);
#6427 = AXIS2_PLACEMENT_3D('',#6428,#6429,#6430);
#6428 = CARTESIAN_POINT('',(237.7534,-29.944042,1.51));
#6429 = DIRECTION('',(-0.,0.,-1.));
#6430 = DIRECTION('',(-0.,-1.,0.));
#6431 = FACE_BOUND('',#6432,.T.);
#6432 = EDGE_LOOP('',(#6433));
#6433 = ORIENTED_EDGE('',*,*,#6434,.T.);
#6434 = EDGE_CURVE('',#6435,#6435,#6437,.T.);
#6435 = VERTEX_POINT('',#6436);
#6436 = CARTESIAN_POINT('',(255.7,-32.859998,1.51));
#6437 = CIRCLE('',#6438,0.599999);
#6438 = AXIS2_PLACEMENT_3D('',#6439,#6440,#6441);
#6439 = CARTESIAN_POINT('',(255.7,-32.259999,1.51));
#6440 = DIRECTION('',(-0.,0.,-1.));
#6441 = DIRECTION('',(-0.,-1.,0.));
#6442 = FACE_BOUND('',#6443,.T.);
#6443 = EDGE_LOOP('',(#6444));
#6444 = ORIENTED_EDGE('',*,*,#6445,.T.);
#6445 = EDGE_CURVE('',#6446,#6446,#6448,.T.);
#6446 = VERTEX_POINT('',#6447);
#6447 = CARTESIAN_POINT('',(242.756223,-29.936909,1.51));
#6448 = CIRCLE('',#6449,0.875);
#6449 = AXIS2_PLACEMENT_3D('',#6450,#6451,#6452);
#6450 = CARTESIAN_POINT('',(242.756223,-29.061909,1.51));
#6451 = DIRECTION('',(-0.,0.,-1.));
#6452 = DIRECTION('',(-0.,-1.,0.));
#6453 = FACE_BOUND('',#6454,.T.);
#6454 = EDGE_LOOP('',(#6455));
#6455 = ORIENTED_EDGE('',*,*,#6456,.T.);
#6456 = EDGE_CURVE('',#6457,#6457,#6459,.T.);
#6457 = VERTEX_POINT('',#6458);
#6458 = CARTESIAN_POINT('',(233.560216,-28.85423,1.51));
#6459 = CIRCLE('',#6460,0.75);
#6460 = AXIS2_PLACEMENT_3D('',#6461,#6462,#6463);
#6461 = CARTESIAN_POINT('',(233.560216,-28.10423,1.51));
#6462 = DIRECTION('',(-0.,0.,-1.));
#6463 = DIRECTION('',(-0.,-1.,0.));
#6464 = FACE_BOUND('',#6465,.T.);
#6465 = EDGE_LOOP('',(#6466));
#6466 = ORIENTED_EDGE('',*,*,#6467,.T.);
#6467 = EDGE_CURVE('',#6468,#6468,#6470,.T.);
#6468 = VERTEX_POINT('',#6469);
#6469 = CARTESIAN_POINT('',(239.372679,-25.250152,1.51));
#6470 = CIRCLE('',#6471,0.75);
#6471 = AXIS2_PLACEMENT_3D('',#6472,#6473,#6474);
#6472 = CARTESIAN_POINT('',(239.372679,-24.500152,1.51));
#6473 = DIRECTION('',(-0.,0.,-1.));
#6474 = DIRECTION('',(-0.,-1.,0.));
#6475 = FACE_BOUND('',#6476,.T.);
#6476 = EDGE_LOOP('',(#6477));
#6477 = ORIENTED_EDGE('',*,*,#6478,.T.);
#6478 = EDGE_CURVE('',#6479,#6479,#6481,.T.);
#6479 = VERTEX_POINT('',#6480);
#6480 = CARTESIAN_POINT('',(255.699999,-25.240001,1.51));
#6481 = CIRCLE('',#6482,0.599999);
#6482 = AXIS2_PLACEMENT_3D('',#6483,#6484,#6485);
#6483 = CARTESIAN_POINT('',(255.699999,-24.640002,1.51));
#6484 = DIRECTION('',(-0.,0.,-1.));
#6485 = DIRECTION('',(-0.,-1.,0.));
#6486 = FACE_BOUND('',#6487,.T.);
#6487 = EDGE_LOOP('',(#6488));
#6488 = ORIENTED_EDGE('',*,*,#6489,.T.);
#6489 = EDGE_CURVE('',#6490,#6490,#6492,.T.);
#6490 = VERTEX_POINT('',#6491);
#6491 = CARTESIAN_POINT('',(138.059716,-23.961384,1.51));
#6492 = CIRCLE('',#6493,0.75);
#6493 = AXIS2_PLACEMENT_3D('',#6494,#6495,#6496);
#6494 = CARTESIAN_POINT('',(138.059716,-23.211384,1.51));
#6495 = DIRECTION('',(-0.,0.,-1.));
#6496 = DIRECTION('',(-0.,-1.,0.));
#6497 = FACE_BOUND('',#6498,.T.);
#6498 = EDGE_LOOP('',(#6499));
#6499 = ORIENTED_EDGE('',*,*,#6500,.T.);
#6500 = EDGE_CURVE('',#6501,#6501,#6503,.T.);
#6501 = VERTEX_POINT('',#6502);
#6502 = CARTESIAN_POINT('',(143.872179,-20.357306,1.51));
#6503 = CIRCLE('',#6504,0.75);
#6504 = AXIS2_PLACEMENT_3D('',#6505,#6506,#6507);
#6505 = CARTESIAN_POINT('',(143.872179,-19.607306,1.51));
#6506 = DIRECTION('',(-0.,0.,-1.));
#6507 = DIRECTION('',(-0.,-1.,0.));
#6508 = FACE_BOUND('',#6509,.T.);
#6509 = EDGE_LOOP('',(#6510));
#6510 = ORIENTED_EDGE('',*,*,#6511,.T.);
#6511 = EDGE_CURVE('',#6512,#6512,#6514,.T.);
#6512 = VERTEX_POINT('',#6513);
#6513 = CARTESIAN_POINT('',(154.881577,-19.688482,1.51));
#6514 = CIRCLE('',#6515,0.875);
#6515 = AXIS2_PLACEMENT_3D('',#6516,#6517,#6518);
#6516 = CARTESIAN_POINT('',(154.881577,-18.813482,1.51));
#6517 = DIRECTION('',(-0.,0.,-1.));
#6518 = DIRECTION('',(-0.,-1.,0.));
#6519 = FACE_BOUND('',#6520,.T.);
#6520 = EDGE_LOOP('',(#6521));
#6521 = ORIENTED_EDGE('',*,*,#6522,.T.);
#6522 = EDGE_CURVE('',#6523,#6523,#6525,.T.);
#6523 = VERTEX_POINT('',#6524);
#6524 = CARTESIAN_POINT('',(159.8844,-19.931349,1.51));
#6525 = CIRCLE('',#6526,2.);
#6526 = AXIS2_PLACEMENT_3D('',#6527,#6528,#6529);
#6527 = CARTESIAN_POINT('',(159.8844,-17.931349,1.51));
#6528 = DIRECTION('',(-0.,0.,-1.));
#6529 = DIRECTION('',(-0.,-1.,0.));
#6530 = FACE_BOUND('',#6531,.T.);
#6531 = EDGE_LOOP('',(#6532));
#6532 = ORIENTED_EDGE('',*,*,#6533,.T.);
#6533 = EDGE_CURVE('',#6534,#6534,#6536,.T.);
#6534 = VERTEX_POINT('',#6535);
#6535 = CARTESIAN_POINT('',(155.691216,-16.841537,1.51));
#6536 = CIRCLE('',#6537,0.75);
#6537 = AXIS2_PLACEMENT_3D('',#6538,#6539,#6540);
#6538 = CARTESIAN_POINT('',(155.691216,-16.091537,1.51));
#6539 = DIRECTION('',(-0.,0.,-1.));
#6540 = DIRECTION('',(-0.,-1.,0.));
#6541 = FACE_BOUND('',#6542,.T.);
#6542 = EDGE_LOOP('',(#6543));
#6543 = ORIENTED_EDGE('',*,*,#6544,.T.);
#6544 = EDGE_CURVE('',#6545,#6545,#6547,.T.);
#6545 = VERTEX_POINT('',#6546);
#6546 = CARTESIAN_POINT('',(182.096279,-22.910553,1.51));
#6547 = CIRCLE('',#6548,0.75);
#6548 = AXIS2_PLACEMENT_3D('',#6549,#6550,#6551);
#6549 = CARTESIAN_POINT('',(182.096279,-22.160553,1.51));
#6550 = DIRECTION('',(-0.,0.,-1.));
#6551 = DIRECTION('',(-0.,-1.,0.));
#6552 = FACE_BOUND('',#6553,.T.);
#6553 = EDGE_LOOP('',(#6554));
#6554 = ORIENTED_EDGE('',*,*,#6555,.T.);
#6555 = EDGE_CURVE('',#6556,#6556,#6558,.T.);
#6556 = VERTEX_POINT('',#6557);
#6557 = CARTESIAN_POINT('',(164.887223,-17.924216,1.51));
#6558 = CIRCLE('',#6559,0.875);
#6559 = AXIS2_PLACEMENT_3D('',#6560,#6561,#6562);
#6560 = CARTESIAN_POINT('',(164.887223,-17.049216,1.51));
#6561 = DIRECTION('',(-0.,0.,-1.));
#6562 = DIRECTION('',(-0.,-1.,0.));
#6563 = FACE_BOUND('',#6564,.T.);
#6564 = EDGE_LOOP('',(#6565));
#6565 = ORIENTED_EDGE('',*,*,#6566,.T.);
#6566 = EDGE_CURVE('',#6567,#6567,#6569,.T.);
#6567 = VERTEX_POINT('',#6568);
#6568 = CARTESIAN_POINT('',(161.503679,-13.237459,1.51));
#6569 = CIRCLE('',#6570,0.75);
#6570 = AXIS2_PLACEMENT_3D('',#6571,#6572,#6573);
#6571 = CARTESIAN_POINT('',(161.503679,-12.487459,1.51));
#6572 = DIRECTION('',(-0.,0.,-1.));
#6573 = DIRECTION('',(-0.,-1.,0.));
#6574 = FACE_BOUND('',#6575,.T.);
#6575 = EDGE_LOOP('',(#6576));
#6576 = ORIENTED_EDGE('',*,*,#6577,.T.);
#6577 = EDGE_CURVE('',#6578,#6578,#6580,.T.);
#6578 = VERTEX_POINT('',#6579);
#6579 = CARTESIAN_POINT('',(172.478377,-12.371675,1.51));
#6580 = CIRCLE('',#6581,0.875);
#6581 = AXIS2_PLACEMENT_3D('',#6582,#6583,#6584);
#6582 = CARTESIAN_POINT('',(172.478377,-11.496675,1.51));
#6583 = DIRECTION('',(-0.,0.,-1.));
#6584 = DIRECTION('',(-0.,-1.,0.));
#6585 = FACE_BOUND('',#6586,.T.);
#6586 = EDGE_LOOP('',(#6587));
#6587 = ORIENTED_EDGE('',*,*,#6588,.T.);
#6588 = EDGE_CURVE('',#6589,#6589,#6591,.T.);
#6589 = VERTEX_POINT('',#6590);
#6590 = CARTESIAN_POINT('',(191.606277,-13.162164,1.51));
#6591 = CIRCLE('',#6592,0.875);
#6592 = AXIS2_PLACEMENT_3D('',#6593,#6594,#6595);
#6593 = CARTESIAN_POINT('',(191.606277,-12.287164,1.51));
#6594 = DIRECTION('',(-0.,0.,-1.));
#6595 = DIRECTION('',(-0.,-1.,0.));
#6596 = FACE_BOUND('',#6597,.T.);
#6597 = EDGE_LOOP('',(#6598));
#6598 = ORIENTED_EDGE('',*,*,#6599,.T.);
#6599 = EDGE_CURVE('',#6600,#6600,#6602,.T.);
#6600 = VERTEX_POINT('',#6601);
#6601 = CARTESIAN_POINT('',(177.4812,-12.614542,1.51));
#6602 = CIRCLE('',#6603,2.);
#6603 = AXIS2_PLACEMENT_3D('',#6604,#6605,#6606);
#6604 = CARTESIAN_POINT('',(177.4812,-10.614542,1.51));
#6605 = DIRECTION('',(-0.,0.,-1.));
#6606 = DIRECTION('',(-0.,-1.,0.));
#6607 = FACE_BOUND('',#6608,.T.);
#6608 = EDGE_LOOP('',(#6609));
#6609 = ORIENTED_EDGE('',*,*,#6610,.T.);
#6610 = EDGE_CURVE('',#6611,#6611,#6613,.T.);
#6611 = VERTEX_POINT('',#6612);
#6612 = CARTESIAN_POINT('',(182.484023,-10.607409,1.51));
#6613 = CIRCLE('',#6614,0.875);
#6614 = AXIS2_PLACEMENT_3D('',#6615,#6616,#6617);
#6615 = CARTESIAN_POINT('',(182.484023,-9.732409,1.51));
#6616 = DIRECTION('',(-0.,0.,-1.));
#6617 = DIRECTION('',(-0.,-1.,0.));
#6618 = FACE_BOUND('',#6619,.T.);
#6619 = EDGE_LOOP('',(#6620));
#6620 = ORIENTED_EDGE('',*,*,#6621,.T.);
#6621 = EDGE_CURVE('',#6622,#6622,#6624,.T.);
#6622 = VERTEX_POINT('',#6623);
#6623 = CARTESIAN_POINT('',(192.415916,-10.315219,1.51));
#6624 = CIRCLE('',#6625,0.75);
#6625 = AXIS2_PLACEMENT_3D('',#6626,#6627,#6628);
#6626 = CARTESIAN_POINT('',(192.415916,-9.565219,1.51));
#6627 = DIRECTION('',(-0.,0.,-1.));
#6628 = DIRECTION('',(-0.,-1.,0.));
#6629 = FACE_BOUND('',#6630,.T.);
#6630 = EDGE_LOOP('',(#6631));
#6631 = ORIENTED_EDGE('',*,*,#6632,.T.);
#6632 = EDGE_CURVE('',#6633,#6633,#6635,.T.);
#6633 = VERTEX_POINT('',#6634);
#6634 = CARTESIAN_POINT('',(173.288016,-9.52473,1.51));
#6635 = CIRCLE('',#6636,0.75);
#6636 = AXIS2_PLACEMENT_3D('',#6637,#6638,#6639);
#6637 = CARTESIAN_POINT('',(173.288016,-8.77473,1.51));
#6638 = DIRECTION('',(-0.,0.,-1.));
#6639 = DIRECTION('',(-0.,-1.,0.));
#6640 = FACE_BOUND('',#6641,.T.);
#6641 = EDGE_LOOP('',(#6642));
#6642 = ORIENTED_EDGE('',*,*,#6643,.T.);
#6643 = EDGE_CURVE('',#6644,#6644,#6646,.T.);
#6644 = VERTEX_POINT('',#6645);
#6645 = CARTESIAN_POINT('',(179.100479,-5.920652,1.51));
#6646 = CIRCLE('',#6647,0.75);
#6647 = AXIS2_PLACEMENT_3D('',#6648,#6649,#6650);
#6648 = CARTESIAN_POINT('',(179.100479,-5.170652,1.51));
#6649 = DIRECTION('',(-0.,0.,-1.));
#6650 = DIRECTION('',(-0.,-1.,0.));
#6651 = FACE_BOUND('',#6652,.T.);
#6652 = EDGE_LOOP('',(#6653));
#6653 = ORIENTED_EDGE('',*,*,#6654,.T.);
#6654 = EDGE_CURVE('',#6655,#6655,#6657,.T.);
#6655 = VERTEX_POINT('',#6656);
#6656 = CARTESIAN_POINT('',(201.224179,-23.701045,1.51));
#6657 = CIRCLE('',#6658,0.75);
#6658 = AXIS2_PLACEMENT_3D('',#6659,#6660,#6661);
#6659 = CARTESIAN_POINT('',(201.224179,-22.951045,1.51));
#6660 = DIRECTION('',(-0.,0.,-1.));
#6661 = DIRECTION('',(-0.,-1.,0.));
#6662 = FACE_BOUND('',#6663,.T.);
#6663 = EDGE_LOOP('',(#6664));
#6664 = ORIENTED_EDGE('',*,*,#6665,.T.);
#6665 = EDGE_CURVE('',#6666,#6666,#6668,.T.);
#6666 = VERTEX_POINT('',#6667);
#6667 = CARTESIAN_POINT('',(255.699999,-20.159999,1.51));
#6668 = CIRCLE('',#6669,0.599999);
#6669 = AXIS2_PLACEMENT_3D('',#6670,#6671,#6672);
#6670 = CARTESIAN_POINT('',(255.699999,-19.56,1.51));
#6671 = DIRECTION('',(-0.,0.,-1.));
#6672 = DIRECTION('',(-0.,-1.,0.));
#6673 = FACE_BOUND('',#6674,.T.);
#6674 = EDGE_LOOP('',(#6675));
#6675 = ORIENTED_EDGE('',*,*,#6676,.T.);
#6676 = EDGE_CURVE('',#6677,#6677,#6679,.T.);
#6677 = VERTEX_POINT('',#6678);
#6678 = CARTESIAN_POINT('',(196.6091,-13.405031,1.51));
#6679 = CIRCLE('',#6680,2.);
#6680 = AXIS2_PLACEMENT_3D('',#6681,#6682,#6683);
#6681 = CARTESIAN_POINT('',(196.6091,-11.405031,1.51));
#6682 = DIRECTION('',(-0.,0.,-1.));
#6683 = DIRECTION('',(-0.,-1.,0.));
#6684 = FACE_BOUND('',#6685,.T.);
#6685 = EDGE_LOOP('',(#6686));
#6686 = ORIENTED_EDGE('',*,*,#6687,.T.);
#6687 = EDGE_CURVE('',#6688,#6688,#6690,.T.);
#6688 = VERTEX_POINT('',#6689);
#6689 = CARTESIAN_POINT('',(201.611923,-11.397898,1.51));
#6690 = CIRCLE('',#6691,0.875);
#6691 = AXIS2_PLACEMENT_3D('',#6692,#6693,#6694);
#6692 = CARTESIAN_POINT('',(201.611923,-10.522898,1.51));
#6693 = DIRECTION('',(-0.,0.,-1.));
#6694 = DIRECTION('',(-0.,-1.,0.));
#6695 = FACE_BOUND('',#6696,.T.);
#6696 = EDGE_LOOP('',(#6697));
#6697 = ORIENTED_EDGE('',*,*,#6698,.T.);
#6698 = EDGE_CURVE('',#6699,#6699,#6701,.T.);
#6699 = VERTEX_POINT('',#6700);
#6700 = CARTESIAN_POINT('',(210.429977,-13.955509,1.51));
#6701 = CIRCLE('',#6702,0.875);
#6702 = AXIS2_PLACEMENT_3D('',#6703,#6704,#6705);
#6703 = CARTESIAN_POINT('',(210.429977,-13.080509,1.51));
#6704 = DIRECTION('',(-0.,0.,-1.));
#6705 = DIRECTION('',(-0.,-1.,0.));
#6706 = FACE_BOUND('',#6707,.T.);
#6707 = EDGE_LOOP('',(#6708));
#6708 = ORIENTED_EDGE('',*,*,#6709,.T.);
#6709 = EDGE_CURVE('',#6710,#6710,#6712,.T.);
#6710 = VERTEX_POINT('',#6711);
#6711 = CARTESIAN_POINT('',(215.4328,-14.198376,1.51));
#6712 = CIRCLE('',#6713,2.);
#6713 = AXIS2_PLACEMENT_3D('',#6714,#6715,#6716);
#6714 = CARTESIAN_POINT('',(215.4328,-12.198376,1.51));
#6715 = DIRECTION('',(-0.,0.,-1.));
#6716 = DIRECTION('',(-0.,-1.,0.));
#6717 = FACE_BOUND('',#6718,.T.);
#6718 = EDGE_LOOP('',(#6719));
#6719 = ORIENTED_EDGE('',*,*,#6720,.T.);
#6720 = EDGE_CURVE('',#6721,#6721,#6723,.T.);
#6721 = VERTEX_POINT('',#6722);
#6722 = CARTESIAN_POINT('',(211.239616,-11.108564,1.51));
#6723 = CIRCLE('',#6724,0.75);
#6724 = AXIS2_PLACEMENT_3D('',#6725,#6726,#6727);
#6725 = CARTESIAN_POINT('',(211.239616,-10.358564,1.51));
#6726 = DIRECTION('',(-0.,0.,-1.));
#6727 = DIRECTION('',(-0.,-1.,0.));
#6728 = FACE_BOUND('',#6729,.T.);
#6729 = EDGE_LOOP('',(#6730));
#6730 = ORIENTED_EDGE('',*,*,#6731,.T.);
#6731 = EDGE_CURVE('',#6732,#6732,#6734,.T.);
#6732 = VERTEX_POINT('',#6733);
#6733 = CARTESIAN_POINT('',(220.435623,-12.191243,1.51));
#6734 = CIRCLE('',#6735,0.875);
#6735 = AXIS2_PLACEMENT_3D('',#6736,#6737,#6738);
#6736 = CARTESIAN_POINT('',(220.435623,-11.316243,1.51));
#6737 = DIRECTION('',(-0.,0.,-1.));
#6738 = DIRECTION('',(-0.,-1.,0.));
#6739 = FACE_BOUND('',#6740,.T.);
#6740 = EDGE_LOOP('',(#6741));
#6741 = ORIENTED_EDGE('',*,*,#6742,.T.);
#6742 = EDGE_CURVE('',#6743,#6743,#6745,.T.);
#6743 = VERTEX_POINT('',#6744);
#6744 = CARTESIAN_POINT('',(198.228379,-6.711141,1.51));
#6745 = CIRCLE('',#6746,0.75);
#6746 = AXIS2_PLACEMENT_3D('',#6747,#6748,#6749);
#6747 = CARTESIAN_POINT('',(198.228379,-5.961141,1.51));
#6748 = DIRECTION('',(-0.,0.,-1.));
#6749 = DIRECTION('',(-0.,-1.,0.));
#6750 = FACE_BOUND('',#6751,.T.);
#6751 = EDGE_LOOP('',(#6752));
#6752 = ORIENTED_EDGE('',*,*,#6753,.T.);
#6753 = EDGE_CURVE('',#6754,#6754,#6756,.T.);
#6754 = VERTEX_POINT('',#6755);
#6755 = CARTESIAN_POINT('',(217.052079,-7.504486,1.51));
#6756 = CIRCLE('',#6757,0.75);
#6757 = AXIS2_PLACEMENT_3D('',#6758,#6759,#6760);
#6758 = CARTESIAN_POINT('',(217.052079,-6.754486,1.51));
#6759 = DIRECTION('',(-0.,0.,-1.));
#6760 = DIRECTION('',(-0.,-1.,0.));
#6761 = FACE_BOUND('',#6762,.T.);
#6762 = EDGE_LOOP('',(#6763));
#6763 = ORIENTED_EDGE('',*,*,#6764,.T.);
#6764 = EDGE_CURVE('',#6765,#6765,#6767,.T.);
#6765 = VERTEX_POINT('',#6766);
#6766 = CARTESIAN_POINT('',(229.754777,-14.711272,1.51));
#6767 = CIRCLE('',#6768,0.875);
#6768 = AXIS2_PLACEMENT_3D('',#6769,#6770,#6771);
#6769 = CARTESIAN_POINT('',(229.754777,-13.836272,1.51));
#6770 = DIRECTION('',(-0.,0.,-1.));
#6771 = DIRECTION('',(-0.,-1.,0.));
#6772 = FACE_BOUND('',#6773,.T.);
#6773 = EDGE_LOOP('',(#6774));
#6774 = ORIENTED_EDGE('',*,*,#6775,.T.);
#6775 = EDGE_CURVE('',#6776,#6776,#6778,.T.);
#6776 = VERTEX_POINT('',#6777);
#6777 = CARTESIAN_POINT('',(234.7576,-14.954139,1.51));
#6778 = CIRCLE('',#6779,2.);
#6779 = AXIS2_PLACEMENT_3D('',#6780,#6781,#6782);
#6780 = CARTESIAN_POINT('',(234.7576,-12.954139,1.51));
#6781 = DIRECTION('',(-0.,0.,-1.));
#6782 = DIRECTION('',(-0.,-1.,0.));
#6783 = FACE_BOUND('',#6784,.T.);
#6784 = EDGE_LOOP('',(#6785));
#6785 = ORIENTED_EDGE('',*,*,#6786,.T.);
#6786 = EDGE_CURVE('',#6787,#6787,#6789,.T.);
#6787 = VERTEX_POINT('',#6788);
#6788 = CARTESIAN_POINT('',(239.760423,-12.947006,1.51));
#6789 = CIRCLE('',#6790,0.875);
#6790 = AXIS2_PLACEMENT_3D('',#6791,#6792,#6793);
#6791 = CARTESIAN_POINT('',(239.760423,-12.072006,1.51));
#6792 = DIRECTION('',(-0.,0.,-1.));
#6793 = DIRECTION('',(-0.,-1.,0.));
#6794 = FACE_BOUND('',#6795,.T.);
#6795 = EDGE_LOOP('',(#6796));
#6796 = ORIENTED_EDGE('',*,*,#6797,.T.);
#6797 = EDGE_CURVE('',#6798,#6798,#6800,.T.);
#6798 = VERTEX_POINT('',#6799);
#6799 = CARTESIAN_POINT('',(230.564416,-11.864327,1.51));
#6800 = CIRCLE('',#6801,0.75);
#6801 = AXIS2_PLACEMENT_3D('',#6802,#6803,#6804);
#6802 = CARTESIAN_POINT('',(230.564416,-11.114327,1.51));
#6803 = DIRECTION('',(-0.,0.,-1.));
#6804 = DIRECTION('',(-0.,-1.,0.));
#6805 = FACE_BOUND('',#6806,.T.);
#6806 = EDGE_LOOP('',(#6807));
#6807 = ORIENTED_EDGE('',*,*,#6808,.T.);
#6808 = EDGE_CURVE('',#6809,#6809,#6811,.T.);
#6809 = VERTEX_POINT('',#6810);
#6810 = CARTESIAN_POINT('',(255.7,-12.599999,1.51));
#6811 = CIRCLE('',#6812,0.599999);
#6812 = AXIS2_PLACEMENT_3D('',#6813,#6814,#6815);
#6813 = CARTESIAN_POINT('',(255.7,-12.,1.51));
#6814 = DIRECTION('',(-0.,0.,-1.));
#6815 = DIRECTION('',(-0.,-1.,0.));
#6816 = FACE_BOUND('',#6817,.T.);
#6817 = EDGE_LOOP('',(#6818));
#6818 = ORIENTED_EDGE('',*,*,#6819,.T.);
#6819 = EDGE_CURVE('',#6820,#6820,#6822,.T.);
#6820 = VERTEX_POINT('',#6821);
#6821 = CARTESIAN_POINT('',(236.376879,-8.260249,1.51));
#6822 = CIRCLE('',#6823,0.75);
#6823 = AXIS2_PLACEMENT_3D('',#6824,#6825,#6826);
#6824 = CARTESIAN_POINT('',(236.376879,-7.510249,1.51));
#6825 = DIRECTION('',(-0.,0.,-1.));
#6826 = DIRECTION('',(-0.,-1.,0.));
#6827 = FACE_BOUND('',#6828,.T.);
#6828 = EDGE_LOOP('',(#6829));
#6829 = ORIENTED_EDGE('',*,*,#6830,.T.);
#6830 = EDGE_CURVE('',#6831,#6831,#6833,.T.);
#6831 = VERTEX_POINT('',#6832);
#6832 = CARTESIAN_POINT('',(255.7,-7.519997,1.51));
#6833 = CIRCLE('',#6834,0.599999);
#6834 = AXIS2_PLACEMENT_3D('',#6835,#6836,#6837);
#6835 = CARTESIAN_POINT('',(255.7,-6.919998,1.51));
#6836 = DIRECTION('',(-0.,0.,-1.));
#6837 = DIRECTION('',(-0.,-1.,0.));
#6838 = PLANE('',#6839);
#6839 = AXIS2_PLACEMENT_3D('',#6840,#6841,#6842);
#6840 = CARTESIAN_POINT('',(0.,0.,1.51));
#6841 = DIRECTION('',(0.,0.,1.));
#6842 = DIRECTION('',(1.,0.,-0.));
#6843 = ADVANCED_FACE('',(#6844),#6855,.T.);
#6844 = FACE_BOUND('',#6845,.T.);
#6845 = EDGE_LOOP('',(#6846,#6852,#6853,#6854));
#6846 = ORIENTED_EDGE('',*,*,#6847,.T.);
#6847 = EDGE_CURVE('',#144,#3497,#6848,.T.);
#6848 = LINE('',#6849,#6850);
#6849 = CARTESIAN_POINT('',(3.,-0.,0.));
#6850 = VECTOR('',#6851,1.);
#6851 = DIRECTION('',(0.,0.,1.));
#6852 = ORIENTED_EDGE('',*,*,#3496,.T.);
#6853 = ORIENTED_EDGE('',*,*,#79,.F.);
#6854 = ORIENTED_EDGE('',*,*,#143,.F.);
#6855 = PLANE('',#6856);
#6856 = AXIS2_PLACEMENT_3D('',#6857,#6858,#6859);
#6857 = CARTESIAN_POINT('',(3.,0.,0.));
#6858 = DIRECTION('',(-1.581245492363E-08,1.,0.));
#6859 = DIRECTION('',(1.,1.581245492363E-08,0.));
#6860 = ADVANCED_FACE('',(#6861),#6872,.T.);
#6861 = FACE_BOUND('',#6862,.T.);
#6862 = EDGE_LOOP('',(#6863,#6864,#6865,#6871));
#6863 = ORIENTED_EDGE('',*,*,#119,.T.);
#6864 = ORIENTED_EDGE('',*,*,#4136,.T.);
#6865 = ORIENTED_EDGE('',*,*,#6866,.F.);
#6866 = EDGE_CURVE('',#776,#4129,#6867,.T.);
#6867 = LINE('',#6868,#6869);
#6868 = CARTESIAN_POINT('',(256.955382,-0.128902,0.));
#6869 = VECTOR('',#6870,1.);
#6870 = DIRECTION('',(0.,0.,1.));
#6871 = ORIENTED_EDGE('',*,*,#783,.F.);
#6872 = PLANE('',#6873);
#6873 = AXIS2_PLACEMENT_3D('',#6874,#6875,#6876);
#6874 = CARTESIAN_POINT('',(256.732268,-7.4154E-02,0.));
#6875 = DIRECTION('',(0.238311545763,0.971188759797,-0.));
#6876 = DIRECTION('',(0.971188759797,-0.238311545763,0.));
#6877 = ADVANCED_FACE('',(#6878),#6889,.T.);
#6878 = FACE_BOUND('',#6879,.T.);
#6879 = EDGE_LOOP('',(#6880,#6886,#6887,#6888));
#6880 = ORIENTED_EDGE('',*,*,#6881,.T.);
#6881 = EDGE_CURVE('',#152,#3505,#6882,.T.);
#6882 = LINE('',#6883,#6884);
#6883 = CARTESIAN_POINT('',(2.727448,-8.606E-03,0.));
#6884 = VECTOR('',#6885,1.);
#6885 = DIRECTION('',(0.,0.,1.));
#6886 = ORIENTED_EDGE('',*,*,#3504,.T.);
#6887 = ORIENTED_EDGE('',*,*,#6847,.F.);
#6888 = ORIENTED_EDGE('',*,*,#151,.F.);
#6889 = PLANE('',#6890);
#6890 = AXIS2_PLACEMENT_3D('',#6891,#6892,#6893);
#6891 = CARTESIAN_POINT('',(2.727448,-8.606E-03,0.));
#6892 = DIRECTION('',(-3.155989692852E-02,0.999501862382,0.));
#6893 = DIRECTION('',(0.999501862382,3.155989692852E-02,0.));
#6894 = ADVANCED_FACE('',(#6895),#6906,.T.);
#6895 = FACE_BOUND('',#6896,.T.);
#6896 = EDGE_LOOP('',(#6897,#6898,#6899,#6905));
#6897 = ORIENTED_EDGE('',*,*,#6866,.T.);
#6898 = ORIENTED_EDGE('',*,*,#4128,.T.);
#6899 = ORIENTED_EDGE('',*,*,#6900,.F.);
#6900 = EDGE_CURVE('',#768,#4121,#6901,.T.);
#6901 = LINE('',#6902,#6903);
#6902 = CARTESIAN_POINT('',(257.163116,-0.196834,0.));
#6903 = VECTOR('',#6904,1.);
#6904 = DIRECTION('',(0.,0.,1.));
#6905 = ORIENTED_EDGE('',*,*,#775,.F.);
#6906 = PLANE('',#6907);
#6907 = AXIS2_PLACEMENT_3D('',#6908,#6909,#6910);
#6908 = CARTESIAN_POINT('',(256.955382,-0.128902,0.));
#6909 = DIRECTION('',(0.310817235066,0.950469697774,-0.));
#6910 = DIRECTION('',(0.950469697774,-0.310817235066,0.));
#6911 = ADVANCED_FACE('',(#6912),#6923,.T.);
#6912 = FACE_BOUND('',#6913,.T.);
#6913 = EDGE_LOOP('',(#6914,#6920,#6921,#6922));
#6914 = ORIENTED_EDGE('',*,*,#6915,.T.);
#6915 = EDGE_CURVE('',#160,#3513,#6916,.T.);
#6916 = LINE('',#6917,#6918);
#6917 = CARTESIAN_POINT('',(2.471924,-3.3691E-02,0.));
#6918 = VECTOR('',#6919,1.);
#6919 = DIRECTION('',(0.,0.,1.));
#6920 = ORIENTED_EDGE('',*,*,#3512,.T.);
#6921 = ORIENTED_EDGE('',*,*,#6881,.F.);
#6922 = ORIENTED_EDGE('',*,*,#159,.F.);
#6923 = PLANE('',#6924);
#6924 = AXIS2_PLACEMENT_3D('',#6925,#6926,#6927);
#6925 = CARTESIAN_POINT('',(2.471924,-3.3691E-02,0.));
#6926 = DIRECTION('',(-9.770114863966E-02,0.995215798485,0.));
#6927 = DIRECTION('',(0.995215798485,9.770114863966E-02,0.));
#6928 = ADVANCED_FACE('',(#6929),#6940,.T.);
#6929 = FACE_BOUND('',#6930,.T.);
#6930 = EDGE_LOOP('',(#6931,#6932,#6933,#6939));
#6931 = ORIENTED_EDGE('',*,*,#6900,.T.);
#6932 = ORIENTED_EDGE('',*,*,#4120,.T.);
#6933 = ORIENTED_EDGE('',*,*,#6934,.F.);
#6934 = EDGE_CURVE('',#760,#4113,#6935,.T.);
#6935 = LINE('',#6936,#6937);
#6936 = CARTESIAN_POINT('',(257.356017,-0.276851,0.));
#6937 = VECTOR('',#6938,1.);
#6938 = DIRECTION('',(0.,0.,1.));
#6939 = ORIENTED_EDGE('',*,*,#767,.F.);
#6940 = PLANE('',#6941);
#6941 = AXIS2_PLACEMENT_3D('',#6942,#6943,#6944);
#6942 = CARTESIAN_POINT('',(257.163116,-0.196834,0.));
#6943 = DIRECTION('',(0.383152544885,0.923685080181,-0.));
#6944 = DIRECTION('',(0.923685080181,-0.383152544885,0.));
#6945 = ADVANCED_FACE('',(#6946),#6957,.T.);
#6946 = FACE_BOUND('',#6947,.T.);
#6947 = EDGE_LOOP('',(#6948,#6954,#6955,#6956));
#6948 = ORIENTED_EDGE('',*,*,#6949,.T.);
#6949 = EDGE_CURVE('',#168,#3521,#6950,.T.);
#6950 = LINE('',#6951,#6952);
#6951 = CARTESIAN_POINT('',(2.23288,-7.4158E-02,0.));
#6952 = VECTOR('',#6953,1.);
#6953 = DIRECTION('',(0.,0.,1.));
#6954 = ORIENTED_EDGE('',*,*,#3520,.T.);
#6955 = ORIENTED_EDGE('',*,*,#6915,.F.);
#6956 = ORIENTED_EDGE('',*,*,#167,.F.);
#6957 = PLANE('',#6958);
#6958 = AXIS2_PLACEMENT_3D('',#6959,#6960,#6961);
#6959 = CARTESIAN_POINT('',(2.23288,-7.4158E-02,0.));
#6960 = DIRECTION('',(-0.166912034879,0.985971790982,0.));
#6961 = DIRECTION('',(0.985971790982,0.166912034879,0.));
#6962 = ADVANCED_FACE('',(#6963),#6974,.T.);
#6963 = FACE_BOUND('',#6964,.T.);
#6964 = EDGE_LOOP('',(#6965,#6966,#6967,#6973));
#6965 = ORIENTED_EDGE('',*,*,#6934,.T.);
#6966 = ORIENTED_EDGE('',*,*,#4112,.T.);
#6967 = ORIENTED_EDGE('',*,*,#6968,.F.);
#6968 = EDGE_CURVE('',#752,#4105,#6969,.T.);
#6969 = LINE('',#6970,#6971);
#6970 = CARTESIAN_POINT('',(257.534637,-0.367855,0.));
#6971 = VECTOR('',#6972,1.);
#6972 = DIRECTION('',(0.,0.,1.));
#6973 = ORIENTED_EDGE('',*,*,#759,.F.);
#6974 = PLANE('',#6975);
#6975 = AXIS2_PLACEMENT_3D('',#6976,#6977,#6978);
#6976 = CARTESIAN_POINT('',(257.356017,-0.276851,0.));
#6977 = DIRECTION('',(0.453961052094,0.8910215279,-0.));
#6978 = DIRECTION('',(0.8910215279,-0.453961052094,0.));
#6979 = ADVANCED_FACE('',(#6980),#6991,.T.);
#6980 = FACE_BOUND('',#6981,.T.);
#6981 = EDGE_LOOP('',(#6982,#6988,#6989,#6990));
#6982 = ORIENTED_EDGE('',*,*,#6983,.T.);
#6983 = EDGE_CURVE('',#176,#3529,#6984,.T.);
#6984 = LINE('',#6985,#6986);
#6985 = CARTESIAN_POINT('',(2.009766,-0.128906,0.));
#6986 = VECTOR('',#6987,1.);
#6987 = DIRECTION('',(0.,0.,1.));
#6988 = ORIENTED_EDGE('',*,*,#3528,.T.);
#6989 = ORIENTED_EDGE('',*,*,#6949,.F.);
#6990 = ORIENTED_EDGE('',*,*,#175,.F.);
#6991 = PLANE('',#6992);
#6992 = AXIS2_PLACEMENT_3D('',#6993,#6994,#6995);
#6993 = CARTESIAN_POINT('',(2.009766,-0.128906,0.));
#6994 = DIRECTION('',(-0.238311545763,0.971188759797,0.));
#6995 = DIRECTION('',(0.971188759797,0.238311545763,0.));
#6996 = ADVANCED_FACE('',(#6997),#7008,.T.);
#6997 = FACE_BOUND('',#6998,.T.);
#6998 = EDGE_LOOP('',(#6999,#7000,#7001,#7007));
#6999 = ORIENTED_EDGE('',*,*,#6968,.T.);
#7000 = ORIENTED_EDGE('',*,*,#4104,.T.);
#7001 = ORIENTED_EDGE('',*,*,#7002,.F.);
#7002 = EDGE_CURVE('',#744,#4097,#7003,.T.);
#7003 = LINE('',#7004,#7005);
#7004 = CARTESIAN_POINT('',(257.699523,-0.468746,0.));
#7005 = VECTOR('',#7006,1.);
#7006 = DIRECTION('',(0.,0.,1.));
#7007 = ORIENTED_EDGE('',*,*,#751,.F.);
#7008 = PLANE('',#7009);
#7009 = AXIS2_PLACEMENT_3D('',#7010,#7011,#7012);
#7010 = CARTESIAN_POINT('',(257.534637,-0.367855,0.));
#7011 = DIRECTION('',(0.521929535234,0.852988604995,-0.));
#7012 = DIRECTION('',(0.852988604995,-0.521929535234,0.));
#7013 = ADVANCED_FACE('',(#7014),#7025,.T.);
#7014 = FACE_BOUND('',#7015,.T.);
#7015 = EDGE_LOOP('',(#7016,#7022,#7023,#7024));
#7016 = ORIENTED_EDGE('',*,*,#7017,.T.);
#7017 = EDGE_CURVE('',#184,#3537,#7018,.T.);
#7018 = LINE('',#7019,#7020);
#7019 = CARTESIAN_POINT('',(1.802032,-0.196838,0.));
#7020 = VECTOR('',#7021,1.);
#7021 = DIRECTION('',(0.,0.,1.));
#7022 = ORIENTED_EDGE('',*,*,#3536,.T.);
#7023 = ORIENTED_EDGE('',*,*,#6983,.F.);
#7024 = ORIENTED_EDGE('',*,*,#183,.F.);
#7025 = PLANE('',#7026);
#7026 = AXIS2_PLACEMENT_3D('',#7027,#7028,#7029);
#7027 = CARTESIAN_POINT('',(1.802032,-0.196838,0.));
#7028 = DIRECTION('',(-0.310817235066,0.950469697774,0.));
#7029 = DIRECTION('',(0.950469697774,0.310817235066,0.));
#7030 = ADVANCED_FACE('',(#7031),#7042,.T.);
#7031 = FACE_BOUND('',#7032,.T.);
#7032 = EDGE_LOOP('',(#7033,#7034,#7035,#7041));
#7033 = ORIENTED_EDGE('',*,*,#7002,.T.);
#7034 = ORIENTED_EDGE('',*,*,#4096,.T.);
#7035 = ORIENTED_EDGE('',*,*,#7036,.F.);
#7036 = EDGE_CURVE('',#736,#4089,#7037,.T.);
#7037 = LINE('',#7038,#7039);
#7038 = CARTESIAN_POINT('',(257.851226,-0.578426,0.));
#7039 = VECTOR('',#7040,1.);
#7040 = DIRECTION('',(0.,0.,1.));
#7041 = ORIENTED_EDGE('',*,*,#743,.F.);
#7042 = PLANE('',#7043);
#7043 = AXIS2_PLACEMENT_3D('',#7044,#7045,#7046);
#7044 = CARTESIAN_POINT('',(257.699523,-0.468746,0.));
#7045 = DIRECTION('',(0.585900256335,0.81038317457,-0.));
#7046 = DIRECTION('',(0.81038317457,-0.585900256335,0.));
#7047 = ADVANCED_FACE('',(#7048),#7059,.T.);
#7048 = FACE_BOUND('',#7049,.T.);
#7049 = EDGE_LOOP('',(#7050,#7056,#7057,#7058));
#7050 = ORIENTED_EDGE('',*,*,#7051,.T.);
#7051 = EDGE_CURVE('',#192,#3545,#7052,.T.);
#7052 = LINE('',#7053,#7054);
#7053 = CARTESIAN_POINT('',(1.609131,-0.276855,0.));
#7054 = VECTOR('',#7055,1.);
#7055 = DIRECTION('',(0.,0.,1.));
#7056 = ORIENTED_EDGE('',*,*,#3544,.T.);
#7057 = ORIENTED_EDGE('',*,*,#7017,.F.);
#7058 = ORIENTED_EDGE('',*,*,#191,.F.);
#7059 = PLANE('',#7060);
#7060 = AXIS2_PLACEMENT_3D('',#7061,#7062,#7063);
#7061 = CARTESIAN_POINT('',(1.609131,-0.276855,0.));
#7062 = DIRECTION('',(-0.383152544885,0.923685080181,0.));
#7063 = DIRECTION('',(0.923685080181,0.383152544885,0.));
#7064 = ADVANCED_FACE('',(#7065),#7076,.T.);
#7065 = FACE_BOUND('',#7066,.T.);
#7066 = EDGE_LOOP('',(#7067,#7068,#7069,#7075));
#7067 = ORIENTED_EDGE('',*,*,#7036,.T.);
#7068 = ORIENTED_EDGE('',*,*,#4088,.T.);
#7069 = ORIENTED_EDGE('',*,*,#7070,.F.);
#7070 = EDGE_CURVE('',#728,#4081,#7071,.T.);
#7071 = LINE('',#7072,#7073);
#7072 = CARTESIAN_POINT('',(257.990294,-0.695797,0.));
#7073 = VECTOR('',#7074,1.);
#7074 = DIRECTION('',(0.,0.,1.));
#7075 = ORIENTED_EDGE('',*,*,#735,.F.);
#7076 = PLANE('',#7077);
#7077 = AXIS2_PLACEMENT_3D('',#7078,#7079,#7080);
#7078 = CARTESIAN_POINT('',(257.851226,-0.578426,0.));
#7079 = DIRECTION('',(0.644974855799,0.764203791791,-0.));
#7080 = DIRECTION('',(0.764203791791,-0.644974855799,0.));
#7081 = ADVANCED_FACE('',(#7082),#7093,.T.);
#7082 = FACE_BOUND('',#7083,.T.);
#7083 = EDGE_LOOP('',(#7084,#7090,#7091,#7092));
#7084 = ORIENTED_EDGE('',*,*,#7085,.T.);
#7085 = EDGE_CURVE('',#200,#3553,#7086,.T.);
#7086 = LINE('',#7087,#7088);
#7087 = CARTESIAN_POINT('',(1.430511,-0.367859,0.));
#7088 = VECTOR('',#7089,1.);
#7089 = DIRECTION('',(0.,0.,1.));
#7090 = ORIENTED_EDGE('',*,*,#3552,.T.);
#7091 = ORIENTED_EDGE('',*,*,#7051,.F.);
#7092 = ORIENTED_EDGE('',*,*,#199,.F.);
#7093 = PLANE('',#7094);
#7094 = AXIS2_PLACEMENT_3D('',#7095,#7096,#7097);
#7095 = CARTESIAN_POINT('',(1.430511,-0.367859,0.));
#7096 = DIRECTION('',(-0.453961052094,0.8910215279,0.));
#7097 = DIRECTION('',(0.8910215279,0.453961052094,0.));
#7098 = ADVANCED_FACE('',(#7099),#7110,.T.);
#7099 = FACE_BOUND('',#7100,.T.);
#7100 = EDGE_LOOP('',(#7101,#7102,#7103,#7109));
#7101 = ORIENTED_EDGE('',*,*,#7070,.T.);
#7102 = ORIENTED_EDGE('',*,*,#4080,.T.);
#7103 = ORIENTED_EDGE('',*,*,#7104,.F.);
#7104 = EDGE_CURVE('',#720,#4073,#7105,.T.);
#7105 = LINE('',#7106,#7107);
#7106 = CARTESIAN_POINT('',(258.117278,-0.819759,0.));
#7107 = VECTOR('',#7108,1.);
#7108 = DIRECTION('',(0.,0.,1.));
#7109 = ORIENTED_EDGE('',*,*,#727,.F.);
#7110 = PLANE('',#7111);
#7111 = AXIS2_PLACEMENT_3D('',#7112,#7113,#7114);
#7112 = CARTESIAN_POINT('',(257.990294,-0.695797,0.));
#7113 = DIRECTION('',(0.698540846839,0.715570181951,-0.));
#7114 = DIRECTION('',(0.715570181951,-0.698540846839,0.));
#7115 = ADVANCED_FACE('',(#7116),#7127,.T.);
#7116 = FACE_BOUND('',#7117,.T.);
#7117 = EDGE_LOOP('',(#7118,#7124,#7125,#7126));
#7118 = ORIENTED_EDGE('',*,*,#7119,.T.);
#7119 = EDGE_CURVE('',#208,#3561,#7120,.T.);
#7120 = LINE('',#7121,#7122);
#7121 = CARTESIAN_POINT('',(1.265625,-0.46875,0.));
#7122 = VECTOR('',#7123,1.);
#7123 = DIRECTION('',(0.,0.,1.));
#7124 = ORIENTED_EDGE('',*,*,#3560,.T.);
#7125 = ORIENTED_EDGE('',*,*,#7085,.F.);
#7126 = ORIENTED_EDGE('',*,*,#207,.F.);
#7127 = PLANE('',#7128);
#7128 = AXIS2_PLACEMENT_3D('',#7129,#7130,#7131);
#7129 = CARTESIAN_POINT('',(1.265625,-0.46875,0.));
#7130 = DIRECTION('',(-0.521929535234,0.852988604995,0.));
#7131 = DIRECTION('',(0.852988604995,0.521929535234,0.));
#7132 = ADVANCED_FACE('',(#7133),#7144,.T.);
#7133 = FACE_BOUND('',#7134,.T.);
#7134 = EDGE_LOOP('',(#7135,#7136,#7137,#7143));
#7135 = ORIENTED_EDGE('',*,*,#7104,.T.);
#7136 = ORIENTED_EDGE('',*,*,#4072,.T.);
#7137 = ORIENTED_EDGE('',*,*,#7138,.F.);
#7138 = EDGE_CURVE('',#712,#4065,#7139,.T.);
#7139 = LINE('',#7140,#7141);
#7140 = CARTESIAN_POINT('',(258.232726,-0.949215,0.));
#7141 = VECTOR('',#7142,1.);
#7142 = DIRECTION('',(0.,0.,1.));
#7143 = ORIENTED_EDGE('',*,*,#719,.F.);
#7144 = PLANE('',#7145);
#7145 = AXIS2_PLACEMENT_3D('',#7146,#7147,#7148);
#7146 = CARTESIAN_POINT('',(258.117278,-0.819759,0.));
#7147 = DIRECTION('',(0.746331966225,0.665573884847,-0.));
#7148 = DIRECTION('',(0.665573884847,-0.746331966225,0.));
#7149 = ADVANCED_FACE('',(#7150),#7161,.T.);
#7150 = FACE_BOUND('',#7151,.T.);
#7151 = EDGE_LOOP('',(#7152,#7158,#7159,#7160));
#7152 = ORIENTED_EDGE('',*,*,#7153,.T.);
#7153 = EDGE_CURVE('',#216,#3569,#7154,.T.);
#7154 = LINE('',#7155,#7156);
#7155 = CARTESIAN_POINT('',(1.113922,-0.57843,0.));
#7156 = VECTOR('',#7157,1.);
#7157 = DIRECTION('',(0.,0.,1.));
#7158 = ORIENTED_EDGE('',*,*,#3568,.T.);
#7159 = ORIENTED_EDGE('',*,*,#7119,.F.);
#7160 = ORIENTED_EDGE('',*,*,#215,.F.);
#7161 = PLANE('',#7162);
#7162 = AXIS2_PLACEMENT_3D('',#7163,#7164,#7165);
#7163 = CARTESIAN_POINT('',(1.113922,-0.57843,0.));
#7164 = DIRECTION('',(-0.585900256335,0.81038317457,0.));
#7165 = DIRECTION('',(0.81038317457,0.585900256335,0.));
#7166 = ADVANCED_FACE('',(#7167),#7178,.T.);
#7167 = FACE_BOUND('',#7168,.T.);
#7168 = EDGE_LOOP('',(#7169,#7170,#7171,#7177));
#7169 = ORIENTED_EDGE('',*,*,#7138,.T.);
#7170 = ORIENTED_EDGE('',*,*,#4064,.T.);
#7171 = ORIENTED_EDGE('',*,*,#7172,.F.);
#7172 = EDGE_CURVE('',#704,#4057,#7173,.T.);
#7173 = LINE('',#7174,#7175);
#7174 = CARTESIAN_POINT('',(258.337188,-1.083065,0.));
#7175 = VECTOR('',#7176,1.);
#7176 = DIRECTION('',(0.,0.,1.));
#7177 = ORIENTED_EDGE('',*,*,#711,.F.);
#7178 = PLANE('',#7179);
#7179 = AXIS2_PLACEMENT_3D('',#7180,#7181,#7182);
#7180 = CARTESIAN_POINT('',(258.232726,-0.949215,0.));
#7181 = DIRECTION('',(0.788333759194,0.615247823332,-0.));
#7182 = DIRECTION('',(0.615247823332,-0.788333759194,0.));
#7183 = ADVANCED_FACE('',(#7184),#7195,.T.);
#7184 = FACE_BOUND('',#7185,.T.);
#7185 = EDGE_LOOP('',(#7186,#7192,#7193,#7194));
#7186 = ORIENTED_EDGE('',*,*,#7187,.T.);
#7187 = EDGE_CURVE('',#224,#3577,#7188,.T.);
#7188 = LINE('',#7189,#7190);
#7189 = CARTESIAN_POINT('',(0.974854,-0.695801,0.));
#7190 = VECTOR('',#7191,1.);
#7191 = DIRECTION('',(0.,0.,1.));
#7192 = ORIENTED_EDGE('',*,*,#3576,.T.);
#7193 = ORIENTED_EDGE('',*,*,#7153,.F.);
#7194 = ORIENTED_EDGE('',*,*,#223,.F.);
#7195 = PLANE('',#7196);
#7196 = AXIS2_PLACEMENT_3D('',#7197,#7198,#7199);
#7197 = CARTESIAN_POINT('',(0.974854,-0.695801,0.));
#7198 = DIRECTION('',(-0.644974855799,0.764203791791,0.));
#7199 = DIRECTION('',(0.764203791791,0.644974855799,0.));
#7200 = ADVANCED_FACE('',(#7201),#7212,.T.);
#7201 = FACE_BOUND('',#7202,.T.);
#7202 = EDGE_LOOP('',(#7203,#7204,#7205,#7211));
#7203 = ORIENTED_EDGE('',*,*,#7172,.T.);
#7204 = ORIENTED_EDGE('',*,*,#4056,.T.);
#7205 = ORIENTED_EDGE('',*,*,#7206,.F.);
#7206 = EDGE_CURVE('',#696,#4049,#7207,.T.);
#7207 = LINE('',#7208,#7209);
#7208 = CARTESIAN_POINT('',(258.431212,-1.220211,0.));
#7209 = VECTOR('',#7210,1.);
#7210 = DIRECTION('',(0.,0.,1.));
#7211 = ORIENTED_EDGE('',*,*,#703,.F.);
#7212 = PLANE('',#7213);
#7213 = AXIS2_PLACEMENT_3D('',#7214,#7215,#7216);
#7214 = CARTESIAN_POINT('',(258.337188,-1.083065,0.));
#7215 = DIRECTION('',(0.824782061676,0.565450750055,-0.));
#7216 = DIRECTION('',(0.565450750055,-0.824782061676,0.));
#7217 = ADVANCED_FACE('',(#7218),#7229,.T.);
#7218 = FACE_BOUND('',#7219,.T.);
#7219 = EDGE_LOOP('',(#7220,#7226,#7227,#7228));
#7220 = ORIENTED_EDGE('',*,*,#7221,.T.);
#7221 = EDGE_CURVE('',#232,#3585,#7222,.T.);
#7222 = LINE('',#7223,#7224);
#7223 = CARTESIAN_POINT('',(0.84787,-0.819763,0.));
#7224 = VECTOR('',#7225,1.);
#7225 = DIRECTION('',(0.,0.,1.));
#7226 = ORIENTED_EDGE('',*,*,#3584,.T.);
#7227 = ORIENTED_EDGE('',*,*,#7187,.F.);
#7228 = ORIENTED_EDGE('',*,*,#231,.F.);
#7229 = PLANE('',#7230);
#7230 = AXIS2_PLACEMENT_3D('',#7231,#7232,#7233);
#7231 = CARTESIAN_POINT('',(0.84787,-0.819763,0.));
#7232 = DIRECTION('',(-0.698540846839,0.715570181951,0.));
#7233 = DIRECTION('',(0.715570181951,0.698540846839,0.));
#7234 = ADVANCED_FACE('',(#7235),#7246,.T.);
#7235 = FACE_BOUND('',#7236,.T.);
#7236 = EDGE_LOOP('',(#7237,#7238,#7239,#7245));
#7237 = ORIENTED_EDGE('',*,*,#7206,.T.);
#7238 = ORIENTED_EDGE('',*,*,#4048,.T.);
#7239 = ORIENTED_EDGE('',*,*,#7240,.F.);
#7240 = EDGE_CURVE('',#688,#4041,#7241,.T.);
#7241 = LINE('',#7242,#7243);
#7242 = CARTESIAN_POINT('',(258.590148,-1.499996,0.));
#7243 = VECTOR('',#7244,1.);
#7244 = DIRECTION('',(0.,0.,1.));
#7245 = ORIENTED_EDGE('',*,*,#695,.F.);
#7246 = PLANE('',#7247);
#7247 = AXIS2_PLACEMENT_3D('',#7248,#7249,#7250);
#7248 = CARTESIAN_POINT('',(258.431212,-1.220211,0.));
#7249 = DIRECTION('',(0.869500269917,0.493932465641,-0.));
#7250 = DIRECTION('',(0.493932465641,-0.869500269917,0.));
#7251 = ADVANCED_FACE('',(#7252),#7263,.T.);
#7252 = FACE_BOUND('',#7253,.T.);
#7253 = EDGE_LOOP('',(#7254,#7260,#7261,#7262));
#7254 = ORIENTED_EDGE('',*,*,#7255,.T.);
#7255 = EDGE_CURVE('',#240,#3593,#7256,.T.);
#7256 = LINE('',#7257,#7258);
#7257 = CARTESIAN_POINT('',(0.732422,-0.949219,0.));
#7258 = VECTOR('',#7259,1.);
#7259 = DIRECTION('',(0.,0.,1.));
#7260 = ORIENTED_EDGE('',*,*,#3592,.T.);
#7261 = ORIENTED_EDGE('',*,*,#7221,.F.);
#7262 = ORIENTED_EDGE('',*,*,#239,.F.);
#7263 = PLANE('',#7264);
#7264 = AXIS2_PLACEMENT_3D('',#7265,#7266,#7267);
#7265 = CARTESIAN_POINT('',(0.732422,-0.949219,0.));
#7266 = DIRECTION('',(-0.746331966225,0.665573884847,0.));
#7267 = DIRECTION('',(0.665573884847,0.746331966225,0.));
#7268 = ADVANCED_FACE('',(#7269),#7280,.T.);
#7269 = FACE_BOUND('',#7270,.T.);
#7270 = EDGE_LOOP('',(#7271,#7272,#7273,#7279));
#7271 = ORIENTED_EDGE('',*,*,#7240,.T.);
#7272 = ORIENTED_EDGE('',*,*,#4040,.T.);
#7273 = ORIENTED_EDGE('',*,*,#7274,.F.);
#7274 = EDGE_CURVE('',#680,#4033,#7275,.T.);
#7275 = LINE('',#7276,#7277);
#7276 = CARTESIAN_POINT('',(258.713927,-1.779781,0.));
#7277 = VECTOR('',#7278,1.);
#7278 = DIRECTION('',(0.,0.,1.));
#7279 = ORIENTED_EDGE('',*,*,#687,.F.);
#7280 = PLANE('',#7281);
#7281 = AXIS2_PLACEMENT_3D('',#7282,#7283,#7284);
#7282 = CARTESIAN_POINT('',(258.590148,-1.499996,0.));
#7283 = DIRECTION('',(0.914501547713,0.404582401038,-0.));
#7284 = DIRECTION('',(0.404582401038,-0.914501547713,0.));
#7285 = ADVANCED_FACE('',(#7286),#7297,.T.);
#7286 = FACE_BOUND('',#7287,.T.);
#7287 = EDGE_LOOP('',(#7288,#7294,#7295,#7296));
#7288 = ORIENTED_EDGE('',*,*,#7289,.T.);
#7289 = EDGE_CURVE('',#248,#3601,#7290,.T.);
#7290 = LINE('',#7291,#7292);
#7291 = CARTESIAN_POINT('',(0.62796,-1.083069,0.));
#7292 = VECTOR('',#7293,1.);
#7293 = DIRECTION('',(0.,0.,1.));
#7294 = ORIENTED_EDGE('',*,*,#3600,.T.);
#7295 = ORIENTED_EDGE('',*,*,#7255,.F.);
#7296 = ORIENTED_EDGE('',*,*,#247,.F.);
#7297 = PLANE('',#7298);
#7298 = AXIS2_PLACEMENT_3D('',#7299,#7300,#7301);
#7299 = CARTESIAN_POINT('',(0.62796,-1.083069,0.));
#7300 = DIRECTION('',(-0.788333759194,0.615247823332,0.));
#7301 = DIRECTION('',(0.615247823332,0.788333759194,0.));
#7302 = ADVANCED_FACE('',(#7303),#7314,.T.);
#7303 = FACE_BOUND('',#7304,.T.);
#7304 = EDGE_LOOP('',(#7305,#7306,#7307,#7313));
#7305 = ORIENTED_EDGE('',*,*,#7274,.T.);
#7306 = ORIENTED_EDGE('',*,*,#4032,.T.);
#7307 = ORIENTED_EDGE('',*,*,#7308,.F.);
#7308 = EDGE_CURVE('',#672,#4025,#7309,.T.);
#7309 = LINE('',#7310,#7311);
#7310 = CARTESIAN_POINT('',(258.806945,-2.050777,0.));
#7311 = VECTOR('',#7312,1.);
#7312 = DIRECTION('',(0.,0.,1.));
#7313 = ORIENTED_EDGE('',*,*,#679,.F.);
#7314 = PLANE('',#7315);
#7315 = AXIS2_PLACEMENT_3D('',#7316,#7317,#7318);
#7316 = CARTESIAN_POINT('',(258.713927,-1.779781,0.));
#7317 = DIRECTION('',(0.945833366021,0.324652496865,-0.));
#7318 = DIRECTION('',(0.324652496865,-0.945833366021,0.));
#7319 = ADVANCED_FACE('',(#7320),#7331,.T.);
#7320 = FACE_BOUND('',#7321,.T.);
#7321 = EDGE_LOOP('',(#7322,#7328,#7329,#7330));
#7322 = ORIENTED_EDGE('',*,*,#7323,.T.);
#7323 = EDGE_CURVE('',#256,#3609,#7324,.T.);
#7324 = LINE('',#7325,#7326);
#7325 = CARTESIAN_POINT('',(0.533936,-1.220215,0.));
#7326 = VECTOR('',#7327,1.);
#7327 = DIRECTION('',(0.,0.,1.));
#7328 = ORIENTED_EDGE('',*,*,#3608,.T.);
#7329 = ORIENTED_EDGE('',*,*,#7289,.F.);
#7330 = ORIENTED_EDGE('',*,*,#255,.F.);
#7331 = PLANE('',#7332);
#7332 = AXIS2_PLACEMENT_3D('',#7333,#7334,#7335);
#7333 = CARTESIAN_POINT('',(0.533936,-1.220215,0.));
#7334 = DIRECTION('',(-0.824782061676,0.565450750055,0.));
#7335 = DIRECTION('',(0.565450750055,0.824782061676,0.));
#7336 = ADVANCED_FACE('',(#7337),#7348,.T.);
#7337 = FACE_BOUND('',#7338,.T.);
#7338 = EDGE_LOOP('',(#7339,#7340,#7341,#7347));
#7339 = ORIENTED_EDGE('',*,*,#7308,.T.);
#7340 = ORIENTED_EDGE('',*,*,#4024,.T.);
#7341 = ORIENTED_EDGE('',*,*,#7342,.F.);
#7342 = EDGE_CURVE('',#664,#4017,#7343,.T.);
#7343 = LINE('',#7344,#7345);
#7344 = CARTESIAN_POINT('',(258.873595,-2.304195,0.));
#7345 = VECTOR('',#7346,1.);
#7346 = DIRECTION('',(0.,0.,1.));
#7347 = ORIENTED_EDGE('',*,*,#671,.F.);
#7348 = PLANE('',#7349);
#7349 = AXIS2_PLACEMENT_3D('',#7350,#7351,#7352);
#7350 = CARTESIAN_POINT('',(258.806945,-2.050777,0.));
#7351 = DIRECTION('',(0.967111108083,0.254354289568,-0.));
#7352 = DIRECTION('',(0.254354289568,-0.967111108083,0.));
#7353 = ADVANCED_FACE('',(#7354),#7365,.T.);
#7354 = FACE_BOUND('',#7355,.T.);
#7355 = EDGE_LOOP('',(#7356,#7362,#7363,#7364));
#7356 = ORIENTED_EDGE('',*,*,#7357,.T.);
#7357 = EDGE_CURVE('',#264,#3617,#7358,.T.);
#7358 = LINE('',#7359,#7360);
#7359 = CARTESIAN_POINT('',(0.375,-1.5,0.));
#7360 = VECTOR('',#7361,1.);
#7361 = DIRECTION('',(0.,0.,1.));
#7362 = ORIENTED_EDGE('',*,*,#3616,.T.);
#7363 = ORIENTED_EDGE('',*,*,#7323,.F.);
#7364 = ORIENTED_EDGE('',*,*,#263,.F.);
#7365 = PLANE('',#7366);
#7366 = AXIS2_PLACEMENT_3D('',#7367,#7368,#7369);
#7367 = CARTESIAN_POINT('',(0.375,-1.5,0.));
#7368 = DIRECTION('',(-0.869500269917,0.493932465641,0.));
#7369 = DIRECTION('',(0.493932465641,0.869500269917,0.));
#7370 = ADVANCED_FACE('',(#7371),#7382,.T.);
#7371 = FACE_BOUND('',#7372,.T.);
#7372 = EDGE_LOOP('',(#7373,#7374,#7375,#7381));
#7373 = ORIENTED_EDGE('',*,*,#7342,.T.);
#7374 = ORIENTED_EDGE('',*,*,#4016,.T.);
#7375 = ORIENTED_EDGE('',*,*,#7376,.F.);
#7376 = EDGE_CURVE('',#656,#4009,#7377,.T.);
#7377 = LINE('',#7378,#7379);
#7378 = CARTESIAN_POINT('',(258.918273,-2.531246,0.));
#7379 = VECTOR('',#7380,1.);
#7380 = DIRECTION('',(0.,0.,1.));
#7381 = ORIENTED_EDGE('',*,*,#663,.F.);
#7382 = PLANE('',#7383);
#7383 = AXIS2_PLACEMENT_3D('',#7384,#7385,#7386);
#7384 = CARTESIAN_POINT('',(258.873595,-2.304195,0.));
#7385 = DIRECTION('',(0.981184446008,0.193072739951,-0.));
#7386 = DIRECTION('',(0.193072739951,-0.981184446008,0.));
#7387 = ADVANCED_FACE('',(#7388),#7399,.T.);
#7388 = FACE_BOUND('',#7389,.T.);
#7389 = EDGE_LOOP('',(#7390,#7396,#7397,#7398));
#7390 = ORIENTED_EDGE('',*,*,#7391,.T.);
#7391 = EDGE_CURVE('',#272,#3625,#7392,.T.);
#7392 = LINE('',#7393,#7394);
#7393 = CARTESIAN_POINT('',(0.251221,-1.779785,0.));
#7394 = VECTOR('',#7395,1.);
#7395 = DIRECTION('',(0.,0.,1.));
#7396 = ORIENTED_EDGE('',*,*,#3624,.T.);
#7397 = ORIENTED_EDGE('',*,*,#7357,.F.);
#7398 = ORIENTED_EDGE('',*,*,#271,.F.);
#7399 = PLANE('',#7400);
#7400 = AXIS2_PLACEMENT_3D('',#7401,#7402,#7403);
#7401 = CARTESIAN_POINT('',(0.251221,-1.779785,0.));
#7402 = DIRECTION('',(-0.914501547713,0.404582401038,0.));
#7403 = DIRECTION('',(0.404582401038,0.914501547713,0.));
#7404 = ADVANCED_FACE('',(#7405),#7416,.T.);
#7405 = FACE_BOUND('',#7406,.T.);
#7406 = EDGE_LOOP('',(#7407,#7408,#7409,#7415));
#7407 = ORIENTED_EDGE('',*,*,#7376,.T.);
#7408 = ORIENTED_EDGE('',*,*,#4008,.T.);
#7409 = ORIENTED_EDGE('',*,*,#7410,.F.);
#7410 = EDGE_CURVE('',#648,#4001,#7411,.T.);
#7411 = LINE('',#7412,#7413);
#7412 = CARTESIAN_POINT('',(258.959289,-2.87109,0.));
#7413 = VECTOR('',#7414,1.);
#7414 = DIRECTION('',(0.,0.,1.));
#7415 = ORIENTED_EDGE('',*,*,#655,.F.);
#7416 = PLANE('',#7417);
#7417 = AXIS2_PLACEMENT_3D('',#7418,#7419,#7420);
#7418 = CARTESIAN_POINT('',(258.918273,-2.531246,0.));
#7419 = DIRECTION('',(0.992795493178,0.119821153083,-0.));
#7420 = DIRECTION('',(0.119821153083,-0.992795493178,0.));
#7421 = ADVANCED_FACE('',(#7422),#7433,.T.);
#7422 = FACE_BOUND('',#7423,.T.);
#7423 = EDGE_LOOP('',(#7424,#7430,#7431,#7432));
#7424 = ORIENTED_EDGE('',*,*,#7425,.T.);
#7425 = EDGE_CURVE('',#280,#3633,#7426,.T.);
#7426 = LINE('',#7427,#7428);
#7427 = CARTESIAN_POINT('',(0.158203,-2.050781,0.));
#7428 = VECTOR('',#7429,1.);
#7429 = DIRECTION('',(0.,0.,1.));
#7430 = ORIENTED_EDGE('',*,*,#3632,.T.);
#7431 = ORIENTED_EDGE('',*,*,#7391,.F.);
#7432 = ORIENTED_EDGE('',*,*,#279,.F.);
#7433 = PLANE('',#7434);
#7434 = AXIS2_PLACEMENT_3D('',#7435,#7436,#7437);
#7435 = CARTESIAN_POINT('',(0.158203,-2.050781,0.));
#7436 = DIRECTION('',(-0.945833366021,0.324652496865,0.));
#7437 = DIRECTION('',(0.324652496865,0.945833366021,0.));
#7438 = ADVANCED_FACE('',(#7439),#7450,.T.);
#7439 = FACE_BOUND('',#7440,.T.);
#7440 = EDGE_LOOP('',(#7441,#7442,#7443,#7449));
#7441 = ORIENTED_EDGE('',*,*,#7410,.T.);
#7442 = ORIENTED_EDGE('',*,*,#4000,.T.);
#7443 = ORIENTED_EDGE('',*,*,#7444,.F.);
#7444 = EDGE_CURVE('',#640,#3993,#7445,.T.);
#7445 = LINE('',#7446,#7447);
#7446 = CARTESIAN_POINT('',(258.965148,-2.999996,0.));
#7447 = VECTOR('',#7448,1.);
#7448 = DIRECTION('',(0.,0.,1.));
#7449 = ORIENTED_EDGE('',*,*,#647,.F.);
#7450 = PLANE('',#7451);
#7451 = AXIS2_PLACEMENT_3D('',#7452,#7453,#7454);
#7452 = CARTESIAN_POINT('',(258.959289,-2.87109,0.));
#7453 = DIRECTION('',(0.998968668035,4.540484869596E-02,-0.));
#7454 = DIRECTION('',(4.540484869596E-02,-0.998968668035,0.));
#7455 = ADVANCED_FACE('',(#7456),#7467,.T.);
#7456 = FACE_BOUND('',#7457,.T.);
#7457 = EDGE_LOOP('',(#7458,#7464,#7465,#7466));
#7458 = ORIENTED_EDGE('',*,*,#7459,.T.);
#7459 = EDGE_CURVE('',#288,#3641,#7460,.T.);
#7460 = LINE('',#7461,#7462);
#7461 = CARTESIAN_POINT('',(9.1553E-02,-2.304199,0.));
#7462 = VECTOR('',#7463,1.);
#7463 = DIRECTION('',(0.,0.,1.));
#7464 = ORIENTED_EDGE('',*,*,#3640,.T.);
#7465 = ORIENTED_EDGE('',*,*,#7425,.F.);
#7466 = ORIENTED_EDGE('',*,*,#287,.F.);
#7467 = PLANE('',#7468);
#7468 = AXIS2_PLACEMENT_3D('',#7469,#7470,#7471);
#7469 = CARTESIAN_POINT('',(9.1553E-02,-2.304199,0.));
#7470 = DIRECTION('',(-0.967111108083,0.254354289568,0.));
#7471 = DIRECTION('',(0.254354289568,0.967111108083,0.));
#7472 = ADVANCED_FACE('',(#7473),#7484,.T.);
#7473 = FACE_BOUND('',#7474,.T.);
#7474 = EDGE_LOOP('',(#7475,#7476,#7477,#7483));
#7475 = ORIENTED_EDGE('',*,*,#7444,.T.);
#7476 = ORIENTED_EDGE('',*,*,#3992,.T.);
#7477 = ORIENTED_EDGE('',*,*,#7478,.F.);
#7478 = EDGE_CURVE('',#632,#3985,#7479,.T.);
#7479 = LINE('',#7480,#7481);
#7480 = CARTESIAN_POINT('',(258.993327,-76.994639,0.));
#7481 = VECTOR('',#7482,1.);
#7482 = DIRECTION('',(0.,0.,1.));
#7483 = ORIENTED_EDGE('',*,*,#639,.F.);
#7484 = PLANE('',#7485);
#7485 = AXIS2_PLACEMENT_3D('',#7486,#7487,#7488);
#7486 = CARTESIAN_POINT('',(258.965148,-2.999996,0.));
#7487 = DIRECTION('',(0.999999927486,3.808248383151E-04,-0.));
#7488 = DIRECTION('',(3.808248383151E-04,-0.999999927486,0.));
#7489 = ADVANCED_FACE('',(#7490),#7501,.T.);
#7490 = FACE_BOUND('',#7491,.T.);
#7491 = EDGE_LOOP('',(#7492,#7498,#7499,#7500));
#7492 = ORIENTED_EDGE('',*,*,#7493,.T.);
#7493 = EDGE_CURVE('',#296,#3649,#7494,.T.);
#7494 = LINE('',#7495,#7496);
#7495 = CARTESIAN_POINT('',(4.6875E-02,-2.53125,0.));
#7496 = VECTOR('',#7497,1.);
#7497 = DIRECTION('',(0.,0.,1.));
#7498 = ORIENTED_EDGE('',*,*,#3648,.T.);
#7499 = ORIENTED_EDGE('',*,*,#7459,.F.);
#7500 = ORIENTED_EDGE('',*,*,#295,.F.);
#7501 = PLANE('',#7502);
#7502 = AXIS2_PLACEMENT_3D('',#7503,#7504,#7505);
#7503 = CARTESIAN_POINT('',(4.6875E-02,-2.53125,0.));
#7504 = DIRECTION('',(-0.981184446008,0.193072739952,0.));
#7505 = DIRECTION('',(0.193072739952,0.981184446008,0.));
#7506 = ADVANCED_FACE('',(#7507),#7518,.T.);
#7507 = FACE_BOUND('',#7508,.T.);
#7508 = EDGE_LOOP('',(#7509,#7510,#7511,#7517));
#7509 = ORIENTED_EDGE('',*,*,#7478,.T.);
#7510 = ORIENTED_EDGE('',*,*,#3984,.T.);
#7511 = ORIENTED_EDGE('',*,*,#7512,.F.);
#7512 = EDGE_CURVE('',#624,#3977,#7513,.T.);
#7513 = LINE('',#7514,#7515);
#7514 = CARTESIAN_POINT('',(258.988576,-77.169308,0.));
#7515 = VECTOR('',#7516,1.);
#7516 = DIRECTION('',(0.,0.,1.));
#7517 = ORIENTED_EDGE('',*,*,#631,.F.);
#7518 = PLANE('',#7519);
#7519 = AXIS2_PLACEMENT_3D('',#7520,#7521,#7522);
#7520 = CARTESIAN_POINT('',(258.993327,-76.994639,0.));
#7521 = DIRECTION('',(0.999630284637,-2.718996205571E-02,0.));
#7522 = DIRECTION('',(-2.718996205571E-02,-0.999630284637,0.));
#7523 = ADVANCED_FACE('',(#7524),#7535,.T.);
#7524 = FACE_BOUND('',#7525,.T.);
#7525 = EDGE_LOOP('',(#7526,#7532,#7533,#7534));
#7526 = ORIENTED_EDGE('',*,*,#7527,.T.);
#7527 = EDGE_CURVE('',#304,#3657,#7528,.T.);
#7528 = LINE('',#7529,#7530);
#7529 = CARTESIAN_POINT('',(5.859E-03,-2.871094,0.));
#7530 = VECTOR('',#7531,1.);
#7531 = DIRECTION('',(0.,0.,1.));
#7532 = ORIENTED_EDGE('',*,*,#3656,.T.);
#7533 = ORIENTED_EDGE('',*,*,#7493,.F.);
#7534 = ORIENTED_EDGE('',*,*,#303,.F.);
#7535 = PLANE('',#7536);
#7536 = AXIS2_PLACEMENT_3D('',#7537,#7538,#7539);
#7537 = CARTESIAN_POINT('',(5.859E-03,-2.871094,0.));
#7538 = DIRECTION('',(-0.992795493178,0.119821153083,0.));
#7539 = DIRECTION('',(0.119821153083,0.992795493178,0.));
#7540 = ADVANCED_FACE('',(#7541),#7552,.T.);
#7541 = FACE_BOUND('',#7542,.T.);
#7542 = EDGE_LOOP('',(#7543,#7544,#7545,#7551));
#7543 = ORIENTED_EDGE('',*,*,#7512,.T.);
#7544 = ORIENTED_EDGE('',*,*,#3976,.T.);
#7545 = ORIENTED_EDGE('',*,*,#7546,.F.);
#7546 = EDGE_CURVE('',#616,#3969,#7547,.T.);
#7547 = LINE('',#7548,#7549);
#7548 = CARTESIAN_POINT('',(258.974563,-77.330873,0.));
#7549 = VECTOR('',#7550,1.);
#7550 = DIRECTION('',(0.,0.,1.));
#7551 = ORIENTED_EDGE('',*,*,#623,.F.);
#7552 = PLANE('',#7553);
#7553 = AXIS2_PLACEMENT_3D('',#7554,#7555,#7556);
#7554 = CARTESIAN_POINT('',(258.988576,-77.169308,0.));
#7555 = DIRECTION('',(0.996259791436,-8.640849476944E-02,0.));
#7556 = DIRECTION('',(-8.640849476944E-02,-0.996259791436,0.));
#7557 = ADVANCED_FACE('',(#7558),#7569,.T.);
#7558 = FACE_BOUND('',#7559,.T.);
#7559 = EDGE_LOOP('',(#7560,#7566,#7567,#7568));
#7560 = ORIENTED_EDGE('',*,*,#7561,.T.);
#7561 = EDGE_CURVE('',#312,#3665,#7562,.T.);
#7562 = LINE('',#7563,#7564);
#7563 = CARTESIAN_POINT('',(0.,-3.,0.));
#7564 = VECTOR('',#7565,1.);
#7565 = DIRECTION('',(0.,0.,1.));
#7566 = ORIENTED_EDGE('',*,*,#3664,.T.);
#7567 = ORIENTED_EDGE('',*,*,#7527,.F.);
#7568 = ORIENTED_EDGE('',*,*,#311,.F.);
#7569 = PLANE('',#7570);
#7570 = AXIS2_PLACEMENT_3D('',#7571,#7572,#7573);
#7571 = CARTESIAN_POINT('',(0.,-3.,0.));
#7572 = DIRECTION('',(-0.998968668035,4.540484869606E-02,0.));
#7573 = DIRECTION('',(4.540484869606E-02,0.998968668035,0.));
#7574 = ADVANCED_FACE('',(#7575),#7586,.T.);
#7575 = FACE_BOUND('',#7576,.T.);
#7576 = EDGE_LOOP('',(#7577,#7578,#7579,#7585));
#7577 = ORIENTED_EDGE('',*,*,#7546,.T.);
#7578 = ORIENTED_EDGE('',*,*,#3968,.T.);
#7579 = ORIENTED_EDGE('',*,*,#7580,.F.);
#7580 = EDGE_CURVE('',#608,#3961,#7581,.T.);
#7581 = LINE('',#7582,#7583);
#7582 = CARTESIAN_POINT('',(258.951951,-77.480304,0.));
#7583 = VECTOR('',#7584,1.);
#7584 = DIRECTION('',(0.,0.,1.));
#7585 = ORIENTED_EDGE('',*,*,#615,.F.);
#7586 = PLANE('',#7587);
#7587 = AXIS2_PLACEMENT_3D('',#7588,#7589,#7590);
#7588 = CARTESIAN_POINT('',(258.974563,-77.330873,0.));
#7589 = DIRECTION('',(0.988743966788,-0.149617405873,0.));
#7590 = DIRECTION('',(-0.149617405873,-0.988743966788,0.));
#7591 = ADVANCED_FACE('',(#7592),#7603,.T.);
#7592 = FACE_BOUND('',#7593,.T.);
#7593 = EDGE_LOOP('',(#7594,#7600,#7601,#7602));
#7594 = ORIENTED_EDGE('',*,*,#7595,.T.);
#7595 = EDGE_CURVE('',#320,#3673,#7596,.T.);
#7596 = LINE('',#7597,#7598);
#7597 = CARTESIAN_POINT('',(1.02E-03,-77.,0.));
#7598 = VECTOR('',#7599,1.);
#7599 = DIRECTION('',(0.,0.,1.));
#7600 = ORIENTED_EDGE('',*,*,#3672,.T.);
#7601 = ORIENTED_EDGE('',*,*,#7561,.F.);
#7602 = ORIENTED_EDGE('',*,*,#319,.F.);
#7603 = PLANE('',#7604);
#7604 = AXIS2_PLACEMENT_3D('',#7605,#7606,#7607);
#7605 = CARTESIAN_POINT('',(1.02E-03,-77.,0.));
#7606 = DIRECTION('',(-0.999999999905,-1.378378378247E-05,0.));
#7607 = DIRECTION('',(-1.378378378247E-05,0.999999999905,0.));
#7608 = ADVANCED_FACE('',(#7609),#7620,.T.);
#7609 = FACE_BOUND('',#7610,.T.);
#7610 = EDGE_LOOP('',(#7611,#7612,#7613,#7619));
#7611 = ORIENTED_EDGE('',*,*,#7580,.T.);
#7612 = ORIENTED_EDGE('',*,*,#3960,.T.);
#7613 = ORIENTED_EDGE('',*,*,#7614,.F.);
#7614 = EDGE_CURVE('',#600,#3953,#7615,.T.);
#7615 = LINE('',#7616,#7617);
#7616 = CARTESIAN_POINT('',(258.921523,-77.617599,0.));
#7617 = VECTOR('',#7618,1.);
#7618 = DIRECTION('',(0.,0.,1.));
#7619 = ORIENTED_EDGE('',*,*,#607,.F.);
#7620 = PLANE('',#7621);
#7621 = AXIS2_PLACEMENT_3D('',#7622,#7623,#7624);
#7622 = CARTESIAN_POINT('',(258.951951,-77.480304,0.));
#7623 = DIRECTION('',(0.976310383173,-0.21637475756,0.));
#7624 = DIRECTION('',(-0.21637475756,-0.976310383173,0.));
#7625 = ADVANCED_FACE('',(#7626),#7637,.T.);
#7626 = FACE_BOUND('',#7627,.T.);
#7627 = EDGE_LOOP('',(#7628,#7634,#7635,#7636));
#7628 = ORIENTED_EDGE('',*,*,#7629,.T.);
#7629 = EDGE_CURVE('',#328,#3681,#7630,.T.);
#7630 = LINE('',#7631,#7632);
#7631 = CARTESIAN_POINT('',(5.771E-03,-77.174669,0.));
#7632 = VECTOR('',#7633,1.);
#7633 = DIRECTION('',(0.,0.,1.));
#7634 = ORIENTED_EDGE('',*,*,#3680,.T.);
#7635 = ORIENTED_EDGE('',*,*,#7595,.F.);
#7636 = ORIENTED_EDGE('',*,*,#327,.F.);
#7637 = PLANE('',#7638);
#7638 = AXIS2_PLACEMENT_3D('',#7639,#7640,#7641);
#7639 = CARTESIAN_POINT('',(5.771E-03,-77.174669,0.));
#7640 = DIRECTION('',(-0.999630284637,-2.718996205572E-02,0.));
#7641 = DIRECTION('',(-2.718996205572E-02,0.999630284637,0.));
#7642 = ADVANCED_FACE('',(#7643),#7654,.T.);
#7643 = FACE_BOUND('',#7644,.T.);
#7644 = EDGE_LOOP('',(#7645,#7646,#7647,#7653));
#7645 = ORIENTED_EDGE('',*,*,#7614,.T.);
#7646 = ORIENTED_EDGE('',*,*,#3952,.T.);
#7647 = ORIENTED_EDGE('',*,*,#7648,.F.);
#7648 = EDGE_CURVE('',#592,#3945,#7649,.T.);
#7649 = LINE('',#7650,#7651);
#7650 = CARTESIAN_POINT('',(258.883514,-77.744816,0.));
#7651 = VECTOR('',#7652,1.);
#7652 = DIRECTION('',(0.,0.,1.));
#7653 = ORIENTED_EDGE('',*,*,#599,.F.);
#7654 = PLANE('',#7655);
#7655 = AXIS2_PLACEMENT_3D('',#7656,#7657,#7658);
#7656 = CARTESIAN_POINT('',(258.921523,-77.617599,0.));
#7657 = DIRECTION('',(0.958149260895,-0.286269093418,0.));
#7658 = DIRECTION('',(-0.286269093418,-0.958149260895,0.));
#7659 = ADVANCED_FACE('',(#7660),#7671,.T.);
#7660 = FACE_BOUND('',#7661,.T.);
#7661 = EDGE_LOOP('',(#7662,#7668,#7669,#7670));
#7662 = ORIENTED_EDGE('',*,*,#7663,.T.);
#7663 = EDGE_CURVE('',#336,#3689,#7664,.T.);
#7664 = LINE('',#7665,#7666);
#7665 = CARTESIAN_POINT('',(1.9784E-02,-77.336234,0.));
#7666 = VECTOR('',#7667,1.);
#7667 = DIRECTION('',(0.,0.,1.));
#7668 = ORIENTED_EDGE('',*,*,#3688,.T.);
#7669 = ORIENTED_EDGE('',*,*,#7629,.F.);
#7670 = ORIENTED_EDGE('',*,*,#335,.F.);
#7671 = PLANE('',#7672);
#7672 = AXIS2_PLACEMENT_3D('',#7673,#7674,#7675);
#7673 = CARTESIAN_POINT('',(1.9784E-02,-77.336234,0.));
#7674 = DIRECTION('',(-0.996259791436,-8.640849476922E-02,0.));
#7675 = DIRECTION('',(-8.640849476922E-02,0.996259791436,0.));
#7676 = ADVANCED_FACE('',(#7677),#7688,.T.);
#7677 = FACE_BOUND('',#7678,.T.);
#7678 = EDGE_LOOP('',(#7679,#7680,#7681,#7687));
#7679 = ORIENTED_EDGE('',*,*,#7648,.T.);
#7680 = ORIENTED_EDGE('',*,*,#3944,.T.);
#7681 = ORIENTED_EDGE('',*,*,#7682,.F.);
#7682 = EDGE_CURVE('',#584,#3937,#7683,.T.);
#7683 = LINE('',#7684,#7685);
#7684 = CARTESIAN_POINT('',(258.839045,-77.860672,0.));
#7685 = VECTOR('',#7686,1.);
#7686 = DIRECTION('',(0.,0.,1.));
#7687 = ORIENTED_EDGE('',*,*,#591,.F.);
#7688 = PLANE('',#7689);
#7689 = AXIS2_PLACEMENT_3D('',#7690,#7691,#7692);
#7690 = CARTESIAN_POINT('',(258.883514,-77.744816,0.));
#7691 = DIRECTION('',(0.933591079694,-0.358340195785,0.));
#7692 = DIRECTION('',(-0.358340195785,-0.933591079694,0.));
#7693 = ADVANCED_FACE('',(#7694),#7705,.T.);
#7694 = FACE_BOUND('',#7695,.T.);
#7695 = EDGE_LOOP('',(#7696,#7702,#7703,#7704));
#7696 = ORIENTED_EDGE('',*,*,#7697,.T.);
#7697 = EDGE_CURVE('',#344,#3697,#7698,.T.);
#7698 = LINE('',#7699,#7700);
#7699 = CARTESIAN_POINT('',(4.2396E-02,-77.485665,0.));
#7700 = VECTOR('',#7701,1.);
#7701 = DIRECTION('',(0.,0.,1.));
#7702 = ORIENTED_EDGE('',*,*,#3696,.T.);
#7703 = ORIENTED_EDGE('',*,*,#7663,.F.);
#7704 = ORIENTED_EDGE('',*,*,#343,.F.);
#7705 = PLANE('',#7706);
#7706 = AXIS2_PLACEMENT_3D('',#7707,#7708,#7709);
#7707 = CARTESIAN_POINT('',(4.2396E-02,-77.485665,0.));
#7708 = DIRECTION('',(-0.988743966788,-0.149617405873,0.));
#7709 = DIRECTION('',(-0.149617405873,0.988743966788,0.));
#7710 = ADVANCED_FACE('',(#7711),#7722,.T.);
#7711 = FACE_BOUND('',#7712,.T.);
#7712 = EDGE_LOOP('',(#7713,#7714,#7715,#7721));
#7713 = ORIENTED_EDGE('',*,*,#7682,.T.);
#7714 = ORIENTED_EDGE('',*,*,#3936,.T.);
#7715 = ORIENTED_EDGE('',*,*,#7716,.F.);
#7716 = EDGE_CURVE('',#576,#3929,#7717,.T.);
#7717 = LINE('',#7718,#7719);
#7718 = CARTESIAN_POINT('',(258.730793,-78.065283,0.));
#7719 = VECTOR('',#7720,1.);
#7720 = DIRECTION('',(0.,0.,1.));
#7721 = ORIENTED_EDGE('',*,*,#583,.F.);
#7722 = PLANE('',#7723);
#7723 = AXIS2_PLACEMENT_3D('',#7724,#7725,#7726);
#7724 = CARTESIAN_POINT('',(258.839045,-77.860672,0.));
#7725 = DIRECTION('',(0.883915556385,-0.467646543,0.));
#7726 = DIRECTION('',(-0.467646543,-0.883915556385,0.));
#7727 = ADVANCED_FACE('',(#7728),#7739,.T.);
#7728 = FACE_BOUND('',#7729,.T.);
#7729 = EDGE_LOOP('',(#7730,#7736,#7737,#7738));
#7730 = ORIENTED_EDGE('',*,*,#7731,.T.);
#7731 = EDGE_CURVE('',#352,#3705,#7732,.T.);
#7732 = LINE('',#7733,#7734);
#7733 = CARTESIAN_POINT('',(7.2824E-02,-77.62296,0.));
#7734 = VECTOR('',#7735,1.);
#7735 = DIRECTION('',(0.,0.,1.));
#7736 = ORIENTED_EDGE('',*,*,#3704,.T.);
#7737 = ORIENTED_EDGE('',*,*,#7697,.F.);
#7738 = ORIENTED_EDGE('',*,*,#351,.F.);
#7739 = PLANE('',#7740);
#7740 = AXIS2_PLACEMENT_3D('',#7741,#7742,#7743);
#7741 = CARTESIAN_POINT('',(7.2824E-02,-77.62296,0.));
#7742 = DIRECTION('',(-0.976310383173,-0.21637475756,0.));
#7743 = DIRECTION('',(-0.21637475756,0.976310383173,0.));
#7744 = ADVANCED_FACE('',(#7745),#7756,.T.);
#7745 = FACE_BOUND('',#7746,.T.);
#7746 = EDGE_LOOP('',(#7747,#7748,#7749,#7755));
#7747 = ORIENTED_EDGE('',*,*,#7716,.T.);
#7748 = ORIENTED_EDGE('',*,*,#3928,.T.);
#7749 = ORIENTED_EDGE('',*,*,#7750,.F.);
#7750 = EDGE_CURVE('',#568,#3921,#7751,.T.);
#7751 = LINE('',#7752,#7753);
#7752 = CARTESIAN_POINT('',(258.599278,-78.23569,0.));
#7753 = VECTOR('',#7754,1.);
#7754 = DIRECTION('',(0.,0.,1.));
#7755 = ORIENTED_EDGE('',*,*,#575,.F.);
#7756 = PLANE('',#7757);
#7757 = AXIS2_PLACEMENT_3D('',#7758,#7759,#7760);
#7758 = CARTESIAN_POINT('',(258.730793,-78.065283,0.));
#7759 = DIRECTION('',(0.791651541042,-0.610972861562,0.));
#7760 = DIRECTION('',(-0.610972861562,-0.791651541042,0.));
#7761 = ADVANCED_FACE('',(#7762),#7773,.T.);
#7762 = FACE_BOUND('',#7763,.T.);
#7763 = EDGE_LOOP('',(#7764,#7770,#7771,#7772));
#7764 = ORIENTED_EDGE('',*,*,#7765,.T.);
#7765 = EDGE_CURVE('',#360,#3713,#7766,.T.);
#7766 = LINE('',#7767,#7768);
#7767 = CARTESIAN_POINT('',(0.110833,-77.750177,0.));
#7768 = VECTOR('',#7769,1.);
#7769 = DIRECTION('',(0.,0.,1.));
#7770 = ORIENTED_EDGE('',*,*,#3712,.T.);
#7771 = ORIENTED_EDGE('',*,*,#7731,.F.);
#7772 = ORIENTED_EDGE('',*,*,#359,.F.);
#7773 = PLANE('',#7774);
#7774 = AXIS2_PLACEMENT_3D('',#7775,#7776,#7777);
#7775 = CARTESIAN_POINT('',(0.110833,-77.750177,0.));
#7776 = DIRECTION('',(-0.958149260895,-0.286269093418,0.));
#7777 = DIRECTION('',(-0.286269093418,0.958149260895,0.));
#7778 = ADVANCED_FACE('',(#7779),#7790,.T.);
#7779 = FACE_BOUND('',#7780,.T.);
#7780 = EDGE_LOOP('',(#7781,#7782,#7783,#7789));
#7781 = ORIENTED_EDGE('',*,*,#7750,.T.);
#7782 = ORIENTED_EDGE('',*,*,#3920,.T.);
#7783 = ORIENTED_EDGE('',*,*,#7784,.F.);
#7784 = EDGE_CURVE('',#560,#3913,#7785,.T.);
#7785 = LINE('',#7786,#7787);
#7786 = CARTESIAN_POINT('',(258.446176,-78.374909,0.));
#7787 = VECTOR('',#7788,1.);
#7788 = DIRECTION('',(0.,0.,1.));
#7789 = ORIENTED_EDGE('',*,*,#567,.F.);
#7790 = PLANE('',#7791);
#7791 = AXIS2_PLACEMENT_3D('',#7792,#7793,#7794);
#7792 = CARTESIAN_POINT('',(258.599278,-78.23569,0.));
#7793 = DIRECTION('',(0.672766354123,-0.73985500793,0.));
#7794 = DIRECTION('',(-0.73985500793,-0.672766354123,0.));
#7795 = ADVANCED_FACE('',(#7796),#7807,.T.);
#7796 = FACE_BOUND('',#7797,.T.);
#7797 = EDGE_LOOP('',(#7798,#7804,#7805,#7806));
#7798 = ORIENTED_EDGE('',*,*,#7799,.T.);
#7799 = EDGE_CURVE('',#368,#3721,#7800,.T.);
#7800 = LINE('',#7801,#7802);
#7801 = CARTESIAN_POINT('',(0.155302,-77.866033,0.));
#7802 = VECTOR('',#7803,1.);
#7803 = DIRECTION('',(0.,0.,1.));
#7804 = ORIENTED_EDGE('',*,*,#3720,.T.);
#7805 = ORIENTED_EDGE('',*,*,#7765,.F.);
#7806 = ORIENTED_EDGE('',*,*,#367,.F.);
#7807 = PLANE('',#7808);
#7808 = AXIS2_PLACEMENT_3D('',#7809,#7810,#7811);
#7809 = CARTESIAN_POINT('',(0.155302,-77.866033,0.));
#7810 = DIRECTION('',(-0.933591079694,-0.358340195785,0.));
#7811 = DIRECTION('',(-0.358340195785,0.933591079694,0.));
#7812 = ADVANCED_FACE('',(#7813),#7824,.T.);
#7813 = FACE_BOUND('',#7814,.T.);
#7814 = EDGE_LOOP('',(#7815,#7816,#7817,#7823));
#7815 = ORIENTED_EDGE('',*,*,#7784,.T.);
#7816 = ORIENTED_EDGE('',*,*,#3912,.T.);
#7817 = ORIENTED_EDGE('',*,*,#7818,.F.);
#7818 = EDGE_CURVE('',#552,#3905,#7819,.T.);
#7819 = LINE('',#7820,#7821);
#7820 = CARTESIAN_POINT('',(258.273278,-78.484447,0.));
#7821 = VECTOR('',#7822,1.);
#7822 = DIRECTION('',(0.,0.,1.));
#7823 = ORIENTED_EDGE('',*,*,#559,.F.);
#7824 = PLANE('',#7825);
#7825 = AXIS2_PLACEMENT_3D('',#7826,#7827,#7828);
#7826 = CARTESIAN_POINT('',(258.446176,-78.374909,0.));
#7827 = DIRECTION('',(0.535177377261,-0.844739708353,0.));
#7828 = DIRECTION('',(-0.844739708353,-0.535177377261,0.));
#7829 = ADVANCED_FACE('',(#7830),#7841,.T.);
#7830 = FACE_BOUND('',#7831,.T.);
#7831 = EDGE_LOOP('',(#7832,#7838,#7839,#7840));
#7832 = ORIENTED_EDGE('',*,*,#7833,.T.);
#7833 = EDGE_CURVE('',#376,#3729,#7834,.T.);
#7834 = LINE('',#7835,#7836);
#7835 = CARTESIAN_POINT('',(0.263554,-78.070644,0.));
#7836 = VECTOR('',#7837,1.);
#7837 = DIRECTION('',(0.,0.,1.));
#7838 = ORIENTED_EDGE('',*,*,#3728,.T.);
#7839 = ORIENTED_EDGE('',*,*,#7799,.F.);
#7840 = ORIENTED_EDGE('',*,*,#375,.F.);
#7841 = PLANE('',#7842);
#7842 = AXIS2_PLACEMENT_3D('',#7843,#7844,#7845);
#7843 = CARTESIAN_POINT('',(0.263554,-78.070644,0.));
#7844 = DIRECTION('',(-0.883915556385,-0.467646543,0.));
#7845 = DIRECTION('',(-0.467646543,0.883915556385,0.));
#7846 = ADVANCED_FACE('',(#7847),#7858,.T.);
#7847 = FACE_BOUND('',#7848,.T.);
#7848 = EDGE_LOOP('',(#7849,#7850,#7851,#7857));
#7849 = ORIENTED_EDGE('',*,*,#7818,.T.);
#7850 = ORIENTED_EDGE('',*,*,#3904,.T.);
#7851 = ORIENTED_EDGE('',*,*,#7852,.F.);
#7852 = EDGE_CURVE('',#544,#3897,#7853,.T.);
#7853 = LINE('',#7854,#7855);
#7854 = CARTESIAN_POINT('',(258.084955,-78.564262,0.));
#7855 = VECTOR('',#7856,1.);
#7856 = DIRECTION('',(0.,0.,1.));
#7857 = ORIENTED_EDGE('',*,*,#551,.F.);
#7858 = PLANE('',#7859);
#7859 = AXIS2_PLACEMENT_3D('',#7860,#7861,#7862);
#7860 = CARTESIAN_POINT('',(258.273278,-78.484447,0.));
#7861 = DIRECTION('',(0.390219987442,-0.92072165251,0.));
#7862 = DIRECTION('',(-0.92072165251,-0.390219987442,0.));
#7863 = ADVANCED_FACE('',(#7864),#7875,.T.);
#7864 = FACE_BOUND('',#7865,.T.);
#7865 = EDGE_LOOP('',(#7866,#7872,#7873,#7874));
#7866 = ORIENTED_EDGE('',*,*,#7867,.T.);
#7867 = EDGE_CURVE('',#384,#3737,#7868,.T.);
#7868 = LINE('',#7869,#7870);
#7869 = CARTESIAN_POINT('',(0.395069,-78.241051,0.));
#7870 = VECTOR('',#7871,1.);
#7871 = DIRECTION('',(0.,0.,1.));
#7872 = ORIENTED_EDGE('',*,*,#3736,.T.);
#7873 = ORIENTED_EDGE('',*,*,#7833,.F.);
#7874 = ORIENTED_EDGE('',*,*,#383,.F.);
#7875 = PLANE('',#7876);
#7876 = AXIS2_PLACEMENT_3D('',#7877,#7878,#7879);
#7877 = CARTESIAN_POINT('',(0.395069,-78.241051,0.));
#7878 = DIRECTION('',(-0.791651541042,-0.610972861562,0.));
#7879 = DIRECTION('',(-0.610972861562,0.791651541042,0.));
#7880 = ADVANCED_FACE('',(#7881),#7892,.T.);
#7881 = FACE_BOUND('',#7882,.T.);
#7882 = EDGE_LOOP('',(#7883,#7884,#7885,#7891));
#7883 = ORIENTED_EDGE('',*,*,#7852,.T.);
#7884 = ORIENTED_EDGE('',*,*,#3896,.T.);
#7885 = ORIENTED_EDGE('',*,*,#7886,.F.);
#7886 = EDGE_CURVE('',#536,#3889,#7887,.T.);
#7887 = LINE('',#7888,#7889);
#7888 = CARTESIAN_POINT('',(257.896386,-78.613543,0.));
#7889 = VECTOR('',#7890,1.);
#7890 = DIRECTION('',(0.,0.,1.));
#7891 = ORIENTED_EDGE('',*,*,#543,.F.);
#7892 = PLANE('',#7893);
#7893 = AXIS2_PLACEMENT_3D('',#7894,#7895,#7896);
#7894 = CARTESIAN_POINT('',(258.084955,-78.564262,0.));
#7895 = DIRECTION('',(0.252849833767,-0.967505535676,0.));
#7896 = DIRECTION('',(-0.967505535676,-0.252849833767,0.));
#7897 = ADVANCED_FACE('',(#7898),#7909,.T.);
#7898 = FACE_BOUND('',#7899,.T.);
#7899 = EDGE_LOOP('',(#7900,#7906,#7907,#7908));
#7900 = ORIENTED_EDGE('',*,*,#7901,.T.);
#7901 = EDGE_CURVE('',#392,#3745,#7902,.T.);
#7902 = LINE('',#7903,#7904);
#7903 = CARTESIAN_POINT('',(0.548171,-78.38027,0.));
#7904 = VECTOR('',#7905,1.);
#7905 = DIRECTION('',(0.,0.,1.));
#7906 = ORIENTED_EDGE('',*,*,#3744,.T.);
#7907 = ORIENTED_EDGE('',*,*,#7867,.F.);
#7908 = ORIENTED_EDGE('',*,*,#391,.F.);
#7909 = PLANE('',#7910);
#7910 = AXIS2_PLACEMENT_3D('',#7911,#7912,#7913);
#7911 = CARTESIAN_POINT('',(0.548171,-78.38027,0.));
#7912 = DIRECTION('',(-0.672766354124,-0.73985500793,0.));
#7913 = DIRECTION('',(-0.73985500793,0.672766354124,0.));
#7914 = ADVANCED_FACE('',(#7915),#7926,.T.);
#7915 = FACE_BOUND('',#7916,.T.);
#7916 = EDGE_LOOP('',(#7917,#7918,#7919,#7925));
#7917 = ORIENTED_EDGE('',*,*,#7886,.T.);
#7918 = ORIENTED_EDGE('',*,*,#3888,.T.);
#7919 = ORIENTED_EDGE('',*,*,#7920,.F.);
#7920 = EDGE_CURVE('',#528,#3881,#7921,.T.);
#7921 = LINE('',#7922,#7923);
#7922 = CARTESIAN_POINT('',(257.845934,-78.622821,0.));
#7923 = VECTOR('',#7924,1.);
#7924 = DIRECTION('',(0.,0.,1.));
#7925 = ORIENTED_EDGE('',*,*,#535,.F.);
#7926 = PLANE('',#7927);
#7927 = AXIS2_PLACEMENT_3D('',#7928,#7929,#7930);
#7928 = CARTESIAN_POINT('',(257.896386,-78.613543,0.));
#7929 = DIRECTION('',(0.18086472412,-0.983507982463,0.));
#7930 = DIRECTION('',(-0.983507982463,-0.18086472412,0.));
#7931 = ADVANCED_FACE('',(#7932),#7943,.T.);
#7932 = FACE_BOUND('',#7933,.T.);
#7933 = EDGE_LOOP('',(#7934,#7940,#7941,#7942));
#7934 = ORIENTED_EDGE('',*,*,#7935,.T.);
#7935 = EDGE_CURVE('',#400,#3753,#7936,.T.);
#7936 = LINE('',#7937,#7938);
#7937 = CARTESIAN_POINT('',(0.721069,-78.489808,0.));
#7938 = VECTOR('',#7939,1.);
#7939 = DIRECTION('',(0.,0.,1.));
#7940 = ORIENTED_EDGE('',*,*,#3752,.T.);
#7941 = ORIENTED_EDGE('',*,*,#7901,.F.);
#7942 = ORIENTED_EDGE('',*,*,#399,.F.);
#7943 = PLANE('',#7944);
#7944 = AXIS2_PLACEMENT_3D('',#7945,#7946,#7947);
#7945 = CARTESIAN_POINT('',(0.721069,-78.489808,0.));
#7946 = DIRECTION('',(-0.535177377261,-0.844739708353,0.));
#7947 = DIRECTION('',(-0.844739708353,0.535177377261,0.));
#7948 = ADVANCED_FACE('',(#7949),#7960,.T.);
#7949 = FACE_BOUND('',#7950,.T.);
#7950 = EDGE_LOOP('',(#7951,#7952,#7953,#7959));
#7951 = ORIENTED_EDGE('',*,*,#7920,.T.);
#7952 = ORIENTED_EDGE('',*,*,#3880,.T.);
#7953 = ORIENTED_EDGE('',*,*,#7954,.F.);
#7954 = EDGE_CURVE('',#520,#3873,#7955,.T.);
#7955 = LINE('',#7956,#7957);
#7956 = CARTESIAN_POINT('',(257.845848,-78.622836,0.));
#7957 = VECTOR('',#7958,1.);
#7958 = DIRECTION('',(0.,0.,1.));
#7959 = ORIENTED_EDGE('',*,*,#527,.F.);
#7960 = PLANE('',#7961);
#7961 = AXIS2_PLACEMENT_3D('',#7962,#7963,#7964);
#7962 = CARTESIAN_POINT('',(257.845934,-78.622821,0.));
#7963 = DIRECTION('',(0.17182457498,-0.985127563026,0.));
#7964 = DIRECTION('',(-0.985127563026,-0.17182457498,0.));
#7965 = ADVANCED_FACE('',(#7966),#7977,.T.);
#7966 = FACE_BOUND('',#7967,.T.);
#7967 = EDGE_LOOP('',(#7968,#7974,#7975,#7976));
#7968 = ORIENTED_EDGE('',*,*,#7969,.T.);
#7969 = EDGE_CURVE('',#408,#3761,#7970,.T.);
#7970 = LINE('',#7971,#7972);
#7971 = CARTESIAN_POINT('',(0.909392,-78.569623,0.));
#7972 = VECTOR('',#7973,1.);
#7973 = DIRECTION('',(0.,0.,1.));
#7974 = ORIENTED_EDGE('',*,*,#3760,.T.);
#7975 = ORIENTED_EDGE('',*,*,#7935,.F.);
#7976 = ORIENTED_EDGE('',*,*,#407,.F.);
#7977 = PLANE('',#7978);
#7978 = AXIS2_PLACEMENT_3D('',#7979,#7980,#7981);
#7979 = CARTESIAN_POINT('',(0.909392,-78.569623,0.));
#7980 = DIRECTION('',(-0.390219987442,-0.92072165251,0.));
#7981 = DIRECTION('',(-0.92072165251,0.390219987442,0.));
#7982 = ADVANCED_FACE('',(#7983),#7994,.T.);
#7983 = FACE_BOUND('',#7984,.T.);
#7984 = EDGE_LOOP('',(#7985,#7986,#7987,#7993));
#7985 = ORIENTED_EDGE('',*,*,#7954,.T.);
#7986 = ORIENTED_EDGE('',*,*,#3872,.T.);
#7987 = ORIENTED_EDGE('',*,*,#7988,.F.);
#7988 = EDGE_CURVE('',#512,#3865,#7989,.T.);
#7989 = LINE('',#7990,#7991);
#7990 = CARTESIAN_POINT('',(132.007651,-100.85381,0.));
#7991 = VECTOR('',#7992,1.);
#7992 = DIRECTION('',(0.,0.,1.));
#7993 = ORIENTED_EDGE('',*,*,#519,.F.);
#7994 = PLANE('',#7995);
#7995 = AXIS2_PLACEMENT_3D('',#7996,#7997,#7998);
#7996 = CARTESIAN_POINT('',(257.845848,-78.622836,0.));
#7997 = DIRECTION('',(0.173969242455,-0.984751086661,0.));
#7998 = DIRECTION('',(-0.984751086661,-0.173969242455,0.));
#7999 = ADVANCED_FACE('',(#8000),#8011,.T.);
#8000 = FACE_BOUND('',#8001,.T.);
#8001 = EDGE_LOOP('',(#8002,#8008,#8009,#8010));
#8002 = ORIENTED_EDGE('',*,*,#8003,.T.);
#8003 = EDGE_CURVE('',#416,#3769,#8004,.T.);
#8004 = LINE('',#8005,#8006);
#8005 = CARTESIAN_POINT('',(1.097961,-78.618904,0.));
#8006 = VECTOR('',#8007,1.);
#8007 = DIRECTION('',(0.,0.,1.));
#8008 = ORIENTED_EDGE('',*,*,#3768,.T.);
#8009 = ORIENTED_EDGE('',*,*,#7969,.F.);
#8010 = ORIENTED_EDGE('',*,*,#415,.F.);
#8011 = PLANE('',#8012);
#8012 = AXIS2_PLACEMENT_3D('',#8013,#8014,#8015);
#8013 = CARTESIAN_POINT('',(1.097961,-78.618904,0.));
#8014 = DIRECTION('',(-0.252849833767,-0.967505535676,0.));
#8015 = DIRECTION('',(-0.967505535676,0.252849833767,0.));
#8016 = ADVANCED_FACE('',(#8017),#8028,.T.);
#8017 = FACE_BOUND('',#8018,.T.);
#8018 = EDGE_LOOP('',(#8019,#8020,#8021,#8027));
#8019 = ORIENTED_EDGE('',*,*,#7988,.T.);
#8020 = ORIENTED_EDGE('',*,*,#3864,.T.);
#8021 = ORIENTED_EDGE('',*,*,#8022,.F.);
#8022 = EDGE_CURVE('',#504,#3857,#8023,.T.);
#8023 = LINE('',#8024,#8025);
#8024 = CARTESIAN_POINT('',(132.007645,-100.853811,0.));
#8025 = VECTOR('',#8026,1.);
#8026 = DIRECTION('',(0.,0.,1.));
#8027 = ORIENTED_EDGE('',*,*,#511,.F.);
#8028 = PLANE('',#8029);
#8029 = AXIS2_PLACEMENT_3D('',#8030,#8031,#8032);
#8030 = CARTESIAN_POINT('',(132.007651,-100.85381,0.));
#8031 = DIRECTION('',(0.164398986548,-0.986393923958,0.));
#8032 = DIRECTION('',(-0.986393923958,-0.164398986548,0.));
#8033 = ADVANCED_FACE('',(#8034),#8045,.T.);
#8034 = FACE_BOUND('',#8035,.T.);
#8035 = EDGE_LOOP('',(#8036,#8042,#8043,#8044));
#8036 = ORIENTED_EDGE('',*,*,#8037,.T.);
#8037 = EDGE_CURVE('',#424,#3777,#8038,.T.);
#8038 = LINE('',#8039,#8040);
#8039 = CARTESIAN_POINT('',(1.148413,-78.628182,0.));
#8040 = VECTOR('',#8041,1.);
#8041 = DIRECTION('',(0.,0.,1.));
#8042 = ORIENTED_EDGE('',*,*,#3776,.T.);
#8043 = ORIENTED_EDGE('',*,*,#8003,.F.);
#8044 = ORIENTED_EDGE('',*,*,#423,.F.);
#8045 = PLANE('',#8046);
#8046 = AXIS2_PLACEMENT_3D('',#8047,#8048,#8049);
#8047 = CARTESIAN_POINT('',(1.148413,-78.628182,0.));
#8048 = DIRECTION('',(-0.18086472412,-0.983507982463,0.));
#8049 = DIRECTION('',(-0.983507982463,0.18086472412,0.));
#8050 = ADVANCED_FACE('',(#8051),#8062,.T.);
#8051 = FACE_BOUND('',#8052,.T.);
#8052 = EDGE_LOOP('',(#8053,#8054,#8055,#8061));
#8053 = ORIENTED_EDGE('',*,*,#8022,.T.);
#8054 = ORIENTED_EDGE('',*,*,#3856,.T.);
#8055 = ORIENTED_EDGE('',*,*,#8056,.F.);
#8056 = EDGE_CURVE('',#496,#3849,#8057,.T.);
#8057 = LINE('',#8058,#8059);
#8058 = CARTESIAN_POINT('',(131.935137,-100.865736,0.));
#8059 = VECTOR('',#8060,1.);
#8060 = DIRECTION('',(0.,0.,1.));
#8061 = ORIENTED_EDGE('',*,*,#503,.F.);
#8062 = PLANE('',#8063);
#8063 = AXIS2_PLACEMENT_3D('',#8064,#8065,#8066);
#8064 = CARTESIAN_POINT('',(132.007645,-100.853811,0.));
#8065 = DIRECTION('',(0.16228447035,-0.986744014769,0.));
#8066 = DIRECTION('',(-0.986744014769,-0.16228447035,0.));
#8067 = ADVANCED_FACE('',(#8068),#8079,.T.);
#8068 = FACE_BOUND('',#8069,.T.);
#8069 = EDGE_LOOP('',(#8070,#8076,#8077,#8078));
#8070 = ORIENTED_EDGE('',*,*,#8071,.T.);
#8071 = EDGE_CURVE('',#432,#3785,#8072,.T.);
#8072 = LINE('',#8073,#8074);
#8073 = CARTESIAN_POINT('',(1.148499,-78.628197,0.));
#8074 = VECTOR('',#8075,1.);
#8075 = DIRECTION('',(0.,0.,1.));
#8076 = ORIENTED_EDGE('',*,*,#3784,.T.);
#8077 = ORIENTED_EDGE('',*,*,#8037,.F.);
#8078 = ORIENTED_EDGE('',*,*,#431,.F.);
#8079 = PLANE('',#8080);
#8080 = AXIS2_PLACEMENT_3D('',#8081,#8082,#8083);
#8081 = CARTESIAN_POINT('',(1.148499,-78.628197,0.));
#8082 = DIRECTION('',(-0.171824575,-0.985127563022,0.));
#8083 = DIRECTION('',(-0.985127563022,0.171824575,0.));
#8084 = ADVANCED_FACE('',(#8085),#8096,.T.);
#8085 = FACE_BOUND('',#8086,.T.);
#8086 = EDGE_LOOP('',(#8087,#8088,#8089,#8095));
#8087 = ORIENTED_EDGE('',*,*,#8056,.T.);
#8088 = ORIENTED_EDGE('',*,*,#3848,.T.);
#8089 = ORIENTED_EDGE('',*,*,#8090,.F.);
#8090 = EDGE_CURVE('',#488,#3841,#8091,.T.);
#8091 = LINE('',#8092,#8093);
#8092 = CARTESIAN_POINT('',(131.373725,-100.940683,0.));
#8093 = VECTOR('',#8094,1.);
#8094 = DIRECTION('',(0.,0.,1.));
#8095 = ORIENTED_EDGE('',*,*,#495,.F.);
#8096 = PLANE('',#8097);
#8097 = AXIS2_PLACEMENT_3D('',#8098,#8099,#8100);
#8098 = CARTESIAN_POINT('',(131.935137,-100.865736,0.));
#8099 = DIRECTION('',(0.132323428315,-0.991206593157,0.));
#8100 = DIRECTION('',(-0.991206593157,-0.132323428315,0.));
#8101 = ADVANCED_FACE('',(#8102),#8113,.T.);
#8102 = FACE_BOUND('',#8103,.T.);
#8103 = EDGE_LOOP('',(#8104,#8110,#8111,#8112));
#8104 = ORIENTED_EDGE('',*,*,#8105,.T.);
#8105 = EDGE_CURVE('',#440,#3793,#8106,.T.);
#8106 = LINE('',#8107,#8108);
#8107 = CARTESIAN_POINT('',(127.001546,-100.861795,0.));
#8108 = VECTOR('',#8109,1.);
#8109 = DIRECTION('',(0.,0.,1.));
#8110 = ORIENTED_EDGE('',*,*,#3792,.T.);
#8111 = ORIENTED_EDGE('',*,*,#8071,.F.);
#8112 = ORIENTED_EDGE('',*,*,#439,.F.);
#8113 = PLANE('',#8114);
#8114 = AXIS2_PLACEMENT_3D('',#8115,#8116,#8117);
#8115 = CARTESIAN_POINT('',(127.001546,-100.861795,0.));
#8116 = DIRECTION('',(-0.173969246644,-0.984751085921,0.));
#8117 = DIRECTION('',(-0.984751085921,0.173969246644,0.));
#8118 = ADVANCED_FACE('',(#8119),#8130,.T.);
#8119 = FACE_BOUND('',#8120,.T.);
#8120 = EDGE_LOOP('',(#8121,#8122,#8123,#8129));
#8121 = ORIENTED_EDGE('',*,*,#8090,.T.);
#8122 = ORIENTED_EDGE('',*,*,#3840,.T.);
#8123 = ORIENTED_EDGE('',*,*,#8124,.F.);
#8124 = EDGE_CURVE('',#480,#3833,#8125,.T.);
#8125 = LINE('',#8126,#8127);
#8126 = CARTESIAN_POINT('',(130.632585,-101.008929,0.));
#8127 = VECTOR('',#8128,1.);
#8128 = DIRECTION('',(0.,0.,1.));
#8129 = ORIENTED_EDGE('',*,*,#487,.F.);
#8130 = PLANE('',#8131);
#8131 = AXIS2_PLACEMENT_3D('',#8132,#8133,#8134);
#8132 = CARTESIAN_POINT('',(131.373725,-100.940683,0.));
#8133 = DIRECTION('',(9.169454084287E-02,-0.995787181671,0.));
#8134 = DIRECTION('',(-0.995787181671,-9.169454084287E-02,0.));
#8135 = ADVANCED_FACE('',(#8136),#8147,.T.);
#8136 = FACE_BOUND('',#8137,.T.);
#8137 = EDGE_LOOP('',(#8138,#8144,#8145,#8146));
#8138 = ORIENTED_EDGE('',*,*,#8139,.T.);
#8139 = EDGE_CURVE('',#448,#3801,#8140,.T.);
#8140 = LINE('',#8141,#8142);
#8141 = CARTESIAN_POINT('',(127.648534,-100.956964,0.));
#8142 = VECTOR('',#8143,1.);
#8143 = DIRECTION('',(0.,0.,1.));
#8144 = ORIENTED_EDGE('',*,*,#3800,.T.);
#8145 = ORIENTED_EDGE('',*,*,#8105,.F.);
#8146 = ORIENTED_EDGE('',*,*,#447,.F.);
#8147 = PLANE('',#8148);
#8148 = AXIS2_PLACEMENT_3D('',#8149,#8150,#8151);
#8149 = CARTESIAN_POINT('',(127.648534,-100.956964,0.));
#8150 = DIRECTION('',(-0.145529473334,-0.98935391665,0.));
#8151 = DIRECTION('',(-0.98935391665,0.145529473334,0.));
#8152 = ADVANCED_FACE('',(#8153),#8164,.T.);
#8153 = FACE_BOUND('',#8154,.T.);
#8154 = EDGE_LOOP('',(#8155,#8156,#8157,#8163));
#8155 = ORIENTED_EDGE('',*,*,#8124,.T.);
#8156 = ORIENTED_EDGE('',*,*,#3832,.T.);
#8157 = ORIENTED_EDGE('',*,*,#8158,.F.);
#8158 = EDGE_CURVE('',#472,#3825,#8159,.T.);
#8159 = LINE('',#8160,#8161);
#8160 = CARTESIAN_POINT('',(129.851827,-101.047641,0.));
#8161 = VECTOR('',#8162,1.);
#8162 = DIRECTION('',(0.,0.,1.));
#8163 = ORIENTED_EDGE('',*,*,#479,.F.);
#8164 = PLANE('',#8165);
#8165 = AXIS2_PLACEMENT_3D('',#8166,#8167,#8168);
#8166 = CARTESIAN_POINT('',(130.632585,-101.008929,0.));
#8167 = DIRECTION('',(4.952174955049E-02,-0.998773045452,0.));
#8168 = DIRECTION('',(-0.998773045452,-4.952174955049E-02,0.));
#8169 = ADVANCED_FACE('',(#8170),#8181,.T.);
#8170 = FACE_BOUND('',#8171,.T.);
#8171 = EDGE_LOOP('',(#8172,#8178,#8179,#8180));
#8172 = ORIENTED_EDGE('',*,*,#8173,.T.);
#8173 = EDGE_CURVE('',#456,#3809,#8174,.T.);
#8174 = LINE('',#8175,#8176);
#8175 = CARTESIAN_POINT('',(128.343363,-101.021003,0.));
#8176 = VECTOR('',#8177,1.);
#8177 = DIRECTION('',(0.,0.,1.));
#8178 = ORIENTED_EDGE('',*,*,#3808,.T.);
#8179 = ORIENTED_EDGE('',*,*,#8139,.F.);
#8180 = ORIENTED_EDGE('',*,*,#455,.F.);
#8181 = PLANE('',#8182);
#8182 = AXIS2_PLACEMENT_3D('',#8183,#8184,#8185);
#8183 = CARTESIAN_POINT('',(128.343363,-101.021003,0.));
#8184 = DIRECTION('',(-9.177615477239E-02,-0.995779663086,0.));
#8185 = DIRECTION('',(-0.995779663086,9.177615477239E-02,0.));
#8186 = ADVANCED_FACE('',(#8187),#8198,.T.);
#8187 = FACE_BOUND('',#8188,.T.);
#8188 = EDGE_LOOP('',(#8189,#8190,#8191,#8197));
#8189 = ORIENTED_EDGE('',*,*,#8158,.T.);
#8190 = ORIENTED_EDGE('',*,*,#3824,.T.);
#8191 = ORIENTED_EDGE('',*,*,#8192,.F.);
#8192 = EDGE_CURVE('',#464,#3817,#8193,.T.);
#8193 = LINE('',#8194,#8195);
#8194 = CARTESIAN_POINT('',(129.081322,-101.051739,0.));
#8195 = VECTOR('',#8196,1.);
#8196 = DIRECTION('',(0.,0.,1.));
#8197 = ORIENTED_EDGE('',*,*,#471,.F.);
#8198 = PLANE('',#8199);
#8199 = AXIS2_PLACEMENT_3D('',#8200,#8201,#8202);
#8200 = CARTESIAN_POINT('',(129.851827,-101.047641,0.));
#8201 = DIRECTION('',(5.318514533134E-03,-0.999985856602,0.));
#8202 = DIRECTION('',(-0.999985856602,-5.318514533134E-03,0.));
#8203 = ADVANCED_FACE('',(#8204),#8210,.T.);
#8204 = FACE_BOUND('',#8205,.T.);
#8205 = EDGE_LOOP('',(#8206,#8207,#8208,#8209));
#8206 = ORIENTED_EDGE('',*,*,#8192,.T.);
#8207 = ORIENTED_EDGE('',*,*,#3816,.T.);
#8208 = ORIENTED_EDGE('',*,*,#8173,.F.);
#8209 = ORIENTED_EDGE('',*,*,#463,.F.);
#8210 = PLANE('',#8211);
#8211 = AXIS2_PLACEMENT_3D('',#8212,#8213,#8214);
#8212 = CARTESIAN_POINT('',(129.081322,-101.051739,0.));
#8213 = DIRECTION('',(-4.161393167653E-02,-0.999133765164,0.));
#8214 = DIRECTION('',(-0.999133765164,4.161393167653E-02,0.));
#8215 = ADVANCED_FACE('',(#8216),#8227,.F.);
#8216 = FACE_BOUND('',#8217,.T.);
#8217 = EDGE_LOOP('',(#8218,#8219,#8225,#8226));
#8218 = ORIENTED_EDGE('',*,*,#792,.T.);
#8219 = ORIENTED_EDGE('',*,*,#8220,.T.);
#8220 = EDGE_CURVE('',#793,#4146,#8221,.T.);
#8221 = LINE('',#8222,#8223);
#8222 = CARTESIAN_POINT('',(40.5,-80.4,-4.6E-02));
#8223 = VECTOR('',#8224,1.);
#8224 = DIRECTION('',(0.,0.,1.));
#8225 = ORIENTED_EDGE('',*,*,#4145,.F.);
#8226 = ORIENTED_EDGE('',*,*,#8220,.F.);
#8227 = CYLINDRICAL_SURFACE('',#8228,0.5);
#8228 = AXIS2_PLACEMENT_3D('',#8229,#8230,#8231);
#8229 = CARTESIAN_POINT('',(40.5,-79.9,-4.6E-02));
#8230 = DIRECTION('',(-0.,-0.,-1.));
#8231 = DIRECTION('',(-0.,-1.,0.));
#8232 = ADVANCED_FACE('',(#8233),#8244,.F.);
#8233 = FACE_BOUND('',#8234,.T.);
#8234 = EDGE_LOOP('',(#8235,#8236,#8242,#8243));
#8235 = ORIENTED_EDGE('',*,*,#803,.T.);
#8236 = ORIENTED_EDGE('',*,*,#8237,.T.);
#8237 = EDGE_CURVE('',#804,#4157,#8238,.T.);
#8238 = LINE('',#8239,#8240);
#8239 = CARTESIAN_POINT('',(37.998588,-79.958935,-4.6E-02));
#8240 = VECTOR('',#8241,1.);
#8241 = DIRECTION('',(0.,0.,1.));
#8242 = ORIENTED_EDGE('',*,*,#4156,.F.);
#8243 = ORIENTED_EDGE('',*,*,#8237,.F.);
#8244 = CYLINDRICAL_SURFACE('',#8245,0.5);
#8245 = AXIS2_PLACEMENT_3D('',#8246,#8247,#8248);
#8246 = CARTESIAN_POINT('',(37.998588,-79.458935,-4.6E-02));
#8247 = DIRECTION('',(-0.,-0.,-1.));
#8248 = DIRECTION('',(-0.,-1.,0.));
#8249 = ADVANCED_FACE('',(#8250),#8261,.F.);
#8250 = FACE_BOUND('',#8251,.T.);
#8251 = EDGE_LOOP('',(#8252,#8253,#8259,#8260));
#8252 = ORIENTED_EDGE('',*,*,#814,.T.);
#8253 = ORIENTED_EDGE('',*,*,#8254,.T.);
#8254 = EDGE_CURVE('',#815,#4168,#8255,.T.);
#8255 = LINE('',#8256,#8257);
#8256 = CARTESIAN_POINT('',(43.001413,-80.841067,-4.6E-02));
#8257 = VECTOR('',#8258,1.);
#8258 = DIRECTION('',(0.,0.,1.));
#8259 = ORIENTED_EDGE('',*,*,#4167,.F.);
#8260 = ORIENTED_EDGE('',*,*,#8254,.F.);
#8261 = CYLINDRICAL_SURFACE('',#8262,0.5);
#8262 = AXIS2_PLACEMENT_3D('',#8263,#8264,#8265);
#8263 = CARTESIAN_POINT('',(43.001413,-80.341067,-4.6E-02));
#8264 = DIRECTION('',(-0.,-0.,-1.));
#8265 = DIRECTION('',(-0.,-1.,0.));
#8266 = ADVANCED_FACE('',(#8267),#8278,.F.);
#8267 = FACE_BOUND('',#8268,.T.);
#8268 = EDGE_LOOP('',(#8269,#8270,#8276,#8277));
#8269 = ORIENTED_EDGE('',*,*,#825,.T.);
#8270 = ORIENTED_EDGE('',*,*,#8271,.T.);
#8271 = EDGE_CURVE('',#826,#4179,#8272,.T.);
#8272 = LINE('',#8273,#8274);
#8273 = CARTESIAN_POINT('',(32.995766,-79.076802,-4.6E-02));
#8274 = VECTOR('',#8275,1.);
#8275 = DIRECTION('',(0.,0.,1.));
#8276 = ORIENTED_EDGE('',*,*,#4178,.F.);
#8277 = ORIENTED_EDGE('',*,*,#8271,.F.);
#8278 = CYLINDRICAL_SURFACE('',#8279,0.5);
#8279 = AXIS2_PLACEMENT_3D('',#8280,#8281,#8282);
#8280 = CARTESIAN_POINT('',(32.995766,-78.576802,-4.6E-02));
#8281 = DIRECTION('',(-0.,-0.,-1.));
#8282 = DIRECTION('',(-0.,-1.,0.));
#8283 = ADVANCED_FACE('',(#8284),#8295,.F.);
#8284 = FACE_BOUND('',#8285,.T.);
#8285 = EDGE_LOOP('',(#8286,#8287,#8293,#8294));
#8286 = ORIENTED_EDGE('',*,*,#836,.T.);
#8287 = ORIENTED_EDGE('',*,*,#8288,.T.);
#8288 = EDGE_CURVE('',#837,#4190,#8289,.T.);
#8289 = LINE('',#8290,#8291);
#8290 = CARTESIAN_POINT('',(35.497173,-79.517864,-4.6E-02));
#8291 = VECTOR('',#8292,1.);
#8292 = DIRECTION('',(0.,0.,1.));
#8293 = ORIENTED_EDGE('',*,*,#4189,.F.);
#8294 = ORIENTED_EDGE('',*,*,#8288,.F.);
#8295 = CYLINDRICAL_SURFACE('',#8296,0.5);
#8296 = AXIS2_PLACEMENT_3D('',#8297,#8298,#8299);
#8297 = CARTESIAN_POINT('',(35.497173,-79.017864,-4.6E-02));
#8298 = DIRECTION('',(-0.,-0.,-1.));
#8299 = DIRECTION('',(-0.,-1.,0.));
#8300 = ADVANCED_FACE('',(#8301),#8317,.F.);
#8301 = FACE_BOUND('',#8302,.T.);
#8302 = EDGE_LOOP('',(#8303,#8304,#8310,#8311));
#8303 = ORIENTED_EDGE('',*,*,#847,.T.);
#8304 = ORIENTED_EDGE('',*,*,#8305,.T.);
#8305 = EDGE_CURVE('',#850,#4203,#8306,.T.);
#8306 = LINE('',#8307,#8308);
#8307 = CARTESIAN_POINT('',(1.199857,-64.430003,-4.6E-02));
#8308 = VECTOR('',#8309,1.);
#8309 = DIRECTION('',(0.,0.,1.));
#8310 = ORIENTED_EDGE('',*,*,#4200,.F.);
#8311 = ORIENTED_EDGE('',*,*,#8312,.F.);
#8312 = EDGE_CURVE('',#848,#4201,#8313,.T.);
#8313 = LINE('',#8314,#8315);
#8314 = CARTESIAN_POINT('',(1.199857,-65.230001,-4.6E-02));
#8315 = VECTOR('',#8316,1.);
#8316 = DIRECTION('',(0.,0.,1.));
#8317 = CYLINDRICAL_SURFACE('',#8318,0.399999);
#8318 = AXIS2_PLACEMENT_3D('',#8319,#8320,#8321);
#8319 = CARTESIAN_POINT('',(1.199857,-64.830002,-4.6E-02));
#8320 = DIRECTION('',(-0.,-0.,-1.));
#8321 = DIRECTION('',(-1.165737090199E-14,1.,0.));
#8322 = ADVANCED_FACE('',(#8323),#8334,.T.);
#8323 = FACE_BOUND('',#8324,.T.);
#8324 = EDGE_LOOP('',(#8325,#8326,#8327,#8328));
#8325 = ORIENTED_EDGE('',*,*,#875,.T.);
#8326 = ORIENTED_EDGE('',*,*,#8312,.T.);
#8327 = ORIENTED_EDGE('',*,*,#4228,.F.);
#8328 = ORIENTED_EDGE('',*,*,#8329,.F.);
#8329 = EDGE_CURVE('',#867,#4220,#8330,.T.);
#8330 = LINE('',#8331,#8332);
#8331 = CARTESIAN_POINT('',(1.799857,-65.230001,-4.6E-02));
#8332 = VECTOR('',#8333,1.);
#8333 = DIRECTION('',(0.,0.,1.));
#8334 = PLANE('',#8335);
#8335 = AXIS2_PLACEMENT_3D('',#8336,#8337,#8338);
#8336 = CARTESIAN_POINT('',(1.199857,-65.230001,-4.6E-02));
#8337 = DIRECTION('',(0.,1.,0.));
#8338 = DIRECTION('',(1.,0.,0.));
#8339 = ADVANCED_FACE('',(#8340),#8351,.F.);
#8340 = FACE_BOUND('',#8341,.T.);
#8341 = EDGE_LOOP('',(#8342,#8343,#8344,#8345));
#8342 = ORIENTED_EDGE('',*,*,#866,.T.);
#8343 = ORIENTED_EDGE('',*,*,#8329,.T.);
#8344 = ORIENTED_EDGE('',*,*,#4219,.F.);
#8345 = ORIENTED_EDGE('',*,*,#8346,.F.);
#8346 = EDGE_CURVE('',#859,#4212,#8347,.T.);
#8347 = LINE('',#8348,#8349);
#8348 = CARTESIAN_POINT('',(1.799857,-64.430003,-4.6E-02));
#8349 = VECTOR('',#8350,1.);
#8350 = DIRECTION('',(0.,0.,1.));
#8351 = CYLINDRICAL_SURFACE('',#8352,0.399999);
#8352 = AXIS2_PLACEMENT_3D('',#8353,#8354,#8355);
#8353 = CARTESIAN_POINT('',(1.799857,-64.830002,-4.6E-02));
#8354 = DIRECTION('',(-0.,0.,-1.));
#8355 = DIRECTION('',(1.221248380209E-14,-1.,-0.));
#8356 = ADVANCED_FACE('',(#8357),#8363,.T.);
#8357 = FACE_BOUND('',#8358,.T.);
#8358 = EDGE_LOOP('',(#8359,#8360,#8361,#8362));
#8359 = ORIENTED_EDGE('',*,*,#858,.T.);
#8360 = ORIENTED_EDGE('',*,*,#8346,.T.);
#8361 = ORIENTED_EDGE('',*,*,#4211,.F.);
#8362 = ORIENTED_EDGE('',*,*,#8305,.F.);
#8363 = PLANE('',#8364);
#8364 = AXIS2_PLACEMENT_3D('',#8365,#8366,#8367);
#8365 = CARTESIAN_POINT('',(1.799857,-64.430003,-4.6E-02));
#8366 = DIRECTION('',(0.,-1.,0.));
#8367 = DIRECTION('',(-1.,0.,0.));
#8368 = ADVANCED_FACE('',(#8369),#8385,.F.);
#8369 = FACE_BOUND('',#8370,.T.);
#8370 = EDGE_LOOP('',(#8371,#8372,#8378,#8379));
#8371 = ORIENTED_EDGE('',*,*,#883,.T.);
#8372 = ORIENTED_EDGE('',*,*,#8373,.T.);
#8373 = EDGE_CURVE('',#886,#4239,#8374,.T.);
#8374 = LINE('',#8375,#8376);
#8375 = CARTESIAN_POINT('',(5.279869,-64.430003,-4.6E-02));
#8376 = VECTOR('',#8377,1.);
#8377 = DIRECTION('',(0.,0.,1.));
#8378 = ORIENTED_EDGE('',*,*,#4236,.F.);
#8379 = ORIENTED_EDGE('',*,*,#8380,.F.);
#8380 = EDGE_CURVE('',#884,#4237,#8381,.T.);
#8381 = LINE('',#8382,#8383);
#8382 = CARTESIAN_POINT('',(5.279869,-65.230001,-4.6E-02));
#8383 = VECTOR('',#8384,1.);
#8384 = DIRECTION('',(0.,0.,1.));
#8385 = CYLINDRICAL_SURFACE('',#8386,0.399999);
#8386 = AXIS2_PLACEMENT_3D('',#8387,#8388,#8389);
#8387 = CARTESIAN_POINT('',(5.279869,-64.830002,-4.6E-02));
#8388 = DIRECTION('',(-0.,-0.,-1.));
#8389 = DIRECTION('',(-1.332270960228E-14,1.,0.));
#8390 = ADVANCED_FACE('',(#8391),#8402,.T.);
#8391 = FACE_BOUND('',#8392,.T.);
#8392 = EDGE_LOOP('',(#8393,#8394,#8395,#8396));
#8393 = ORIENTED_EDGE('',*,*,#911,.T.);
#8394 = ORIENTED_EDGE('',*,*,#8380,.T.);
#8395 = ORIENTED_EDGE('',*,*,#4264,.F.);
#8396 = ORIENTED_EDGE('',*,*,#8397,.F.);
#8397 = EDGE_CURVE('',#903,#4256,#8398,.T.);
#8398 = LINE('',#8399,#8400);
#8399 = CARTESIAN_POINT('',(6.079843,-65.230001,-4.6E-02));
#8400 = VECTOR('',#8401,1.);
#8401 = DIRECTION('',(0.,0.,1.));
#8402 = PLANE('',#8403);
#8403 = AXIS2_PLACEMENT_3D('',#8404,#8405,#8406);
#8404 = CARTESIAN_POINT('',(5.279869,-65.230001,-4.6E-02));
#8405 = DIRECTION('',(0.,1.,0.));
#8406 = DIRECTION('',(1.,0.,0.));
#8407 = ADVANCED_FACE('',(#8408),#8419,.F.);
#8408 = FACE_BOUND('',#8409,.T.);
#8409 = EDGE_LOOP('',(#8410,#8411,#8412,#8413));
#8410 = ORIENTED_EDGE('',*,*,#902,.T.);
#8411 = ORIENTED_EDGE('',*,*,#8397,.T.);
#8412 = ORIENTED_EDGE('',*,*,#4255,.F.);
#8413 = ORIENTED_EDGE('',*,*,#8414,.F.);
#8414 = EDGE_CURVE('',#895,#4248,#8415,.T.);
#8415 = LINE('',#8416,#8417);
#8416 = CARTESIAN_POINT('',(6.079843,-64.430003,-4.6E-02));
#8417 = VECTOR('',#8418,1.);
#8418 = DIRECTION('',(0.,0.,1.));
#8419 = CYLINDRICAL_SURFACE('',#8420,0.399999);
#8420 = AXIS2_PLACEMENT_3D('',#8421,#8422,#8423);
#8421 = CARTESIAN_POINT('',(6.079843,-64.830002,-4.6E-02));
#8422 = DIRECTION('',(-0.,0.,-1.));
#8423 = DIRECTION('',(1.332270960228E-14,-1.,-0.));
#8424 = ADVANCED_FACE('',(#8425),#8431,.T.);
#8425 = FACE_BOUND('',#8426,.T.);
#8426 = EDGE_LOOP('',(#8427,#8428,#8429,#8430));
#8427 = ORIENTED_EDGE('',*,*,#894,.T.);
#8428 = ORIENTED_EDGE('',*,*,#8414,.T.);
#8429 = ORIENTED_EDGE('',*,*,#4247,.F.);
#8430 = ORIENTED_EDGE('',*,*,#8373,.F.);
#8431 = PLANE('',#8432);
#8432 = AXIS2_PLACEMENT_3D('',#8433,#8434,#8435);
#8433 = CARTESIAN_POINT('',(6.079843,-64.430003,-4.6E-02));
#8434 = DIRECTION('',(0.,-1.,0.));
#8435 = DIRECTION('',(-1.,0.,0.));
#8436 = ADVANCED_FACE('',(#8437),#8448,.F.);
#8437 = FACE_BOUND('',#8438,.T.);
#8438 = EDGE_LOOP('',(#8439,#8440,#8446,#8447));
#8439 = ORIENTED_EDGE('',*,*,#919,.T.);
#8440 = ORIENTED_EDGE('',*,*,#8441,.T.);
#8441 = EDGE_CURVE('',#920,#4273,#8442,.T.);
#8442 = LINE('',#8443,#8444);
#8443 = CARTESIAN_POINT('',(5.179856,-63.774998,-4.6E-02));
#8444 = VECTOR('',#8445,1.);
#8445 = DIRECTION('',(0.,0.,1.));
#8446 = ORIENTED_EDGE('',*,*,#4272,.F.);
#8447 = ORIENTED_EDGE('',*,*,#8441,.F.);
#8448 = CYLINDRICAL_SURFACE('',#8449,0.375);
#8449 = AXIS2_PLACEMENT_3D('',#8450,#8451,#8452);
#8450 = CARTESIAN_POINT('',(5.179856,-63.399998,-4.6E-02));
#8451 = DIRECTION('',(-0.,-0.,-1.));
#8452 = DIRECTION('',(-0.,-1.,0.));
#8453 = ADVANCED_FACE('',(#8454),#8465,.F.);
#8454 = FACE_BOUND('',#8455,.T.);
#8455 = EDGE_LOOP('',(#8456,#8457,#8463,#8464));
#8456 = ORIENTED_EDGE('',*,*,#930,.T.);
#8457 = ORIENTED_EDGE('',*,*,#8458,.T.);
#8458 = EDGE_CURVE('',#931,#4284,#8459,.T.);
#8459 = LINE('',#8460,#8461);
#8460 = CARTESIAN_POINT('',(92.342123,-77.742867,-4.6E-02));
#8461 = VECTOR('',#8462,1.);
#8462 = DIRECTION('',(0.,0.,1.));
#8463 = ORIENTED_EDGE('',*,*,#4283,.F.);
#8464 = ORIENTED_EDGE('',*,*,#8458,.F.);
#8465 = CYLINDRICAL_SURFACE('',#8466,0.875);
#8466 = AXIS2_PLACEMENT_3D('',#8467,#8468,#8469);
#8467 = CARTESIAN_POINT('',(92.342123,-76.867867,-4.6E-02));
#8468 = DIRECTION('',(-0.,-0.,-1.));
#8469 = DIRECTION('',(-0.,-1.,0.));
#8470 = ADVANCED_FACE('',(#8471),#8482,.F.);
#8471 = FACE_BOUND('',#8472,.T.);
#8472 = EDGE_LOOP('',(#8473,#8474,#8480,#8481));
#8473 = ORIENTED_EDGE('',*,*,#941,.T.);
#8474 = ORIENTED_EDGE('',*,*,#8475,.T.);
#8475 = EDGE_CURVE('',#942,#4295,#8476,.T.);
#8476 = LINE('',#8477,#8478);
#8477 = CARTESIAN_POINT('',(79.436287,-76.528826,-4.6E-02));
#8478 = VECTOR('',#8479,1.);
#8479 = DIRECTION('',(0.,0.,1.));
#8480 = ORIENTED_EDGE('',*,*,#4294,.F.);
#8481 = ORIENTED_EDGE('',*,*,#8475,.F.);
#8482 = CYLINDRICAL_SURFACE('',#8483,2.);
#8483 = AXIS2_PLACEMENT_3D('',#8484,#8485,#8486);
#8484 = CARTESIAN_POINT('',(79.436287,-74.528826,-4.6E-02));
#8485 = DIRECTION('',(-0.,-0.,-1.));
#8486 = DIRECTION('',(-0.,-1.,0.));
#8487 = ADVANCED_FACE('',(#8488),#8499,.F.);
#8488 = FACE_BOUND('',#8489,.T.);
#8489 = EDGE_LOOP('',(#8490,#8491,#8497,#8498));
#8490 = ORIENTED_EDGE('',*,*,#952,.T.);
#8491 = ORIENTED_EDGE('',*,*,#8492,.T.);
#8492 = EDGE_CURVE('',#953,#4306,#8493,.T.);
#8493 = LINE('',#8494,#8495);
#8494 = CARTESIAN_POINT('',(74.433464,-74.521693,-4.6E-02));
#8495 = VECTOR('',#8496,1.);
#8496 = DIRECTION('',(0.,0.,1.));
#8497 = ORIENTED_EDGE('',*,*,#4305,.F.);
#8498 = ORIENTED_EDGE('',*,*,#8492,.F.);
#8499 = CYLINDRICAL_SURFACE('',#8500,0.875);
#8500 = AXIS2_PLACEMENT_3D('',#8501,#8502,#8503);
#8501 = CARTESIAN_POINT('',(74.433464,-73.646693,-4.6E-02));
#8502 = DIRECTION('',(-0.,-0.,-1.));
#8503 = DIRECTION('',(-0.,-1.,0.));
#8504 = ADVANCED_FACE('',(#8505),#8516,.F.);
#8505 = FACE_BOUND('',#8506,.T.);
#8506 = EDGE_LOOP('',(#8507,#8508,#8514,#8515));
#8507 = ORIENTED_EDGE('',*,*,#963,.T.);
#8508 = ORIENTED_EDGE('',*,*,#8509,.T.);
#8509 = EDGE_CURVE('',#964,#4317,#8510,.T.);
#8510 = LINE('',#8511,#8512);
#8511 = CARTESIAN_POINT('',(84.43911,-76.285959,-4.6E-02));
#8512 = VECTOR('',#8513,1.);
#8513 = DIRECTION('',(0.,0.,1.));
#8514 = ORIENTED_EDGE('',*,*,#4316,.F.);
#8515 = ORIENTED_EDGE('',*,*,#8509,.F.);
#8516 = CYLINDRICAL_SURFACE('',#8517,0.875);
#8517 = AXIS2_PLACEMENT_3D('',#8518,#8519,#8520);
#8518 = CARTESIAN_POINT('',(84.43911,-75.410959,-4.6E-02));
#8519 = DIRECTION('',(-0.,-0.,-1.));
#8520 = DIRECTION('',(-0.,-1.,0.));
#8521 = ADVANCED_FACE('',(#8522),#8533,.F.);
#8522 = FACE_BOUND('',#8523,.T.);
#8523 = EDGE_LOOP('',(#8524,#8525,#8531,#8532));
#8524 = ORIENTED_EDGE('',*,*,#974,.T.);
#8525 = ORIENTED_EDGE('',*,*,#8526,.T.);
#8526 = EDGE_CURVE('',#975,#4328,#8527,.T.);
#8527 = LINE('',#8528,#8529);
#8528 = CARTESIAN_POINT('',(94.033895,-75.336989,-4.6E-02));
#8529 = VECTOR('',#8530,1.);
#8530 = DIRECTION('',(0.,0.,1.));
#8531 = ORIENTED_EDGE('',*,*,#4327,.F.);
#8532 = ORIENTED_EDGE('',*,*,#8526,.F.);
#8533 = CYLINDRICAL_SURFACE('',#8534,0.75);
#8534 = AXIS2_PLACEMENT_3D('',#8535,#8536,#8537);
#8535 = CARTESIAN_POINT('',(94.033895,-74.586989,-4.6E-02));
#8536 = DIRECTION('',(-0.,-0.,-1.));
#8537 = DIRECTION('',(-0.,-1.,0.));
#8538 = ADVANCED_FACE('',(#8539),#8550,.F.);
#8539 = FACE_BOUND('',#8540,.T.);
#8540 = EDGE_LOOP('',(#8541,#8542,#8548,#8549));
#8541 = ORIENTED_EDGE('',*,*,#985,.T.);
#8542 = ORIENTED_EDGE('',*,*,#8543,.T.);
#8543 = EDGE_CURVE('',#986,#4339,#8544,.T.);
#8544 = LINE('',#8545,#8546);
#8545 = CARTESIAN_POINT('',(102.347769,-79.507133,-4.6E-02));
#8546 = VECTOR('',#8547,1.);
#8547 = DIRECTION('',(0.,0.,1.));
#8548 = ORIENTED_EDGE('',*,*,#4338,.F.);
#8549 = ORIENTED_EDGE('',*,*,#8543,.F.);
#8550 = CYLINDRICAL_SURFACE('',#8551,0.875);
#8551 = AXIS2_PLACEMENT_3D('',#8552,#8553,#8554);
#8552 = CARTESIAN_POINT('',(102.347769,-78.632133,-4.6E-02));
#8553 = DIRECTION('',(-0.,-0.,-1.));
#8554 = DIRECTION('',(-0.,-1.,0.));
#8555 = ADVANCED_FACE('',(#8556),#8567,.F.);
#8556 = FACE_BOUND('',#8557,.T.);
#8557 = EDGE_LOOP('',(#8558,#8559,#8565,#8566));
#8558 = ORIENTED_EDGE('',*,*,#996,.T.);
#8559 = ORIENTED_EDGE('',*,*,#8560,.T.);
#8560 = EDGE_CURVE('',#997,#4350,#8561,.T.);
#8561 = LINE('',#8562,#8563);
#8562 = CARTESIAN_POINT('',(97.344946,-79.75,-4.6E-02));
#8563 = VECTOR('',#8564,1.);
#8564 = DIRECTION('',(0.,0.,1.));
#8565 = ORIENTED_EDGE('',*,*,#4349,.F.);
#8566 = ORIENTED_EDGE('',*,*,#8560,.F.);
#8567 = CYLINDRICAL_SURFACE('',#8568,2.);
#8568 = AXIS2_PLACEMENT_3D('',#8569,#8570,#8571);
#8569 = CARTESIAN_POINT('',(97.344946,-77.75,-4.6E-02));
#8570 = DIRECTION('',(-0.,-0.,-1.));
#8571 = DIRECTION('',(-0.,-1.,0.));
#8572 = ADVANCED_FACE('',(#8573),#8584,.F.);
#8573 = FACE_BOUND('',#8574,.T.);
#8574 = EDGE_LOOP('',(#8575,#8576,#8582,#8583));
#8575 = ORIENTED_EDGE('',*,*,#1007,.T.);
#8576 = ORIENTED_EDGE('',*,*,#8577,.T.);
#8577 = EDGE_CURVE('',#1008,#4361,#8578,.T.);
#8578 = LINE('',#8579,#8580);
#8579 = CARTESIAN_POINT('',(124.02,-80.375,-4.6E-02));
#8580 = VECTOR('',#8581,1.);
#8581 = DIRECTION('',(0.,0.,1.));
#8582 = ORIENTED_EDGE('',*,*,#4360,.F.);
#8583 = ORIENTED_EDGE('',*,*,#8577,.F.);
#8584 = CYLINDRICAL_SURFACE('',#8585,0.875);
#8585 = AXIS2_PLACEMENT_3D('',#8586,#8587,#8588);
#8586 = CARTESIAN_POINT('',(124.02,-79.5,-4.6E-02));
#8587 = DIRECTION('',(-0.,-0.,-1.));
#8588 = DIRECTION('',(-0.,-1.,0.));
#8589 = ADVANCED_FACE('',(#8590),#8601,.F.);
#8590 = FACE_BOUND('',#8591,.T.);
#8591 = EDGE_LOOP('',(#8592,#8593,#8599,#8600));
#8592 = ORIENTED_EDGE('',*,*,#1018,.T.);
#8593 = ORIENTED_EDGE('',*,*,#8594,.T.);
#8594 = EDGE_CURVE('',#1019,#4372,#8595,.T.);
#8595 = LINE('',#8596,#8597);
#8596 = CARTESIAN_POINT('',(125.29,-77.71,-4.6E-02));
#8597 = VECTOR('',#8598,1.);
#8598 = DIRECTION('',(0.,0.,1.));
#8599 = ORIENTED_EDGE('',*,*,#4371,.F.);
#8600 = ORIENTED_EDGE('',*,*,#8594,.F.);
#8601 = CYLINDRICAL_SURFACE('',#8602,0.75);
#8602 = AXIS2_PLACEMENT_3D('',#8603,#8604,#8605);
#8603 = CARTESIAN_POINT('',(125.29,-76.96,-4.6E-02));
#8604 = DIRECTION('',(-0.,-0.,-1.));
#8605 = DIRECTION('',(-0.,-1.,0.));
#8606 = ADVANCED_FACE('',(#8607),#8618,.F.);
#8607 = FACE_BOUND('',#8608,.T.);
#8608 = EDGE_LOOP('',(#8609,#8610,#8616,#8617));
#8609 = ORIENTED_EDGE('',*,*,#1029,.T.);
#8610 = ORIENTED_EDGE('',*,*,#8611,.T.);
#8611 = EDGE_CURVE('',#1030,#4383,#8612,.T.);
#8612 = LINE('',#8613,#8614);
#8613 = CARTESIAN_POINT('',(100.72849,-73.938243,-4.6E-02));
#8614 = VECTOR('',#8615,1.);
#8615 = DIRECTION('',(0.,0.,1.));
#8616 = ORIENTED_EDGE('',*,*,#4382,.F.);
#8617 = ORIENTED_EDGE('',*,*,#8611,.F.);
#8618 = CYLINDRICAL_SURFACE('',#8619,0.75);
#8619 = AXIS2_PLACEMENT_3D('',#8620,#8621,#8622);
#8620 = CARTESIAN_POINT('',(100.72849,-73.188243,-4.6E-02));
#8621 = DIRECTION('',(-0.,-0.,-1.));
#8622 = DIRECTION('',(-0.,-1.,0.));
#8623 = ADVANCED_FACE('',(#8624),#8635,.F.);
#8624 = FACE_BOUND('',#8625,.T.);
#8625 = EDGE_LOOP('',(#8626,#8627,#8633,#8634));
#8626 = ORIENTED_EDGE('',*,*,#1040,.T.);
#8627 = ORIENTED_EDGE('',*,*,#8628,.T.);
#8628 = EDGE_CURVE('',#1041,#4394,#8629,.T.);
#8629 = LINE('',#8630,#8631);
#8630 = CARTESIAN_POINT('',(76.125236,-72.115815,-4.6E-02));
#8631 = VECTOR('',#8632,1.);
#8632 = DIRECTION('',(0.,0.,1.));
#8633 = ORIENTED_EDGE('',*,*,#4393,.F.);
#8634 = ORIENTED_EDGE('',*,*,#8628,.F.);
#8635 = CYLINDRICAL_SURFACE('',#8636,0.75);
#8636 = AXIS2_PLACEMENT_3D('',#8637,#8638,#8639);
#8637 = CARTESIAN_POINT('',(76.125236,-71.365815,-4.6E-02));
#8638 = DIRECTION('',(-0.,-0.,-1.));
#8639 = DIRECTION('',(-0.,-1.,0.));
#8640 = ADVANCED_FACE('',(#8641),#8652,.F.);
#8641 = FACE_BOUND('',#8642,.T.);
#8642 = EDGE_LOOP('',(#8643,#8644,#8650,#8651));
#8643 = ORIENTED_EDGE('',*,*,#1051,.T.);
#8644 = ORIENTED_EDGE('',*,*,#8645,.T.);
#8645 = EDGE_CURVE('',#1052,#4405,#8646,.T.);
#8646 = LINE('',#8647,#8648);
#8647 = CARTESIAN_POINT('',(82.819831,-70.717069,-4.6E-02));
#8648 = VECTOR('',#8649,1.);
#8649 = DIRECTION('',(0.,0.,1.));
#8650 = ORIENTED_EDGE('',*,*,#4404,.F.);
#8651 = ORIENTED_EDGE('',*,*,#8645,.F.);
#8652 = CYLINDRICAL_SURFACE('',#8653,0.75);
#8653 = AXIS2_PLACEMENT_3D('',#8654,#8655,#8656);
#8654 = CARTESIAN_POINT('',(82.819831,-69.967069,-4.6E-02));
#8655 = DIRECTION('',(-0.,-0.,-1.));
#8656 = DIRECTION('',(-0.,-1.,0.));
#8657 = ADVANCED_FACE('',(#8658),#8669,.F.);
#8658 = FACE_BOUND('',#8659,.T.);
#8659 = EDGE_LOOP('',(#8660,#8661,#8667,#8668));
#8660 = ORIENTED_EDGE('',*,*,#1062,.T.);
#8661 = ORIENTED_EDGE('',*,*,#8662,.T.);
#8662 = EDGE_CURVE('',#1063,#4416,#8663,.T.);
#8663 = LINE('',#8664,#8665);
#8664 = CARTESIAN_POINT('',(5.179859,-57.975,-4.6E-02));
#8665 = VECTOR('',#8666,1.);
#8666 = DIRECTION('',(0.,0.,1.));
#8667 = ORIENTED_EDGE('',*,*,#4415,.F.);
#8668 = ORIENTED_EDGE('',*,*,#8662,.F.);
#8669 = CYLINDRICAL_SURFACE('',#8670,0.375);
#8670 = AXIS2_PLACEMENT_3D('',#8671,#8672,#8673);
#8671 = CARTESIAN_POINT('',(5.179859,-57.6,-4.6E-02));
#8672 = DIRECTION('',(-0.,-0.,-1.));
#8673 = DIRECTION('',(-0.,-1.,0.));
#8674 = ADVANCED_FACE('',(#8675),#8691,.F.);
#8675 = FACE_BOUND('',#8676,.T.);
#8676 = EDGE_LOOP('',(#8677,#8678,#8684,#8685));
#8677 = ORIENTED_EDGE('',*,*,#1073,.T.);
#8678 = ORIENTED_EDGE('',*,*,#8679,.T.);
#8679 = EDGE_CURVE('',#1076,#4429,#8680,.T.);
#8680 = LINE('',#8681,#8682);
#8681 = CARTESIAN_POINT('',(1.199862,-55.769998,-4.6E-02));
#8682 = VECTOR('',#8683,1.);
#8683 = DIRECTION('',(0.,0.,1.));
#8684 = ORIENTED_EDGE('',*,*,#4426,.F.);
#8685 = ORIENTED_EDGE('',*,*,#8686,.F.);
#8686 = EDGE_CURVE('',#1074,#4427,#8687,.T.);
#8687 = LINE('',#8688,#8689);
#8688 = CARTESIAN_POINT('',(1.199862,-56.569996,-4.6E-02));
#8689 = VECTOR('',#8690,1.);
#8690 = DIRECTION('',(0.,0.,1.));
#8691 = CYLINDRICAL_SURFACE('',#8692,0.399999);
#8692 = AXIS2_PLACEMENT_3D('',#8693,#8694,#8695);
#8693 = CARTESIAN_POINT('',(1.199862,-56.169997,-4.6E-02));
#8694 = DIRECTION('',(-0.,-0.,-1.));
#8695 = DIRECTION('',(6.106241901043E-15,1.,-0.));
#8696 = ADVANCED_FACE('',(#8697),#8708,.T.);
#8697 = FACE_BOUND('',#8698,.T.);
#8698 = EDGE_LOOP('',(#8699,#8700,#8701,#8702));
#8699 = ORIENTED_EDGE('',*,*,#1101,.T.);
#8700 = ORIENTED_EDGE('',*,*,#8686,.T.);
#8701 = ORIENTED_EDGE('',*,*,#4454,.F.);
#8702 = ORIENTED_EDGE('',*,*,#8703,.F.);
#8703 = EDGE_CURVE('',#1093,#4446,#8704,.T.);
#8704 = LINE('',#8705,#8706);
#8705 = CARTESIAN_POINT('',(1.799862,-56.569996,-4.6E-02));
#8706 = VECTOR('',#8707,1.);
#8707 = DIRECTION('',(0.,0.,1.));
#8708 = PLANE('',#8709);
#8709 = AXIS2_PLACEMENT_3D('',#8710,#8711,#8712);
#8710 = CARTESIAN_POINT('',(1.199862,-56.569996,-4.6E-02));
#8711 = DIRECTION('',(0.,1.,0.));
#8712 = DIRECTION('',(1.,0.,0.));
#8713 = ADVANCED_FACE('',(#8714),#8725,.F.);
#8714 = FACE_BOUND('',#8715,.T.);
#8715 = EDGE_LOOP('',(#8716,#8717,#8718,#8719));
#8716 = ORIENTED_EDGE('',*,*,#1092,.T.);
#8717 = ORIENTED_EDGE('',*,*,#8703,.T.);
#8718 = ORIENTED_EDGE('',*,*,#4445,.F.);
#8719 = ORIENTED_EDGE('',*,*,#8720,.F.);
#8720 = EDGE_CURVE('',#1085,#4438,#8721,.T.);
#8721 = LINE('',#8722,#8723);
#8722 = CARTESIAN_POINT('',(1.799862,-55.769998,-4.6E-02));
#8723 = VECTOR('',#8724,1.);
#8724 = DIRECTION('',(0.,0.,1.));
#8725 = CYLINDRICAL_SURFACE('',#8726,0.399999);
#8726 = AXIS2_PLACEMENT_3D('',#8727,#8728,#8729);
#8727 = CARTESIAN_POINT('',(1.799862,-56.169997,-4.6E-02));
#8728 = DIRECTION('',(-0.,-0.,-1.));
#8729 = DIRECTION('',(-5.551129000948E-15,-1.,0.));
#8730 = ADVANCED_FACE('',(#8731),#8737,.T.);
#8731 = FACE_BOUND('',#8732,.T.);
#8732 = EDGE_LOOP('',(#8733,#8734,#8735,#8736));
#8733 = ORIENTED_EDGE('',*,*,#1084,.T.);
#8734 = ORIENTED_EDGE('',*,*,#8720,.T.);
#8735 = ORIENTED_EDGE('',*,*,#4437,.F.);
#8736 = ORIENTED_EDGE('',*,*,#8679,.F.);
#8737 = PLANE('',#8738);
#8738 = AXIS2_PLACEMENT_3D('',#8739,#8740,#8741);
#8739 = CARTESIAN_POINT('',(1.799862,-55.769998,-4.6E-02));
#8740 = DIRECTION('',(0.,-1.,0.));
#8741 = DIRECTION('',(-1.,0.,0.));
#8742 = ADVANCED_FACE('',(#8743),#8759,.F.);
#8743 = FACE_BOUND('',#8744,.T.);
#8744 = EDGE_LOOP('',(#8745,#8746,#8752,#8753));
#8745 = ORIENTED_EDGE('',*,*,#1109,.T.);
#8746 = ORIENTED_EDGE('',*,*,#8747,.T.);
#8747 = EDGE_CURVE('',#1112,#4465,#8748,.T.);
#8748 = LINE('',#8749,#8750);
#8749 = CARTESIAN_POINT('',(5.279843,-55.770004,-4.6E-02));
#8750 = VECTOR('',#8751,1.);
#8751 = DIRECTION('',(0.,0.,1.));
#8752 = ORIENTED_EDGE('',*,*,#4462,.F.);
#8753 = ORIENTED_EDGE('',*,*,#8754,.F.);
#8754 = EDGE_CURVE('',#1110,#4463,#8755,.T.);
#8755 = LINE('',#8756,#8757);
#8756 = CARTESIAN_POINT('',(5.279843,-56.570002,-4.6E-02));
#8757 = VECTOR('',#8758,1.);
#8758 = DIRECTION('',(0.,0.,1.));
#8759 = CYLINDRICAL_SURFACE('',#8760,0.399999);
#8760 = AXIS2_PLACEMENT_3D('',#8761,#8762,#8763);
#8761 = CARTESIAN_POINT('',(5.279843,-56.170003,-4.6E-02));
#8762 = DIRECTION('',(-0.,-0.,-1.));
#8763 = DIRECTION('',(4.440903200759E-15,1.,-0.));
#8764 = ADVANCED_FACE('',(#8765),#8776,.T.);
#8765 = FACE_BOUND('',#8766,.T.);
#8766 = EDGE_LOOP('',(#8767,#8768,#8769,#8770));
#8767 = ORIENTED_EDGE('',*,*,#1137,.T.);
#8768 = ORIENTED_EDGE('',*,*,#8754,.T.);
#8769 = ORIENTED_EDGE('',*,*,#4490,.F.);
#8770 = ORIENTED_EDGE('',*,*,#8771,.F.);
#8771 = EDGE_CURVE('',#1129,#4482,#8772,.T.);
#8772 = LINE('',#8773,#8774);
#8773 = CARTESIAN_POINT('',(6.079867,-56.570002,-4.6E-02));
#8774 = VECTOR('',#8775,1.);
#8775 = DIRECTION('',(0.,0.,1.));
#8776 = PLANE('',#8777);
#8777 = AXIS2_PLACEMENT_3D('',#8778,#8779,#8780);
#8778 = CARTESIAN_POINT('',(5.279843,-56.570002,-4.6E-02));
#8779 = DIRECTION('',(0.,1.,0.));
#8780 = DIRECTION('',(1.,0.,0.));
#8781 = ADVANCED_FACE('',(#8782),#8793,.F.);
#8782 = FACE_BOUND('',#8783,.T.);
#8783 = EDGE_LOOP('',(#8784,#8785,#8786,#8787));
#8784 = ORIENTED_EDGE('',*,*,#1128,.T.);
#8785 = ORIENTED_EDGE('',*,*,#8771,.T.);
#8786 = ORIENTED_EDGE('',*,*,#4481,.F.);
#8787 = ORIENTED_EDGE('',*,*,#8788,.F.);
#8788 = EDGE_CURVE('',#1121,#4474,#8789,.T.);
#8789 = LINE('',#8790,#8791);
#8790 = CARTESIAN_POINT('',(6.079867,-55.770004,-4.6E-02));
#8791 = VECTOR('',#8792,1.);
#8792 = DIRECTION('',(0.,0.,1.));
#8793 = CYLINDRICAL_SURFACE('',#8794,0.399999);
#8794 = AXIS2_PLACEMENT_3D('',#8795,#8796,#8797);
#8795 = CARTESIAN_POINT('',(6.079867,-56.170003,-4.6E-02));
#8796 = DIRECTION('',(-0.,-0.,-1.));
#8797 = DIRECTION('',(-8.881806401517E-15,-1.,0.));
#8798 = ADVANCED_FACE('',(#8799),#8805,.T.);
#8799 = FACE_BOUND('',#8800,.T.);
#8800 = EDGE_LOOP('',(#8801,#8802,#8803,#8804));
#8801 = ORIENTED_EDGE('',*,*,#1120,.T.);
#8802 = ORIENTED_EDGE('',*,*,#8788,.T.);
#8803 = ORIENTED_EDGE('',*,*,#4473,.F.);
#8804 = ORIENTED_EDGE('',*,*,#8747,.F.);
#8805 = PLANE('',#8806);
#8806 = AXIS2_PLACEMENT_3D('',#8807,#8808,#8809);
#8807 = CARTESIAN_POINT('',(6.079867,-55.770004,-4.6E-02));
#8808 = DIRECTION('',(0.,-1.,0.));
#8809 = DIRECTION('',(-1.,0.,0.));
#8810 = ADVANCED_FACE('',(#8811),#8822,.F.);
#8811 = FACE_BOUND('',#8812,.T.);
#8812 = EDGE_LOOP('',(#8813,#8814,#8820,#8821));
#8813 = ORIENTED_EDGE('',*,*,#1145,.T.);
#8814 = ORIENTED_EDGE('',*,*,#8815,.T.);
#8815 = EDGE_CURVE('',#1146,#4499,#8816,.T.);
#8816 = LINE('',#8817,#8818);
#8817 = CARTESIAN_POINT('',(3.100001,-50.44,-4.6E-02));
#8818 = VECTOR('',#8819,1.);
#8819 = DIRECTION('',(0.,0.,1.));
#8820 = ORIENTED_EDGE('',*,*,#4498,.F.);
#8821 = ORIENTED_EDGE('',*,*,#8815,.F.);
#8822 = CYLINDRICAL_SURFACE('',#8823,0.599999);
#8823 = AXIS2_PLACEMENT_3D('',#8824,#8825,#8826);
#8824 = CARTESIAN_POINT('',(3.100001,-49.840001,-4.6E-02));
#8825 = DIRECTION('',(-0.,-0.,-1.));
#8826 = DIRECTION('',(-0.,-1.,0.));
#8827 = ADVANCED_FACE('',(#8828),#8839,.F.);
#8828 = FACE_BOUND('',#8829,.T.);
#8829 = EDGE_LOOP('',(#8830,#8831,#8837,#8838));
#8830 = ORIENTED_EDGE('',*,*,#1156,.T.);
#8831 = ORIENTED_EDGE('',*,*,#8832,.T.);
#8832 = EDGE_CURVE('',#1157,#4510,#8833,.T.);
#8833 = LINE('',#8834,#8835);
#8834 = CARTESIAN_POINT('',(23.576895,-48.691078,-4.6E-02));
#8835 = VECTOR('',#8836,1.);
#8836 = DIRECTION('',(0.,0.,1.));
#8837 = ORIENTED_EDGE('',*,*,#4509,.F.);
#8838 = ORIENTED_EDGE('',*,*,#8832,.F.);
#8839 = CYLINDRICAL_SURFACE('',#8840,0.875);
#8840 = AXIS2_PLACEMENT_3D('',#8841,#8842,#8843);
#8841 = CARTESIAN_POINT('',(23.576895,-47.816078,-4.6E-02));
#8842 = DIRECTION('',(-0.,-0.,-1.));
#8843 = DIRECTION('',(-0.,-1.,0.));
#8844 = ADVANCED_FACE('',(#8845),#8856,.F.);
#8845 = FACE_BOUND('',#8846,.T.);
#8846 = EDGE_LOOP('',(#8847,#8848,#8854,#8855));
#8847 = ORIENTED_EDGE('',*,*,#1167,.T.);
#8848 = ORIENTED_EDGE('',*,*,#8849,.T.);
#8849 = EDGE_CURVE('',#1168,#4521,#8850,.T.);
#8850 = LINE('',#8851,#8852);
#8851 = CARTESIAN_POINT('',(13.571249,-46.926812,-4.6E-02));
#8852 = VECTOR('',#8853,1.);
#8853 = DIRECTION('',(0.,0.,1.));
#8854 = ORIENTED_EDGE('',*,*,#4520,.F.);
#8855 = ORIENTED_EDGE('',*,*,#8849,.F.);
#8856 = CYLINDRICAL_SURFACE('',#8857,0.875);
#8857 = AXIS2_PLACEMENT_3D('',#8858,#8859,#8860);
#8858 = CARTESIAN_POINT('',(13.571249,-46.051812,-4.6E-02));
#8859 = DIRECTION('',(-0.,-0.,-1.));
#8860 = DIRECTION('',(-0.,-1.,0.));
#8861 = ADVANCED_FACE('',(#8862),#8873,.F.);
#8862 = FACE_BOUND('',#8863,.T.);
#8863 = EDGE_LOOP('',(#8864,#8865,#8871,#8872));
#8864 = ORIENTED_EDGE('',*,*,#1178,.T.);
#8865 = ORIENTED_EDGE('',*,*,#8866,.T.);
#8866 = EDGE_CURVE('',#1179,#4532,#8867,.T.);
#8867 = LINE('',#8868,#8869);
#8868 = CARTESIAN_POINT('',(3.100001,-45.359998,-4.6E-02));
#8869 = VECTOR('',#8870,1.);
#8870 = DIRECTION('',(0.,0.,1.));
#8871 = ORIENTED_EDGE('',*,*,#4531,.F.);
#8872 = ORIENTED_EDGE('',*,*,#8866,.F.);
#8873 = CYLINDRICAL_SURFACE('',#8874,0.599999);
#8874 = AXIS2_PLACEMENT_3D('',#8875,#8876,#8877);
#8875 = CARTESIAN_POINT('',(3.100001,-44.759999,-4.6E-02));
#8876 = DIRECTION('',(-0.,-0.,-1.));
#8877 = DIRECTION('',(-0.,-1.,0.));
#8878 = ADVANCED_FACE('',(#8879),#8890,.F.);
#8879 = FACE_BOUND('',#8880,.T.);
#8880 = EDGE_LOOP('',(#8881,#8882,#8888,#8889));
#8881 = ORIENTED_EDGE('',*,*,#1189,.T.);
#8882 = ORIENTED_EDGE('',*,*,#8883,.T.);
#8883 = EDGE_CURVE('',#1190,#4543,#8884,.T.);
#8884 = LINE('',#8885,#8886);
#8885 = CARTESIAN_POINT('',(15.263021,-44.520934,-4.6E-02));
#8886 = VECTOR('',#8887,1.);
#8887 = DIRECTION('',(0.,0.,1.));
#8888 = ORIENTED_EDGE('',*,*,#4542,.F.);
#8889 = ORIENTED_EDGE('',*,*,#8883,.F.);
#8890 = CYLINDRICAL_SURFACE('',#8891,0.75);
#8891 = AXIS2_PLACEMENT_3D('',#8892,#8893,#8894);
#8892 = CARTESIAN_POINT('',(15.263021,-43.770934,-4.6E-02));
#8893 = DIRECTION('',(-0.,0.,-1.));
#8894 = DIRECTION('',(2.368475785867E-15,-1.,-0.));
#8895 = ADVANCED_FACE('',(#8896),#8907,.F.);
#8896 = FACE_BOUND('',#8897,.T.);
#8897 = EDGE_LOOP('',(#8898,#8899,#8905,#8906));
#8898 = ORIENTED_EDGE('',*,*,#1200,.T.);
#8899 = ORIENTED_EDGE('',*,*,#8900,.T.);
#8900 = EDGE_CURVE('',#1201,#4554,#8901,.T.);
#8901 = LINE('',#8902,#8903);
#8902 = CARTESIAN_POINT('',(18.574072,-48.933945,-4.6E-02));
#8903 = VECTOR('',#8904,1.);
#8904 = DIRECTION('',(0.,0.,1.));
#8905 = ORIENTED_EDGE('',*,*,#4553,.F.);
#8906 = ORIENTED_EDGE('',*,*,#8900,.F.);
#8907 = CYLINDRICAL_SURFACE('',#8908,2.);
#8908 = AXIS2_PLACEMENT_3D('',#8909,#8910,#8911);
#8909 = CARTESIAN_POINT('',(18.574072,-46.933945,-4.6E-02));
#8910 = DIRECTION('',(-0.,-0.,-1.));
#8911 = DIRECTION('',(-0.,-1.,0.));
#8912 = ADVANCED_FACE('',(#8913),#8924,.F.);
#8913 = FACE_BOUND('',#8914,.T.);
#8914 = EDGE_LOOP('',(#8915,#8916,#8922,#8923));
#8915 = ORIENTED_EDGE('',*,*,#1211,.T.);
#8916 = ORIENTED_EDGE('',*,*,#8917,.T.);
#8917 = EDGE_CURVE('',#1212,#4565,#8918,.T.);
#8918 = LINE('',#8919,#8920);
#8919 = CARTESIAN_POINT('',(32.536549,-46.171051,-4.6E-02));
#8920 = VECTOR('',#8921,1.);
#8921 = DIRECTION('',(0.,0.,1.));
#8922 = ORIENTED_EDGE('',*,*,#4564,.F.);
#8923 = ORIENTED_EDGE('',*,*,#8917,.F.);
#8924 = CYLINDRICAL_SURFACE('',#8925,0.875);
#8925 = AXIS2_PLACEMENT_3D('',#8926,#8927,#8928);
#8926 = CARTESIAN_POINT('',(32.536549,-45.296051,-4.6E-02));
#8927 = DIRECTION('',(-0.,-0.,-1.));
#8928 = DIRECTION('',(-0.,-1.,0.));
#8929 = ADVANCED_FACE('',(#8930),#8941,.F.);
#8930 = FACE_BOUND('',#8931,.T.);
#8931 = EDGE_LOOP('',(#8932,#8933,#8939,#8940));
#8932 = ORIENTED_EDGE('',*,*,#1222,.T.);
#8933 = ORIENTED_EDGE('',*,*,#8934,.T.);
#8934 = EDGE_CURVE('',#1223,#4576,#8935,.T.);
#8935 = LINE('',#8936,#8937);
#8936 = CARTESIAN_POINT('',(37.539372,-48.178184,-4.6E-02));
#8937 = VECTOR('',#8938,1.);
#8938 = DIRECTION('',(0.,0.,1.));
#8939 = ORIENTED_EDGE('',*,*,#4575,.F.);
#8940 = ORIENTED_EDGE('',*,*,#8934,.F.);
#8941 = CYLINDRICAL_SURFACE('',#8942,2.);
#8942 = AXIS2_PLACEMENT_3D('',#8943,#8944,#8945);
#8943 = CARTESIAN_POINT('',(37.539372,-46.178184,-4.6E-02));
#8944 = DIRECTION('',(-0.,-0.,-1.));
#8945 = DIRECTION('',(-0.,-1.,0.));
#8946 = ADVANCED_FACE('',(#8947),#8958,.F.);
#8947 = FACE_BOUND('',#8948,.T.);
#8948 = EDGE_LOOP('',(#8949,#8950,#8956,#8957));
#8949 = ORIENTED_EDGE('',*,*,#1233,.T.);
#8950 = ORIENTED_EDGE('',*,*,#8951,.T.);
#8951 = EDGE_CURVE('',#1234,#4587,#8952,.T.);
#8952 = LINE('',#8953,#8954);
#8953 = CARTESIAN_POINT('',(42.542195,-47.935317,-4.6E-02));
#8954 = VECTOR('',#8955,1.);
#8955 = DIRECTION('',(0.,0.,1.));
#8956 = ORIENTED_EDGE('',*,*,#4586,.F.);
#8957 = ORIENTED_EDGE('',*,*,#8951,.F.);
#8958 = CYLINDRICAL_SURFACE('',#8959,0.875);
#8959 = AXIS2_PLACEMENT_3D('',#8960,#8961,#8962);
#8960 = CARTESIAN_POINT('',(42.542195,-47.060317,-4.6E-02));
#8961 = DIRECTION('',(-0.,-0.,-1.));
#8962 = DIRECTION('',(-0.,-1.,0.));
#8963 = ADVANCED_FACE('',(#8964),#8975,.F.);
#8964 = FACE_BOUND('',#8965,.T.);
#8965 = EDGE_LOOP('',(#8966,#8967,#8973,#8974));
#8966 = ORIENTED_EDGE('',*,*,#1244,.T.);
#8967 = ORIENTED_EDGE('',*,*,#8968,.T.);
#8968 = EDGE_CURVE('',#1245,#4598,#8969,.T.);
#8969 = LINE('',#8970,#8971);
#8970 = CARTESIAN_POINT('',(34.228321,-43.765173,-4.6E-02));
#8971 = VECTOR('',#8972,1.);
#8972 = DIRECTION('',(0.,0.,1.));
#8973 = ORIENTED_EDGE('',*,*,#4597,.F.);
#8974 = ORIENTED_EDGE('',*,*,#8968,.F.);
#8975 = CYLINDRICAL_SURFACE('',#8976,0.75);
#8976 = AXIS2_PLACEMENT_3D('',#8977,#8978,#8979);
#8977 = CARTESIAN_POINT('',(34.228321,-43.015173,-4.6E-02));
#8978 = DIRECTION('',(-0.,-0.,-1.));
#8979 = DIRECTION('',(-0.,-1.,0.));
#8980 = ADVANCED_FACE('',(#8981),#8992,.F.);
#8981 = FACE_BOUND('',#8982,.T.);
#8982 = EDGE_LOOP('',(#8983,#8984,#8990,#8991));
#8983 = ORIENTED_EDGE('',*,*,#1255,.T.);
#8984 = ORIENTED_EDGE('',*,*,#8985,.T.);
#8985 = EDGE_CURVE('',#1256,#4609,#8986,.T.);
#8986 = LINE('',#8987,#8988);
#8987 = CARTESIAN_POINT('',(56.363109,-47.384838,-4.6E-02));
#8988 = VECTOR('',#8989,1.);
#8989 = DIRECTION('',(0.,0.,1.));
#8990 = ORIENTED_EDGE('',*,*,#4608,.F.);
#8991 = ORIENTED_EDGE('',*,*,#8985,.F.);
#8992 = CYLINDRICAL_SURFACE('',#8993,2.);
#8993 = AXIS2_PLACEMENT_3D('',#8994,#8995,#8996);
#8994 = CARTESIAN_POINT('',(56.363109,-45.384838,-4.6E-02));
#8995 = DIRECTION('',(-0.,-0.,-1.));
#8996 = DIRECTION('',(-0.,-1.,0.));
#8997 = ADVANCED_FACE('',(#8998),#9009,.F.);
#8998 = FACE_BOUND('',#8999,.T.);
#8999 = EDGE_LOOP('',(#9000,#9001,#9007,#9008));
#9000 = ORIENTED_EDGE('',*,*,#1266,.T.);
#9001 = ORIENTED_EDGE('',*,*,#9002,.T.);
#9002 = EDGE_CURVE('',#1267,#4620,#9003,.T.);
#9003 = LINE('',#9004,#9005);
#9004 = CARTESIAN_POINT('',(61.365932,-47.141971,-4.6E-02));
#9005 = VECTOR('',#9006,1.);
#9006 = DIRECTION('',(0.,0.,1.));
#9007 = ORIENTED_EDGE('',*,*,#4619,.F.);
#9008 = ORIENTED_EDGE('',*,*,#9002,.F.);
#9009 = CYLINDRICAL_SURFACE('',#9010,0.875);
#9010 = AXIS2_PLACEMENT_3D('',#9011,#9012,#9013);
#9011 = CARTESIAN_POINT('',(61.365932,-46.266971,-4.6E-02));
#9012 = DIRECTION('',(-0.,-0.,-1.));
#9013 = DIRECTION('',(-0.,-1.,0.));
#9014 = ADVANCED_FACE('',(#9015),#9026,.F.);
#9015 = FACE_BOUND('',#9016,.T.);
#9016 = EDGE_LOOP('',(#9017,#9018,#9024,#9025));
#9017 = ORIENTED_EDGE('',*,*,#1277,.T.);
#9018 = ORIENTED_EDGE('',*,*,#9019,.T.);
#9019 = EDGE_CURVE('',#1278,#4631,#9020,.T.);
#9020 = LINE('',#9021,#9022);
#9021 = CARTESIAN_POINT('',(51.360286,-45.377705,-4.6E-02));
#9022 = VECTOR('',#9023,1.);
#9023 = DIRECTION('',(0.,0.,1.));
#9024 = ORIENTED_EDGE('',*,*,#4630,.F.);
#9025 = ORIENTED_EDGE('',*,*,#9019,.F.);
#9026 = CYLINDRICAL_SURFACE('',#9027,0.875);
#9027 = AXIS2_PLACEMENT_3D('',#9028,#9029,#9030);
#9028 = CARTESIAN_POINT('',(51.360286,-44.502705,-4.6E-02));
#9029 = DIRECTION('',(-0.,-0.,-1.));
#9030 = DIRECTION('',(-0.,-1.,0.));
#9031 = ADVANCED_FACE('',(#9032),#9043,.F.);
#9032 = FACE_BOUND('',#9033,.T.);
#9033 = EDGE_LOOP('',(#9034,#9035,#9041,#9042));
#9034 = ORIENTED_EDGE('',*,*,#1288,.T.);
#9035 = ORIENTED_EDGE('',*,*,#9036,.T.);
#9036 = EDGE_CURVE('',#1289,#4642,#9037,.T.);
#9037 = LINE('',#9038,#9039);
#9038 = CARTESIAN_POINT('',(111.078795,-61.031003,-4.6E-02));
#9039 = VECTOR('',#9040,1.);
#9040 = DIRECTION('',(0.,0.,1.));
#9041 = ORIENTED_EDGE('',*,*,#4641,.F.);
#9042 = ORIENTED_EDGE('',*,*,#9036,.F.);
#9043 = CYLINDRICAL_SURFACE('',#9044,2.);
#9044 = AXIS2_PLACEMENT_3D('',#9045,#9046,#9047);
#9045 = CARTESIAN_POINT('',(111.078795,-59.031003,-4.6E-02));
#9046 = DIRECTION('',(-0.,-0.,-1.));
#9047 = DIRECTION('',(-0.,-1.,0.));
#9048 = ADVANCED_FACE('',(#9049),#9060,.F.);
#9049 = FACE_BOUND('',#9050,.T.);
#9050 = EDGE_LOOP('',(#9051,#9052,#9058,#9059));
#9051 = ORIENTED_EDGE('',*,*,#1299,.T.);
#9052 = ORIENTED_EDGE('',*,*,#9053,.T.);
#9053 = EDGE_CURVE('',#1300,#4653,#9054,.T.);
#9054 = LINE('',#9055,#9056);
#9055 = CARTESIAN_POINT('',(106.075972,-59.02387,-4.6E-02));
#9056 = VECTOR('',#9057,1.);
#9057 = DIRECTION('',(0.,0.,1.));
#9058 = ORIENTED_EDGE('',*,*,#4652,.F.);
#9059 = ORIENTED_EDGE('',*,*,#9053,.F.);
#9060 = CYLINDRICAL_SURFACE('',#9061,0.875);
#9061 = AXIS2_PLACEMENT_3D('',#9062,#9063,#9064);
#9062 = CARTESIAN_POINT('',(106.075972,-58.14887,-4.6E-02));
#9063 = DIRECTION('',(-0.,-0.,-1.));
#9064 = DIRECTION('',(-0.,-1.,0.));
#9065 = ADVANCED_FACE('',(#9066),#9077,.F.);
#9066 = FACE_BOUND('',#9067,.T.);
#9067 = EDGE_LOOP('',(#9068,#9069,#9075,#9076));
#9068 = ORIENTED_EDGE('',*,*,#1310,.T.);
#9069 = ORIENTED_EDGE('',*,*,#9070,.T.);
#9070 = EDGE_CURVE('',#1311,#4664,#9071,.T.);
#9071 = LINE('',#9072,#9073);
#9072 = CARTESIAN_POINT('',(116.081618,-60.788136,-4.6E-02));
#9073 = VECTOR('',#9074,1.);
#9074 = DIRECTION('',(0.,0.,1.));
#9075 = ORIENTED_EDGE('',*,*,#4663,.F.);
#9076 = ORIENTED_EDGE('',*,*,#9070,.F.);
#9077 = CYLINDRICAL_SURFACE('',#9078,0.875);
#9078 = AXIS2_PLACEMENT_3D('',#9079,#9080,#9081);
#9079 = CARTESIAN_POINT('',(116.081618,-59.913136,-4.6E-02));
#9080 = DIRECTION('',(-0.,-0.,-1.));
#9081 = DIRECTION('',(-0.,-1.,0.));
#9082 = ADVANCED_FACE('',(#9083),#9094,.F.);
#9083 = FACE_BOUND('',#9084,.T.);
#9084 = EDGE_LOOP('',(#9085,#9086,#9092,#9093));
#9085 = ORIENTED_EDGE('',*,*,#1321,.T.);
#9086 = ORIENTED_EDGE('',*,*,#9087,.T.);
#9087 = EDGE_CURVE('',#1322,#4675,#9088,.T.);
#9088 = LINE('',#9089,#9090);
#9089 = CARTESIAN_POINT('',(107.767744,-56.617992,-4.6E-02));
#9090 = VECTOR('',#9091,1.);
#9091 = DIRECTION('',(0.,0.,1.));
#9092 = ORIENTED_EDGE('',*,*,#4674,.F.);
#9093 = ORIENTED_EDGE('',*,*,#9087,.F.);
#9094 = CYLINDRICAL_SURFACE('',#9095,0.75);
#9095 = AXIS2_PLACEMENT_3D('',#9096,#9097,#9098);
#9096 = CARTESIAN_POINT('',(107.767744,-55.867992,-4.6E-02));
#9097 = DIRECTION('',(-0.,-0.,-1.));
#9098 = DIRECTION('',(-0.,-1.,0.));
#9099 = ADVANCED_FACE('',(#9100),#9111,.F.);
#9100 = FACE_BOUND('',#9101,.T.);
#9101 = EDGE_LOOP('',(#9102,#9103,#9109,#9110));
#9102 = ORIENTED_EDGE('',*,*,#1332,.T.);
#9103 = ORIENTED_EDGE('',*,*,#9104,.T.);
#9104 = EDGE_CURVE('',#1333,#4686,#9105,.T.);
#9105 = LINE('',#9106,#9107);
#9106 = CARTESIAN_POINT('',(98.450104,-53.668289,-4.6E-02));
#9107 = VECTOR('',#9108,1.);
#9108 = DIRECTION('',(0.,0.,1.));
#9109 = ORIENTED_EDGE('',*,*,#4685,.F.);
#9110 = ORIENTED_EDGE('',*,*,#9104,.F.);
#9111 = CYLINDRICAL_SURFACE('',#9112,0.875);
#9112 = AXIS2_PLACEMENT_3D('',#9113,#9114,#9115);
#9113 = CARTESIAN_POINT('',(98.450104,-52.793289,-4.6E-02));
#9114 = DIRECTION('',(-0.,-0.,-1.));
#9115 = DIRECTION('',(-0.,-1.,0.));
#9116 = ADVANCED_FACE('',(#9117),#9128,.F.);
#9117 = FACE_BOUND('',#9118,.T.);
#9118 = EDGE_LOOP('',(#9119,#9120,#9126,#9127));
#9119 = ORIENTED_EDGE('',*,*,#1343,.T.);
#9120 = ORIENTED_EDGE('',*,*,#9121,.T.);
#9121 = EDGE_CURVE('',#1344,#4697,#9122,.T.);
#9122 = LINE('',#9123,#9124);
#9123 = CARTESIAN_POINT('',(114.462339,-55.219246,-4.6E-02));
#9124 = VECTOR('',#9125,1.);
#9125 = DIRECTION('',(0.,0.,1.));
#9126 = ORIENTED_EDGE('',*,*,#4696,.F.);
#9127 = ORIENTED_EDGE('',*,*,#9121,.F.);
#9128 = CYLINDRICAL_SURFACE('',#9129,0.75);
#9129 = AXIS2_PLACEMENT_3D('',#9130,#9131,#9132);
#9130 = CARTESIAN_POINT('',(114.462339,-54.469246,-4.6E-02));
#9131 = DIRECTION('',(-0.,-0.,-1.));
#9132 = DIRECTION('',(-0.,-1.,0.));
#9133 = ADVANCED_FACE('',(#9134),#9145,.F.);
#9134 = FACE_BOUND('',#9135,.T.);
#9135 = EDGE_LOOP('',(#9136,#9137,#9143,#9144));
#9136 = ORIENTED_EDGE('',*,*,#1354,.T.);
#9137 = ORIENTED_EDGE('',*,*,#9138,.T.);
#9138 = EDGE_CURVE('',#1355,#4708,#9139,.T.);
#9139 = LINE('',#9140,#9141);
#9140 = CARTESIAN_POINT('',(88.444458,-51.904023,-4.6E-02));
#9141 = VECTOR('',#9142,1.);
#9142 = DIRECTION('',(0.,0.,1.));
#9143 = ORIENTED_EDGE('',*,*,#4707,.F.);
#9144 = ORIENTED_EDGE('',*,*,#9138,.F.);
#9145 = CYLINDRICAL_SURFACE('',#9146,0.875);
#9146 = AXIS2_PLACEMENT_3D('',#9147,#9148,#9149);
#9147 = CARTESIAN_POINT('',(88.444458,-51.029023,-4.6E-02));
#9148 = DIRECTION('',(-0.,-0.,-1.));
#9149 = DIRECTION('',(-0.,-1.,0.));
#9150 = ADVANCED_FACE('',(#9151),#9162,.F.);
#9151 = FACE_BOUND('',#9152,.T.);
#9152 = EDGE_LOOP('',(#9153,#9154,#9160,#9161));
#9153 = ORIENTED_EDGE('',*,*,#1365,.T.);
#9154 = ORIENTED_EDGE('',*,*,#9155,.T.);
#9155 = EDGE_CURVE('',#1366,#4719,#9156,.T.);
#9156 = LINE('',#9157,#9158);
#9157 = CARTESIAN_POINT('',(93.447281,-53.911156,-4.6E-02));
#9158 = VECTOR('',#9159,1.);
#9159 = DIRECTION('',(0.,0.,1.));
#9160 = ORIENTED_EDGE('',*,*,#4718,.F.);
#9161 = ORIENTED_EDGE('',*,*,#9155,.F.);
#9162 = CYLINDRICAL_SURFACE('',#9163,2.);
#9163 = AXIS2_PLACEMENT_3D('',#9164,#9165,#9166);
#9164 = CARTESIAN_POINT('',(93.447281,-51.911156,-4.6E-02));
#9165 = DIRECTION('',(-0.,-0.,-1.));
#9166 = DIRECTION('',(-0.,-1.,0.));
#9167 = ADVANCED_FACE('',(#9168),#9179,.F.);
#9168 = FACE_BOUND('',#9169,.T.);
#9169 = EDGE_LOOP('',(#9170,#9171,#9177,#9178));
#9170 = ORIENTED_EDGE('',*,*,#1376,.T.);
#9171 = ORIENTED_EDGE('',*,*,#9172,.T.);
#9172 = EDGE_CURVE('',#1377,#4730,#9173,.T.);
#9173 = LINE('',#9174,#9175);
#9174 = CARTESIAN_POINT('',(90.13623,-49.498145,-4.6E-02));
#9175 = VECTOR('',#9176,1.);
#9176 = DIRECTION('',(0.,0.,1.));
#9177 = ORIENTED_EDGE('',*,*,#4729,.F.);
#9178 = ORIENTED_EDGE('',*,*,#9172,.F.);
#9179 = CYLINDRICAL_SURFACE('',#9180,0.75);
#9180 = AXIS2_PLACEMENT_3D('',#9181,#9182,#9183);
#9181 = CARTESIAN_POINT('',(90.13623,-48.748145,-4.6E-02));
#9182 = DIRECTION('',(-0.,-0.,-1.));
#9183 = DIRECTION('',(-0.,-1.,0.));
#9184 = ADVANCED_FACE('',(#9185),#9196,.F.);
#9185 = FACE_BOUND('',#9186,.T.);
#9186 = EDGE_LOOP('',(#9187,#9188,#9194,#9195));
#9187 = ORIENTED_EDGE('',*,*,#1387,.T.);
#9188 = ORIENTED_EDGE('',*,*,#9189,.T.);
#9189 = EDGE_CURVE('',#1388,#4741,#9190,.T.);
#9190 = LINE('',#9191,#9192);
#9191 = CARTESIAN_POINT('',(80.493794,-46.35148,-4.6E-02));
#9192 = VECTOR('',#9193,1.);
#9193 = DIRECTION('',(0.,0.,1.));
#9194 = ORIENTED_EDGE('',*,*,#4740,.F.);
#9195 = ORIENTED_EDGE('',*,*,#9189,.F.);
#9196 = CYLINDRICAL_SURFACE('',#9197,0.875);
#9197 = AXIS2_PLACEMENT_3D('',#9198,#9199,#9200);
#9198 = CARTESIAN_POINT('',(80.493794,-45.47648,-4.6E-02));
#9199 = DIRECTION('',(-0.,-0.,-1.));
#9200 = DIRECTION('',(-0.,-1.,0.));
#9201 = ADVANCED_FACE('',(#9202),#9213,.F.);
#9202 = FACE_BOUND('',#9203,.T.);
#9203 = EDGE_LOOP('',(#9204,#9205,#9211,#9212));
#9204 = ORIENTED_EDGE('',*,*,#1398,.T.);
#9205 = ORIENTED_EDGE('',*,*,#9206,.T.);
#9206 = EDGE_CURVE('',#1399,#4752,#9207,.T.);
#9207 = LINE('',#9208,#9209);
#9208 = CARTESIAN_POINT('',(70.488148,-44.587214,-4.6E-02));
#9209 = VECTOR('',#9210,1.);
#9210 = DIRECTION('',(0.,0.,1.));
#9211 = ORIENTED_EDGE('',*,*,#4751,.F.);
#9212 = ORIENTED_EDGE('',*,*,#9206,.F.);
#9213 = CYLINDRICAL_SURFACE('',#9214,0.875);
#9214 = AXIS2_PLACEMENT_3D('',#9215,#9216,#9217);
#9215 = CARTESIAN_POINT('',(70.488148,-43.712214,-4.6E-02));
#9216 = DIRECTION('',(-0.,-0.,-1.));
#9217 = DIRECTION('',(-0.,-1.,0.));
#9218 = ADVANCED_FACE('',(#9219),#9230,.F.);
#9219 = FACE_BOUND('',#9220,.T.);
#9220 = EDGE_LOOP('',(#9221,#9222,#9228,#9229));
#9221 = ORIENTED_EDGE('',*,*,#1409,.T.);
#9222 = ORIENTED_EDGE('',*,*,#9223,.T.);
#9223 = EDGE_CURVE('',#1410,#4763,#9224,.T.);
#9224 = LINE('',#9225,#9226);
#9225 = CARTESIAN_POINT('',(75.490971,-46.594347,-4.6E-02));
#9226 = VECTOR('',#9227,1.);
#9227 = DIRECTION('',(0.,0.,1.));
#9228 = ORIENTED_EDGE('',*,*,#4762,.F.);
#9229 = ORIENTED_EDGE('',*,*,#9223,.F.);
#9230 = CYLINDRICAL_SURFACE('',#9231,2.);
#9231 = AXIS2_PLACEMENT_3D('',#9232,#9233,#9234);
#9232 = CARTESIAN_POINT('',(75.490971,-44.594347,-4.6E-02));
#9233 = DIRECTION('',(-0.,-0.,-1.));
#9234 = DIRECTION('',(-0.,-1.,0.));
#9235 = ADVANCED_FACE('',(#9236),#9247,.F.);
#9236 = FACE_BOUND('',#9237,.T.);
#9237 = EDGE_LOOP('',(#9238,#9239,#9245,#9246));
#9238 = ORIENTED_EDGE('',*,*,#1420,.T.);
#9239 = ORIENTED_EDGE('',*,*,#9240,.T.);
#9240 = EDGE_CURVE('',#1421,#4774,#9241,.T.);
#9241 = LINE('',#9242,#9243);
#9242 = CARTESIAN_POINT('',(96.830825,-48.099399,-4.6E-02));
#9243 = VECTOR('',#9244,1.);
#9244 = DIRECTION('',(0.,0.,1.));
#9245 = ORIENTED_EDGE('',*,*,#4773,.F.);
#9246 = ORIENTED_EDGE('',*,*,#9240,.F.);
#9247 = CYLINDRICAL_SURFACE('',#9248,0.75);
#9248 = AXIS2_PLACEMENT_3D('',#9249,#9250,#9251);
#9249 = CARTESIAN_POINT('',(96.830825,-47.349399,-4.6E-02));
#9250 = DIRECTION('',(-0.,-0.,-1.));
#9251 = DIRECTION('',(-0.,-1.,0.));
#9252 = ADVANCED_FACE('',(#9253),#9264,.F.);
#9253 = FACE_BOUND('',#9254,.T.);
#9254 = EDGE_LOOP('',(#9255,#9256,#9262,#9263));
#9255 = ORIENTED_EDGE('',*,*,#1431,.T.);
#9256 = ORIENTED_EDGE('',*,*,#9257,.T.);
#9257 = EDGE_CURVE('',#1432,#4785,#9258,.T.);
#9258 = LINE('',#9259,#9260);
#9259 = CARTESIAN_POINT('',(129.1,-81.5,-4.6E-02));
#9260 = VECTOR('',#9261,1.);
#9261 = DIRECTION('',(0.,0.,1.));
#9262 = ORIENTED_EDGE('',*,*,#4784,.F.);
#9263 = ORIENTED_EDGE('',*,*,#9257,.F.);
#9264 = CYLINDRICAL_SURFACE('',#9265,2.);
#9265 = AXIS2_PLACEMENT_3D('',#9266,#9267,#9268);
#9266 = CARTESIAN_POINT('',(129.1,-79.5,-4.6E-02));
#9267 = DIRECTION('',(-0.,-0.,-1.));
#9268 = DIRECTION('',(-0.,-1.,0.));
#9269 = ADVANCED_FACE('',(#9270),#9281,.F.);
#9270 = FACE_BOUND('',#9271,.T.);
#9271 = EDGE_LOOP('',(#9272,#9273,#9279,#9280));
#9272 = ORIENTED_EDGE('',*,*,#1442,.T.);
#9273 = ORIENTED_EDGE('',*,*,#9274,.T.);
#9274 = EDGE_CURVE('',#1443,#4796,#9275,.T.);
#9275 = LINE('',#9276,#9277);
#9276 = CARTESIAN_POINT('',(134.18,-80.375,-4.6E-02));
#9277 = VECTOR('',#9278,1.);
#9278 = DIRECTION('',(0.,0.,1.));
#9279 = ORIENTED_EDGE('',*,*,#4795,.F.);
#9280 = ORIENTED_EDGE('',*,*,#9274,.F.);
#9281 = CYLINDRICAL_SURFACE('',#9282,0.875);
#9282 = AXIS2_PLACEMENT_3D('',#9283,#9284,#9285);
#9283 = CARTESIAN_POINT('',(134.18,-79.5,-4.6E-02));
#9284 = DIRECTION('',(-0.,-0.,-1.));
#9285 = DIRECTION('',(-0.,-1.,0.));
#9286 = ADVANCED_FACE('',(#9287),#9298,.F.);
#9287 = FACE_BOUND('',#9288,.T.);
#9288 = EDGE_LOOP('',(#9289,#9290,#9296,#9297));
#9289 = ORIENTED_EDGE('',*,*,#1453,.T.);
#9290 = ORIENTED_EDGE('',*,*,#9291,.T.);
#9291 = EDGE_CURVE('',#1454,#4807,#9292,.T.);
#9292 = LINE('',#9293,#9294);
#9293 = CARTESIAN_POINT('',(156.615977,-79.507133,-4.6E-02));
#9294 = VECTOR('',#9295,1.);
#9295 = DIRECTION('',(0.,0.,1.));
#9296 = ORIENTED_EDGE('',*,*,#4806,.F.);
#9297 = ORIENTED_EDGE('',*,*,#9291,.F.);
#9298 = CYLINDRICAL_SURFACE('',#9299,0.875);
#9299 = AXIS2_PLACEMENT_3D('',#9300,#9301,#9302);
#9300 = CARTESIAN_POINT('',(156.615977,-78.632133,-4.6E-02));
#9301 = DIRECTION('',(-0.,-0.,-1.));
#9302 = DIRECTION('',(-0.,-1.,0.));
#9303 = ADVANCED_FACE('',(#9304),#9315,.F.);
#9304 = FACE_BOUND('',#9305,.T.);
#9305 = EDGE_LOOP('',(#9306,#9307,#9313,#9314));
#9306 = ORIENTED_EDGE('',*,*,#1464,.T.);
#9307 = ORIENTED_EDGE('',*,*,#9308,.T.);
#9308 = EDGE_CURVE('',#1465,#4818,#9309,.T.);
#9309 = LINE('',#9310,#9311);
#9310 = CARTESIAN_POINT('',(131.64,-75.17,-4.6E-02));
#9311 = VECTOR('',#9312,1.);
#9312 = DIRECTION('',(0.,0.,1.));
#9313 = ORIENTED_EDGE('',*,*,#4817,.F.);
#9314 = ORIENTED_EDGE('',*,*,#9308,.F.);
#9315 = CYLINDRICAL_SURFACE('',#9316,0.75);
#9316 = AXIS2_PLACEMENT_3D('',#9317,#9318,#9319);
#9317 = CARTESIAN_POINT('',(131.64,-74.42,-4.6E-02));
#9318 = DIRECTION('',(-0.,-0.,-1.));
#9319 = DIRECTION('',(-0.,-1.,0.));
#9320 = ADVANCED_FACE('',(#9321),#9332,.F.);
#9321 = FACE_BOUND('',#9322,.T.);
#9322 = EDGE_LOOP('',(#9323,#9324,#9330,#9331));
#9323 = ORIENTED_EDGE('',*,*,#1475,.T.);
#9324 = ORIENTED_EDGE('',*,*,#9325,.T.);
#9325 = EDGE_CURVE('',#1476,#4829,#9326,.T.);
#9326 = LINE('',#9327,#9328);
#9327 = CARTESIAN_POINT('',(157.425616,-76.660188,-4.6E-02));
#9328 = VECTOR('',#9329,1.);
#9329 = DIRECTION('',(0.,0.,1.));
#9330 = ORIENTED_EDGE('',*,*,#4828,.F.);
#9331 = ORIENTED_EDGE('',*,*,#9325,.F.);
#9332 = CYLINDRICAL_SURFACE('',#9333,0.75);
#9333 = AXIS2_PLACEMENT_3D('',#9334,#9335,#9336);
#9334 = CARTESIAN_POINT('',(157.425616,-75.910188,-4.6E-02));
#9335 = DIRECTION('',(-0.,-0.,-1.));
#9336 = DIRECTION('',(-0.,-1.,0.));
#9337 = ADVANCED_FACE('',(#9338),#9349,.F.);
#9338 = FACE_BOUND('',#9339,.T.);
#9339 = EDGE_LOOP('',(#9340,#9341,#9347,#9348));
#9340 = ORIENTED_EDGE('',*,*,#1486,.T.);
#9341 = ORIENTED_EDGE('',*,*,#9342,.T.);
#9342 = EDGE_CURVE('',#1487,#4840,#9343,.T.);
#9343 = LINE('',#9344,#9345);
#9344 = CARTESIAN_POINT('',(161.6188,-79.75,-4.6E-02));
#9345 = VECTOR('',#9346,1.);
#9346 = DIRECTION('',(0.,0.,1.));
#9347 = ORIENTED_EDGE('',*,*,#4839,.F.);
#9348 = ORIENTED_EDGE('',*,*,#9342,.F.);
#9349 = CYLINDRICAL_SURFACE('',#9350,2.);
#9350 = AXIS2_PLACEMENT_3D('',#9351,#9352,#9353);
#9351 = CARTESIAN_POINT('',(161.6188,-77.75,-4.6E-02));
#9352 = DIRECTION('',(-0.,-0.,-1.));
#9353 = DIRECTION('',(-0.,-1.,0.));
#9354 = ADVANCED_FACE('',(#9355),#9366,.F.);
#9355 = FACE_BOUND('',#9356,.T.);
#9356 = EDGE_LOOP('',(#9357,#9358,#9364,#9365));
#9357 = ORIENTED_EDGE('',*,*,#1497,.T.);
#9358 = ORIENTED_EDGE('',*,*,#9359,.T.);
#9359 = EDGE_CURVE('',#1498,#4851,#9360,.T.);
#9360 = LINE('',#9361,#9362);
#9361 = CARTESIAN_POINT('',(166.621623,-77.742867,-4.6E-02));
#9362 = VECTOR('',#9363,1.);
#9363 = DIRECTION('',(0.,0.,1.));
#9364 = ORIENTED_EDGE('',*,*,#4850,.F.);
#9365 = ORIENTED_EDGE('',*,*,#9359,.F.);
#9366 = CYLINDRICAL_SURFACE('',#9367,0.875);
#9367 = AXIS2_PLACEMENT_3D('',#9368,#9369,#9370);
#9368 = CARTESIAN_POINT('',(166.621623,-76.867867,-4.6E-02));
#9369 = DIRECTION('',(-0.,-0.,-1.));
#9370 = DIRECTION('',(-0.,-1.,0.));
#9371 = ADVANCED_FACE('',(#9372),#9383,.F.);
#9372 = FACE_BOUND('',#9373,.T.);
#9373 = EDGE_LOOP('',(#9374,#9375,#9381,#9382));
#9374 = ORIENTED_EDGE('',*,*,#1508,.T.);
#9375 = ORIENTED_EDGE('',*,*,#9376,.T.);
#9376 = EDGE_CURVE('',#1509,#4862,#9377,.T.);
#9377 = LINE('',#9378,#9379);
#9378 = CARTESIAN_POINT('',(174.524677,-76.285959,-4.6E-02));
#9379 = VECTOR('',#9380,1.);
#9380 = DIRECTION('',(0.,0.,1.));
#9381 = ORIENTED_EDGE('',*,*,#4861,.F.);
#9382 = ORIENTED_EDGE('',*,*,#9376,.F.);
#9383 = CYLINDRICAL_SURFACE('',#9384,0.875);
#9384 = AXIS2_PLACEMENT_3D('',#9385,#9386,#9387);
#9385 = CARTESIAN_POINT('',(174.524677,-75.410959,-4.6E-02));
#9386 = DIRECTION('',(-0.,-0.,-1.));
#9387 = DIRECTION('',(-0.,-1.,0.));
#9388 = ADVANCED_FACE('',(#9389),#9400,.F.);
#9389 = FACE_BOUND('',#9390,.T.);
#9390 = EDGE_LOOP('',(#9391,#9392,#9398,#9399));
#9391 = ORIENTED_EDGE('',*,*,#1519,.T.);
#9392 = ORIENTED_EDGE('',*,*,#9393,.T.);
#9393 = EDGE_CURVE('',#1520,#4873,#9394,.T.);
#9394 = LINE('',#9395,#9396);
#9395 = CARTESIAN_POINT('',(163.238079,-73.05611,-4.6E-02));
#9396 = VECTOR('',#9397,1.);
#9397 = DIRECTION('',(0.,0.,1.));
#9398 = ORIENTED_EDGE('',*,*,#4872,.F.);
#9399 = ORIENTED_EDGE('',*,*,#9393,.F.);
#9400 = CYLINDRICAL_SURFACE('',#9401,0.75);
#9401 = AXIS2_PLACEMENT_3D('',#9402,#9403,#9404);
#9402 = CARTESIAN_POINT('',(163.238079,-72.30611,-4.6E-02));
#9403 = DIRECTION('',(-0.,-0.,-1.));
#9404 = DIRECTION('',(-0.,-1.,0.));
#9405 = ADVANCED_FACE('',(#9406),#9417,.F.);
#9406 = FACE_BOUND('',#9407,.T.);
#9407 = EDGE_LOOP('',(#9408,#9409,#9415,#9416));
#9408 = ORIENTED_EDGE('',*,*,#1530,.T.);
#9409 = ORIENTED_EDGE('',*,*,#9410,.T.);
#9410 = EDGE_CURVE('',#1531,#4884,#9411,.T.);
#9411 = LINE('',#9412,#9413);
#9412 = CARTESIAN_POINT('',(175.334316,-73.439014,-4.6E-02));
#9413 = VECTOR('',#9414,1.);
#9414 = DIRECTION('',(0.,0.,1.));
#9415 = ORIENTED_EDGE('',*,*,#4883,.F.);
#9416 = ORIENTED_EDGE('',*,*,#9410,.F.);
#9417 = CYLINDRICAL_SURFACE('',#9418,0.75);
#9418 = AXIS2_PLACEMENT_3D('',#9419,#9420,#9421);
#9419 = CARTESIAN_POINT('',(175.334316,-72.689014,-4.6E-02));
#9420 = DIRECTION('',(-0.,-0.,-1.));
#9421 = DIRECTION('',(-0.,-1.,0.));
#9422 = ADVANCED_FACE('',(#9423),#9434,.F.);
#9423 = FACE_BOUND('',#9424,.T.);
#9424 = EDGE_LOOP('',(#9425,#9426,#9432,#9433));
#9425 = ORIENTED_EDGE('',*,*,#1541,.T.);
#9426 = ORIENTED_EDGE('',*,*,#9427,.T.);
#9427 = EDGE_CURVE('',#1542,#4895,#9428,.T.);
#9428 = LINE('',#9429,#9430);
#9429 = CARTESIAN_POINT('',(179.5275,-76.528826,-4.6E-02));
#9430 = VECTOR('',#9431,1.);
#9431 = DIRECTION('',(0.,0.,1.));
#9432 = ORIENTED_EDGE('',*,*,#4894,.F.);
#9433 = ORIENTED_EDGE('',*,*,#9427,.F.);
#9434 = CYLINDRICAL_SURFACE('',#9435,2.);
#9435 = AXIS2_PLACEMENT_3D('',#9436,#9437,#9438);
#9436 = CARTESIAN_POINT('',(179.5275,-74.528826,-4.6E-02));
#9437 = DIRECTION('',(-0.,-0.,-1.));
#9438 = DIRECTION('',(-0.,-1.,0.));
#9439 = ADVANCED_FACE('',(#9440),#9451,.F.);
#9440 = FACE_BOUND('',#9441,.T.);
#9441 = EDGE_LOOP('',(#9442,#9443,#9449,#9450));
#9442 = ORIENTED_EDGE('',*,*,#1552,.T.);
#9443 = ORIENTED_EDGE('',*,*,#9444,.T.);
#9444 = EDGE_CURVE('',#1553,#4906,#9445,.T.);
#9445 = LINE('',#9446,#9447);
#9446 = CARTESIAN_POINT('',(184.530323,-74.521693,-4.6E-02));
#9447 = VECTOR('',#9448,1.);
#9448 = DIRECTION('',(0.,0.,1.));
#9449 = ORIENTED_EDGE('',*,*,#4905,.F.);
#9450 = ORIENTED_EDGE('',*,*,#9444,.F.);
#9451 = CYLINDRICAL_SURFACE('',#9452,0.875);
#9452 = AXIS2_PLACEMENT_3D('',#9453,#9454,#9455);
#9453 = CARTESIAN_POINT('',(184.530323,-73.646693,-4.6E-02));
#9454 = DIRECTION('',(-0.,-0.,-1.));
#9455 = DIRECTION('',(-0.,-1.,0.));
#9456 = ADVANCED_FACE('',(#9457),#9468,.F.);
#9457 = FACE_BOUND('',#9458,.T.);
#9458 = EDGE_LOOP('',(#9459,#9460,#9466,#9467));
#9459 = ORIENTED_EDGE('',*,*,#1563,.T.);
#9460 = ORIENTED_EDGE('',*,*,#9461,.T.);
#9461 = EDGE_CURVE('',#1564,#4917,#9462,.T.);
#9462 = LINE('',#9463,#9464);
#9463 = CARTESIAN_POINT('',(181.146779,-69.834936,-4.6E-02));
#9464 = VECTOR('',#9465,1.);
#9465 = DIRECTION('',(0.,0.,1.));
#9466 = ORIENTED_EDGE('',*,*,#4916,.F.);
#9467 = ORIENTED_EDGE('',*,*,#9461,.F.);
#9468 = CYLINDRICAL_SURFACE('',#9469,0.75);
#9469 = AXIS2_PLACEMENT_3D('',#9470,#9471,#9472);
#9470 = CARTESIAN_POINT('',(181.146779,-69.084936,-4.6E-02));
#9471 = DIRECTION('',(-0.,-0.,-1.));
#9472 = DIRECTION('',(-0.,-1.,0.));
#9473 = ADVANCED_FACE('',(#9474),#9485,.F.);
#9474 = FACE_BOUND('',#9475,.T.);
#9475 = EDGE_LOOP('',(#9476,#9477,#9483,#9484));
#9476 = ORIENTED_EDGE('',*,*,#1574,.T.);
#9477 = ORIENTED_EDGE('',*,*,#9478,.T.);
#9478 = EDGE_CURVE('',#1575,#4928,#9479,.T.);
#9479 = LINE('',#9480,#9481);
#9480 = CARTESIAN_POINT('',(253.734858,-75.699998,-4.6E-02));
#9481 = VECTOR('',#9482,1.);
#9482 = DIRECTION('',(0.,0.,1.));
#9483 = ORIENTED_EDGE('',*,*,#4927,.F.);
#9484 = ORIENTED_EDGE('',*,*,#9478,.F.);
#9485 = CYLINDRICAL_SURFACE('',#9486,0.6);
#9486 = AXIS2_PLACEMENT_3D('',#9487,#9488,#9489);
#9487 = CARTESIAN_POINT('',(253.734858,-75.099998,-4.6E-02));
#9488 = DIRECTION('',(-0.,-0.,-1.));
#9489 = DIRECTION('',(-0.,-1.,0.));
#9490 = ADVANCED_FACE('',(#9491),#9502,.F.);
#9491 = FACE_BOUND('',#9492,.T.);
#9492 = EDGE_LOOP('',(#9493,#9494,#9500,#9501));
#9493 = ORIENTED_EDGE('',*,*,#1585,.T.);
#9494 = ORIENTED_EDGE('',*,*,#9495,.T.);
#9495 = EDGE_CURVE('',#1586,#4939,#9496,.T.);
#9496 = LINE('',#9497,#9498);
#9497 = CARTESIAN_POINT('',(253.734855,-67.7,-4.6E-02));
#9498 = VECTOR('',#9499,1.);
#9499 = DIRECTION('',(0.,0.,1.));
#9500 = ORIENTED_EDGE('',*,*,#4938,.F.);
#9501 = ORIENTED_EDGE('',*,*,#9495,.F.);
#9502 = CYLINDRICAL_SURFACE('',#9503,0.6);
#9503 = AXIS2_PLACEMENT_3D('',#9504,#9505,#9506);
#9504 = CARTESIAN_POINT('',(253.734855,-67.1,-4.6E-02));
#9505 = DIRECTION('',(-0.,0.,-1.));
#9506 = DIRECTION('',(4.736951571734E-14,-1.,-0.));
#9507 = ADVANCED_FACE('',(#9508),#9519,.F.);
#9508 = FACE_BOUND('',#9509,.T.);
#9509 = EDGE_LOOP('',(#9510,#9511,#9517,#9518));
#9510 = ORIENTED_EDGE('',*,*,#1596,.T.);
#9511 = ORIENTED_EDGE('',*,*,#9512,.T.);
#9512 = EDGE_CURVE('',#1597,#4950,#9513,.T.);
#9513 = LINE('',#9514,#9515);
#9514 = CARTESIAN_POINT('',(142.882177,-60.788136,-4.6E-02));
#9515 = VECTOR('',#9516,1.);
#9516 = DIRECTION('',(0.,0.,1.));
#9517 = ORIENTED_EDGE('',*,*,#4949,.F.);
#9518 = ORIENTED_EDGE('',*,*,#9512,.F.);
#9519 = CYLINDRICAL_SURFACE('',#9520,0.875);
#9520 = AXIS2_PLACEMENT_3D('',#9521,#9522,#9523);
#9521 = CARTESIAN_POINT('',(142.882177,-59.913136,-4.6E-02));
#9522 = DIRECTION('',(-0.,-0.,-1.));
#9523 = DIRECTION('',(-0.,-1.,0.));
#9524 = ADVANCED_FACE('',(#9525),#9536,.F.);
#9525 = FACE_BOUND('',#9526,.T.);
#9526 = EDGE_LOOP('',(#9527,#9528,#9534,#9535));
#9527 = ORIENTED_EDGE('',*,*,#1607,.T.);
#9528 = ORIENTED_EDGE('',*,*,#9529,.T.);
#9529 = EDGE_CURVE('',#1608,#4961,#9530,.T.);
#9530 = LINE('',#9531,#9532);
#9531 = CARTESIAN_POINT('',(147.885,-61.031003,-4.6E-02));
#9532 = VECTOR('',#9533,1.);
#9533 = DIRECTION('',(0.,0.,1.));
#9534 = ORIENTED_EDGE('',*,*,#4960,.F.);
#9535 = ORIENTED_EDGE('',*,*,#9529,.F.);
#9536 = CYLINDRICAL_SURFACE('',#9537,2.);
#9537 = AXIS2_PLACEMENT_3D('',#9538,#9539,#9540);
#9538 = CARTESIAN_POINT('',(147.885,-59.031003,-4.6E-02));
#9539 = DIRECTION('',(-0.,-0.,-1.));
#9540 = DIRECTION('',(-0.,-1.,0.));
#9541 = ADVANCED_FACE('',(#9542),#9553,.F.);
#9542 = FACE_BOUND('',#9543,.T.);
#9543 = EDGE_LOOP('',(#9544,#9545,#9551,#9552));
#9544 = ORIENTED_EDGE('',*,*,#1618,.T.);
#9545 = ORIENTED_EDGE('',*,*,#9546,.T.);
#9546 = EDGE_CURVE('',#1619,#4972,#9547,.T.);
#9547 = LINE('',#9548,#9549);
#9548 = CARTESIAN_POINT('',(152.887823,-59.02387,-4.6E-02));
#9549 = VECTOR('',#9550,1.);
#9550 = DIRECTION('',(0.,0.,1.));
#9551 = ORIENTED_EDGE('',*,*,#4971,.F.);
#9552 = ORIENTED_EDGE('',*,*,#9546,.F.);
#9553 = CYLINDRICAL_SURFACE('',#9554,0.875);
#9554 = AXIS2_PLACEMENT_3D('',#9555,#9556,#9557);
#9555 = CARTESIAN_POINT('',(152.887823,-58.14887,-4.6E-02));
#9556 = DIRECTION('',(-0.,-0.,-1.));
#9557 = DIRECTION('',(-0.,-1.,0.));
#9558 = ADVANCED_FACE('',(#9559),#9570,.F.);
#9559 = FACE_BOUND('',#9560,.T.);
#9560 = EDGE_LOOP('',(#9561,#9562,#9568,#9569));
#9561 = ORIENTED_EDGE('',*,*,#1629,.T.);
#9562 = ORIENTED_EDGE('',*,*,#9563,.T.);
#9563 = EDGE_CURVE('',#1630,#4983,#9564,.T.);
#9564 = LINE('',#9565,#9566);
#9565 = CARTESIAN_POINT('',(143.691816,-57.941191,-4.6E-02));
#9566 = VECTOR('',#9567,1.);
#9567 = DIRECTION('',(0.,0.,1.));
#9568 = ORIENTED_EDGE('',*,*,#4982,.F.);
#9569 = ORIENTED_EDGE('',*,*,#9563,.F.);
#9570 = CYLINDRICAL_SURFACE('',#9571,0.75);
#9571 = AXIS2_PLACEMENT_3D('',#9572,#9573,#9574);
#9572 = CARTESIAN_POINT('',(143.691816,-57.191191,-4.6E-02));
#9573 = DIRECTION('',(-0.,-0.,-1.));
#9574 = DIRECTION('',(-0.,-1.,0.));
#9575 = ADVANCED_FACE('',(#9576),#9587,.F.);
#9576 = FACE_BOUND('',#9577,.T.);
#9577 = EDGE_LOOP('',(#9578,#9579,#9585,#9586));
#9578 = ORIENTED_EDGE('',*,*,#1640,.T.);
#9579 = ORIENTED_EDGE('',*,*,#9580,.T.);
#9580 = EDGE_CURVE('',#1641,#4994,#9581,.T.);
#9581 = LINE('',#9582,#9583);
#9582 = CARTESIAN_POINT('',(149.504279,-54.337113,-4.6E-02));
#9583 = VECTOR('',#9584,1.);
#9584 = DIRECTION('',(0.,0.,1.));
#9585 = ORIENTED_EDGE('',*,*,#4993,.F.);
#9586 = ORIENTED_EDGE('',*,*,#9580,.F.);
#9587 = CYLINDRICAL_SURFACE('',#9588,0.75);
#9588 = AXIS2_PLACEMENT_3D('',#9589,#9590,#9591);
#9589 = CARTESIAN_POINT('',(149.504279,-53.587113,-4.6E-02));
#9590 = DIRECTION('',(-0.,-0.,-1.));
#9591 = DIRECTION('',(-0.,-1.,0.));
#9592 = ADVANCED_FACE('',(#9593),#9604,.F.);
#9593 = FACE_BOUND('',#9594,.T.);
#9594 = EDGE_LOOP('',(#9595,#9596,#9602,#9603));
#9595 = ORIENTED_EDGE('',*,*,#1651,.T.);
#9596 = ORIENTED_EDGE('',*,*,#9597,.T.);
#9597 = EDGE_CURVE('',#1652,#5005,#9598,.T.);
#9598 = LINE('',#9599,#9600);
#9599 = CARTESIAN_POINT('',(160.513677,-53.668289,-4.6E-02));
#9600 = VECTOR('',#9601,1.);
#9601 = DIRECTION('',(0.,0.,1.));
#9602 = ORIENTED_EDGE('',*,*,#5004,.F.);
#9603 = ORIENTED_EDGE('',*,*,#9597,.F.);
#9604 = CYLINDRICAL_SURFACE('',#9605,0.875);
#9605 = AXIS2_PLACEMENT_3D('',#9606,#9607,#9608);
#9606 = CARTESIAN_POINT('',(160.513677,-52.793289,-4.6E-02));
#9607 = DIRECTION('',(-0.,-0.,-1.));
#9608 = DIRECTION('',(-0.,-1.,0.));
#9609 = ADVANCED_FACE('',(#9610),#9621,.F.);
#9610 = FACE_BOUND('',#9611,.T.);
#9611 = EDGE_LOOP('',(#9612,#9613,#9619,#9620));
#9612 = ORIENTED_EDGE('',*,*,#1662,.T.);
#9613 = ORIENTED_EDGE('',*,*,#9614,.T.);
#9614 = EDGE_CURVE('',#1663,#5016,#9615,.T.);
#9615 = LINE('',#9616,#9617);
#9616 = CARTESIAN_POINT('',(165.5165,-53.911156,-4.6E-02));
#9617 = VECTOR('',#9618,1.);
#9618 = DIRECTION('',(0.,0.,1.));
#9619 = ORIENTED_EDGE('',*,*,#5015,.F.);
#9620 = ORIENTED_EDGE('',*,*,#9614,.F.);
#9621 = CYLINDRICAL_SURFACE('',#9622,2.);
#9622 = AXIS2_PLACEMENT_3D('',#9623,#9624,#9625);
#9623 = CARTESIAN_POINT('',(165.5165,-51.911156,-4.6E-02));
#9624 = DIRECTION('',(-0.,-0.,-1.));
#9625 = DIRECTION('',(-0.,-1.,0.));
#9626 = ADVANCED_FACE('',(#9627),#9638,.F.);
#9627 = FACE_BOUND('',#9628,.T.);
#9628 = EDGE_LOOP('',(#9629,#9630,#9636,#9637));
#9629 = ORIENTED_EDGE('',*,*,#1673,.T.);
#9630 = ORIENTED_EDGE('',*,*,#9631,.T.);
#9631 = EDGE_CURVE('',#1674,#5027,#9632,.T.);
#9632 = LINE('',#9633,#9634);
#9633 = CARTESIAN_POINT('',(170.519323,-51.904023,-4.6E-02));
#9634 = VECTOR('',#9635,1.);
#9635 = DIRECTION('',(0.,0.,1.));
#9636 = ORIENTED_EDGE('',*,*,#5026,.F.);
#9637 = ORIENTED_EDGE('',*,*,#9631,.F.);
#9638 = CYLINDRICAL_SURFACE('',#9639,0.875);
#9639 = AXIS2_PLACEMENT_3D('',#9640,#9641,#9642);
#9640 = CARTESIAN_POINT('',(170.519323,-51.029023,-4.6E-02));
#9641 = DIRECTION('',(-0.,-0.,-1.));
#9642 = DIRECTION('',(-0.,-1.,0.));
#9643 = ADVANCED_FACE('',(#9644),#9655,.F.);
#9644 = FACE_BOUND('',#9645,.T.);
#9645 = EDGE_LOOP('',(#9646,#9647,#9653,#9654));
#9646 = ORIENTED_EDGE('',*,*,#1684,.T.);
#9647 = ORIENTED_EDGE('',*,*,#9648,.T.);
#9648 = EDGE_CURVE('',#1685,#5038,#9649,.T.);
#9649 = LINE('',#9650,#9651);
#9650 = CARTESIAN_POINT('',(161.323316,-50.821344,-4.6E-02));
#9651 = VECTOR('',#9652,1.);
#9652 = DIRECTION('',(0.,0.,1.));
#9653 = ORIENTED_EDGE('',*,*,#5037,.F.);
#9654 = ORIENTED_EDGE('',*,*,#9648,.F.);
#9655 = CYLINDRICAL_SURFACE('',#9656,0.75);
#9656 = AXIS2_PLACEMENT_3D('',#9657,#9658,#9659);
#9657 = CARTESIAN_POINT('',(161.323316,-50.071344,-4.6E-02));
#9658 = DIRECTION('',(-0.,-0.,-1.));
#9659 = DIRECTION('',(-0.,-1.,0.));
#9660 = ADVANCED_FACE('',(#9661),#9672,.F.);
#9661 = FACE_BOUND('',#9662,.T.);
#9662 = EDGE_LOOP('',(#9663,#9664,#9670,#9671));
#9663 = ORIENTED_EDGE('',*,*,#1695,.T.);
#9664 = ORIENTED_EDGE('',*,*,#9665,.T.);
#9665 = EDGE_CURVE('',#1696,#5049,#9666,.T.);
#9666 = LINE('',#9667,#9668);
#9667 = CARTESIAN_POINT('',(167.135779,-47.217266,-4.6E-02));
#9668 = VECTOR('',#9669,1.);
#9669 = DIRECTION('',(0.,0.,1.));
#9670 = ORIENTED_EDGE('',*,*,#5048,.F.);
#9671 = ORIENTED_EDGE('',*,*,#9665,.F.);
#9672 = CYLINDRICAL_SURFACE('',#9673,0.75);
#9673 = AXIS2_PLACEMENT_3D('',#9674,#9675,#9676);
#9674 = CARTESIAN_POINT('',(167.135779,-46.467266,-4.6E-02));
#9675 = DIRECTION('',(-0.,-0.,-1.));
#9676 = DIRECTION('',(-0.,-1.,0.));
#9677 = ADVANCED_FACE('',(#9678),#9689,.F.);
#9678 = FACE_BOUND('',#9679,.T.);
#9679 = EDGE_LOOP('',(#9680,#9681,#9687,#9688));
#9680 = ORIENTED_EDGE('',*,*,#1706,.T.);
#9681 = ORIENTED_EDGE('',*,*,#9682,.T.);
#9682 = EDGE_CURVE('',#1707,#5060,#9683,.T.);
#9683 = LINE('',#9684,#9685);
#9684 = CARTESIAN_POINT('',(178.469977,-46.35148,-4.6E-02));
#9685 = VECTOR('',#9686,1.);
#9686 = DIRECTION('',(0.,0.,1.));
#9687 = ORIENTED_EDGE('',*,*,#5059,.F.);
#9688 = ORIENTED_EDGE('',*,*,#9682,.F.);
#9689 = CYLINDRICAL_SURFACE('',#9690,0.875);
#9690 = AXIS2_PLACEMENT_3D('',#9691,#9692,#9693);
#9691 = CARTESIAN_POINT('',(178.469977,-45.47648,-4.6E-02));
#9692 = DIRECTION('',(-0.,-0.,-1.));
#9693 = DIRECTION('',(-0.,-1.,0.));
#9694 = ADVANCED_FACE('',(#9695),#9706,.F.);
#9695 = FACE_BOUND('',#9696,.T.);
#9696 = EDGE_LOOP('',(#9697,#9698,#9704,#9705));
#9697 = ORIENTED_EDGE('',*,*,#1717,.T.);
#9698 = ORIENTED_EDGE('',*,*,#9699,.T.);
#9699 = EDGE_CURVE('',#1718,#5071,#9700,.T.);
#9700 = LINE('',#9701,#9702);
#9701 = CARTESIAN_POINT('',(183.4728,-46.594347,-4.6E-02));
#9702 = VECTOR('',#9703,1.);
#9703 = DIRECTION('',(0.,0.,1.));
#9704 = ORIENTED_EDGE('',*,*,#5070,.F.);
#9705 = ORIENTED_EDGE('',*,*,#9699,.F.);
#9706 = CYLINDRICAL_SURFACE('',#9707,2.);
#9707 = AXIS2_PLACEMENT_3D('',#9708,#9709,#9710);
#9708 = CARTESIAN_POINT('',(183.4728,-44.594347,-4.6E-02));
#9709 = DIRECTION('',(-0.,-0.,-1.));
#9710 = DIRECTION('',(-0.,-1.,0.));
#9711 = ADVANCED_FACE('',(#9712),#9723,.F.);
#9712 = FACE_BOUND('',#9713,.T.);
#9713 = EDGE_LOOP('',(#9714,#9715,#9721,#9722));
#9714 = ORIENTED_EDGE('',*,*,#1728,.T.);
#9715 = ORIENTED_EDGE('',*,*,#9716,.T.);
#9716 = EDGE_CURVE('',#1729,#5082,#9717,.T.);
#9717 = LINE('',#9718,#9719);
#9718 = CARTESIAN_POINT('',(188.475623,-44.587214,-4.6E-02));
#9719 = VECTOR('',#9720,1.);
#9720 = DIRECTION('',(0.,0.,1.));
#9721 = ORIENTED_EDGE('',*,*,#5081,.F.);
#9722 = ORIENTED_EDGE('',*,*,#9716,.F.);
#9723 = CYLINDRICAL_SURFACE('',#9724,0.875);
#9724 = AXIS2_PLACEMENT_3D('',#9725,#9726,#9727);
#9725 = CARTESIAN_POINT('',(188.475623,-43.712214,-4.6E-02));
#9726 = DIRECTION('',(-0.,-0.,-1.));
#9727 = DIRECTION('',(-0.,-1.,0.));
#9728 = ADVANCED_FACE('',(#9729),#9740,.F.);
#9729 = FACE_BOUND('',#9730,.T.);
#9730 = EDGE_LOOP('',(#9731,#9732,#9738,#9739));
#9731 = ORIENTED_EDGE('',*,*,#1739,.T.);
#9732 = ORIENTED_EDGE('',*,*,#9733,.T.);
#9733 = EDGE_CURVE('',#1740,#5093,#9734,.T.);
#9734 = LINE('',#9735,#9736);
#9735 = CARTESIAN_POINT('',(197.597777,-47.141971,-4.6E-02));
#9736 = VECTOR('',#9737,1.);
#9737 = DIRECTION('',(0.,0.,1.));
#9738 = ORIENTED_EDGE('',*,*,#5092,.F.);
#9739 = ORIENTED_EDGE('',*,*,#9733,.F.);
#9740 = CYLINDRICAL_SURFACE('',#9741,0.875);
#9741 = AXIS2_PLACEMENT_3D('',#9742,#9743,#9744);
#9742 = CARTESIAN_POINT('',(197.597777,-46.266971,-4.6E-02));
#9743 = DIRECTION('',(-0.,-0.,-1.));
#9744 = DIRECTION('',(-0.,-1.,0.));
#9745 = ADVANCED_FACE('',(#9746),#9757,.F.);
#9746 = FACE_BOUND('',#9747,.T.);
#9747 = EDGE_LOOP('',(#9748,#9749,#9755,#9756));
#9748 = ORIENTED_EDGE('',*,*,#1750,.T.);
#9749 = ORIENTED_EDGE('',*,*,#9750,.T.);
#9750 = EDGE_CURVE('',#1751,#5104,#9751,.T.);
#9751 = LINE('',#9752,#9753);
#9752 = CARTESIAN_POINT('',(202.6006,-47.384838,-4.6E-02));
#9753 = VECTOR('',#9754,1.);
#9754 = DIRECTION('',(0.,0.,1.));
#9755 = ORIENTED_EDGE('',*,*,#5103,.F.);
#9756 = ORIENTED_EDGE('',*,*,#9750,.F.);
#9757 = CYLINDRICAL_SURFACE('',#9758,2.);
#9758 = AXIS2_PLACEMENT_3D('',#9759,#9760,#9761);
#9759 = CARTESIAN_POINT('',(202.6006,-45.384838,-4.6E-02));
#9760 = DIRECTION('',(-0.,-0.,-1.));
#9761 = DIRECTION('',(-0.,-1.,0.));
#9762 = ADVANCED_FACE('',(#9763),#9774,.F.);
#9763 = FACE_BOUND('',#9764,.T.);
#9764 = EDGE_LOOP('',(#9765,#9766,#9772,#9773));
#9765 = ORIENTED_EDGE('',*,*,#1761,.T.);
#9766 = ORIENTED_EDGE('',*,*,#9767,.T.);
#9767 = EDGE_CURVE('',#1762,#5115,#9768,.T.);
#9768 = LINE('',#9769,#9770);
#9769 = CARTESIAN_POINT('',(198.407416,-44.295026,-4.6E-02));
#9770 = VECTOR('',#9771,1.);
#9771 = DIRECTION('',(0.,0.,1.));
#9772 = ORIENTED_EDGE('',*,*,#5114,.F.);
#9773 = ORIENTED_EDGE('',*,*,#9767,.F.);
#9774 = CYLINDRICAL_SURFACE('',#9775,0.75);
#9775 = AXIS2_PLACEMENT_3D('',#9776,#9777,#9778);
#9776 = CARTESIAN_POINT('',(198.407416,-43.545026,-4.6E-02));
#9777 = DIRECTION('',(-0.,-0.,-1.));
#9778 = DIRECTION('',(-0.,-1.,0.));
#9779 = ADVANCED_FACE('',(#9780),#9791,.F.);
#9780 = FACE_BOUND('',#9781,.T.);
#9781 = EDGE_LOOP('',(#9782,#9783,#9789,#9790));
#9782 = ORIENTED_EDGE('',*,*,#1772,.T.);
#9783 = ORIENTED_EDGE('',*,*,#9784,.T.);
#9784 = EDGE_CURVE('',#1773,#5126,#9785,.T.);
#9785 = LINE('',#9786,#9787);
#9786 = CARTESIAN_POINT('',(207.603423,-45.377705,-4.6E-02));
#9787 = VECTOR('',#9788,1.);
#9788 = DIRECTION('',(0.,0.,1.));
#9789 = ORIENTED_EDGE('',*,*,#5125,.F.);
#9790 = ORIENTED_EDGE('',*,*,#9784,.F.);
#9791 = CYLINDRICAL_SURFACE('',#9792,0.875);
#9792 = AXIS2_PLACEMENT_3D('',#9793,#9794,#9795);
#9793 = CARTESIAN_POINT('',(207.603423,-44.502705,-4.6E-02));
#9794 = DIRECTION('',(-0.,-0.,-1.));
#9795 = DIRECTION('',(-0.,-1.,0.));
#9796 = ADVANCED_FACE('',(#9797),#9808,.F.);
#9797 = FACE_BOUND('',#9798,.T.);
#9798 = EDGE_LOOP('',(#9799,#9800,#9806,#9807));
#9799 = ORIENTED_EDGE('',*,*,#1783,.T.);
#9800 = ORIENTED_EDGE('',*,*,#9801,.T.);
#9801 = EDGE_CURVE('',#1784,#5137,#9802,.T.);
#9802 = LINE('',#9803,#9804);
#9803 = CARTESIAN_POINT('',(216.421577,-47.935317,-4.6E-02));
#9804 = VECTOR('',#9805,1.);
#9805 = DIRECTION('',(0.,0.,1.));
#9806 = ORIENTED_EDGE('',*,*,#5136,.F.);
#9807 = ORIENTED_EDGE('',*,*,#9801,.F.);
#9808 = CYLINDRICAL_SURFACE('',#9809,0.875);
#9809 = AXIS2_PLACEMENT_3D('',#9810,#9811,#9812);
#9810 = CARTESIAN_POINT('',(216.421577,-47.060317,-4.6E-02));
#9811 = DIRECTION('',(-0.,-0.,-1.));
#9812 = DIRECTION('',(-0.,-1.,0.));
#9813 = ADVANCED_FACE('',(#9814),#9825,.F.);
#9814 = FACE_BOUND('',#9815,.T.);
#9815 = EDGE_LOOP('',(#9816,#9817,#9823,#9824));
#9816 = ORIENTED_EDGE('',*,*,#1794,.T.);
#9817 = ORIENTED_EDGE('',*,*,#9818,.T.);
#9818 = EDGE_CURVE('',#1795,#5148,#9819,.T.);
#9819 = LINE('',#9820,#9821);
#9820 = CARTESIAN_POINT('',(221.4244,-48.178184,-4.6E-02));
#9821 = VECTOR('',#9822,1.);
#9822 = DIRECTION('',(0.,0.,1.));
#9823 = ORIENTED_EDGE('',*,*,#5147,.F.);
#9824 = ORIENTED_EDGE('',*,*,#9818,.F.);
#9825 = CYLINDRICAL_SURFACE('',#9826,2.);
#9826 = AXIS2_PLACEMENT_3D('',#9827,#9828,#9829);
#9827 = CARTESIAN_POINT('',(221.4244,-46.178184,-4.6E-02));
#9828 = DIRECTION('',(-0.,-0.,-1.));
#9829 = DIRECTION('',(-0.,-1.,0.));
#9830 = ADVANCED_FACE('',(#9831),#9842,.F.);
#9831 = FACE_BOUND('',#9832,.T.);
#9832 = EDGE_LOOP('',(#9833,#9834,#9840,#9841));
#9833 = ORIENTED_EDGE('',*,*,#1805,.T.);
#9834 = ORIENTED_EDGE('',*,*,#9835,.T.);
#9835 = EDGE_CURVE('',#1806,#5159,#9836,.T.);
#9836 = LINE('',#9837,#9838);
#9837 = CARTESIAN_POINT('',(217.231216,-45.088372,-4.6E-02));
#9838 = VECTOR('',#9839,1.);
#9839 = DIRECTION('',(0.,0.,1.));
#9840 = ORIENTED_EDGE('',*,*,#5158,.F.);
#9841 = ORIENTED_EDGE('',*,*,#9835,.F.);
#9842 = CYLINDRICAL_SURFACE('',#9843,0.75);
#9843 = AXIS2_PLACEMENT_3D('',#9844,#9845,#9846);
#9844 = CARTESIAN_POINT('',(217.231216,-44.338372,-4.6E-02));
#9845 = DIRECTION('',(-0.,-0.,-1.));
#9846 = DIRECTION('',(-0.,-1.,0.));
#9847 = ADVANCED_FACE('',(#9848),#9859,.F.);
#9848 = FACE_BOUND('',#9849,.T.);
#9849 = EDGE_LOOP('',(#9850,#9851,#9857,#9858));
#9850 = ORIENTED_EDGE('',*,*,#1816,.T.);
#9851 = ORIENTED_EDGE('',*,*,#9852,.T.);
#9852 = EDGE_CURVE('',#1817,#5170,#9853,.T.);
#9853 = LINE('',#9854,#9855);
#9854 = CARTESIAN_POINT('',(235.386877,-48.691078,-4.6E-02));
#9855 = VECTOR('',#9856,1.);
#9856 = DIRECTION('',(0.,0.,1.));
#9857 = ORIENTED_EDGE('',*,*,#5169,.F.);
#9858 = ORIENTED_EDGE('',*,*,#9852,.F.);
#9859 = CYLINDRICAL_SURFACE('',#9860,0.875);
#9860 = AXIS2_PLACEMENT_3D('',#9861,#9862,#9863);
#9861 = CARTESIAN_POINT('',(235.386877,-47.816078,-4.6E-02));
#9862 = DIRECTION('',(-0.,-0.,-1.));
#9863 = DIRECTION('',(-0.,-1.,0.));
#9864 = ADVANCED_FACE('',(#9865),#9876,.F.);
#9865 = FACE_BOUND('',#9866,.T.);
#9866 = EDGE_LOOP('',(#9867,#9868,#9874,#9875));
#9867 = ORIENTED_EDGE('',*,*,#1827,.T.);
#9868 = ORIENTED_EDGE('',*,*,#9869,.T.);
#9869 = EDGE_CURVE('',#1828,#5181,#9870,.T.);
#9870 = LINE('',#9871,#9872);
#9871 = CARTESIAN_POINT('',(255.799999,-50.840001,-4.6E-02));
#9872 = VECTOR('',#9873,1.);
#9873 = DIRECTION('',(0.,0.,1.));
#9874 = ORIENTED_EDGE('',*,*,#5180,.F.);
#9875 = ORIENTED_EDGE('',*,*,#9869,.F.);
#9876 = CYLINDRICAL_SURFACE('',#9877,0.599999);
#9877 = AXIS2_PLACEMENT_3D('',#9878,#9879,#9880);
#9878 = CARTESIAN_POINT('',(255.799999,-50.240002,-4.6E-02));
#9879 = DIRECTION('',(-0.,0.,-1.));
#9880 = DIRECTION('',(4.736959466667E-14,-1.,-0.));
#9881 = ADVANCED_FACE('',(#9882),#9893,.F.);
#9882 = FACE_BOUND('',#9883,.T.);
#9883 = EDGE_LOOP('',(#9884,#9885,#9891,#9892));
#9884 = ORIENTED_EDGE('',*,*,#1838,.T.);
#9885 = ORIENTED_EDGE('',*,*,#9886,.T.);
#9886 = EDGE_CURVE('',#1839,#5192,#9887,.T.);
#9887 = LINE('',#9888,#9889);
#9888 = CARTESIAN_POINT('',(240.3897,-48.933945,-4.6E-02));
#9889 = VECTOR('',#9890,1.);
#9890 = DIRECTION('',(0.,0.,1.));
#9891 = ORIENTED_EDGE('',*,*,#5191,.F.);
#9892 = ORIENTED_EDGE('',*,*,#9886,.F.);
#9893 = CYLINDRICAL_SURFACE('',#9894,2.);
#9894 = AXIS2_PLACEMENT_3D('',#9895,#9896,#9897);
#9895 = CARTESIAN_POINT('',(240.3897,-46.933945,-4.6E-02));
#9896 = DIRECTION('',(-0.,-0.,-1.));
#9897 = DIRECTION('',(-0.,-1.,0.));
#9898 = ADVANCED_FACE('',(#9899),#9910,.F.);
#9899 = FACE_BOUND('',#9900,.T.);
#9900 = EDGE_LOOP('',(#9901,#9902,#9908,#9909));
#9901 = ORIENTED_EDGE('',*,*,#1849,.T.);
#9902 = ORIENTED_EDGE('',*,*,#9903,.T.);
#9903 = EDGE_CURVE('',#1850,#5203,#9904,.T.);
#9904 = LINE('',#9905,#9906);
#9905 = CARTESIAN_POINT('',(226.427223,-46.171051,-4.6E-02));
#9906 = VECTOR('',#9907,1.);
#9907 = DIRECTION('',(0.,0.,1.));
#9908 = ORIENTED_EDGE('',*,*,#5202,.F.);
#9909 = ORIENTED_EDGE('',*,*,#9903,.F.);
#9910 = CYLINDRICAL_SURFACE('',#9911,0.875);
#9911 = AXIS2_PLACEMENT_3D('',#9912,#9913,#9914);
#9912 = CARTESIAN_POINT('',(226.427223,-45.296051,-4.6E-02));
#9913 = DIRECTION('',(-0.,-0.,-1.));
#9914 = DIRECTION('',(-0.,-1.,0.));
#9915 = ADVANCED_FACE('',(#9916),#9927,.F.);
#9916 = FACE_BOUND('',#9917,.T.);
#9917 = EDGE_LOOP('',(#9918,#9919,#9925,#9926));
#9918 = ORIENTED_EDGE('',*,*,#1860,.T.);
#9919 = ORIENTED_EDGE('',*,*,#9920,.T.);
#9920 = EDGE_CURVE('',#1861,#5214,#9921,.T.);
#9921 = LINE('',#9922,#9923);
#9922 = CARTESIAN_POINT('',(236.196516,-45.844133,-4.6E-02));
#9923 = VECTOR('',#9924,1.);
#9924 = DIRECTION('',(0.,0.,1.));
#9925 = ORIENTED_EDGE('',*,*,#5213,.F.);
#9926 = ORIENTED_EDGE('',*,*,#9920,.F.);
#9927 = CYLINDRICAL_SURFACE('',#9928,0.75);
#9928 = AXIS2_PLACEMENT_3D('',#9929,#9930,#9931);
#9929 = CARTESIAN_POINT('',(236.196516,-45.094133,-4.6E-02));
#9930 = DIRECTION('',(-0.,-0.,-1.));
#9931 = DIRECTION('',(-0.,-1.,0.));
#9932 = ADVANCED_FACE('',(#9933),#9944,.F.);
#9933 = FACE_BOUND('',#9934,.T.);
#9934 = EDGE_LOOP('',(#9935,#9936,#9942,#9943));
#9935 = ORIENTED_EDGE('',*,*,#1871,.T.);
#9936 = ORIENTED_EDGE('',*,*,#9937,.T.);
#9937 = EDGE_CURVE('',#1872,#5225,#9938,.T.);
#9938 = LINE('',#9939,#9940);
#9939 = CARTESIAN_POINT('',(245.392523,-46.926812,-4.6E-02));
#9940 = VECTOR('',#9941,1.);
#9941 = DIRECTION('',(0.,0.,1.));
#9942 = ORIENTED_EDGE('',*,*,#5224,.F.);
#9943 = ORIENTED_EDGE('',*,*,#9937,.F.);
#9944 = CYLINDRICAL_SURFACE('',#9945,0.875);
#9945 = AXIS2_PLACEMENT_3D('',#9946,#9947,#9948);
#9946 = CARTESIAN_POINT('',(245.392523,-46.051812,-4.6E-02));
#9947 = DIRECTION('',(-0.,-0.,-1.));
#9948 = DIRECTION('',(-0.,-1.,0.));
#9949 = ADVANCED_FACE('',(#9950),#9961,.F.);
#9950 = FACE_BOUND('',#9951,.T.);
#9951 = EDGE_LOOP('',(#9952,#9953,#9959,#9960));
#9952 = ORIENTED_EDGE('',*,*,#1882,.T.);
#9953 = ORIENTED_EDGE('',*,*,#9954,.T.);
#9954 = EDGE_CURVE('',#1883,#5236,#9955,.T.);
#9955 = LINE('',#9956,#9957);
#9956 = CARTESIAN_POINT('',(255.799999,-45.759999,-4.6E-02));
#9957 = VECTOR('',#9958,1.);
#9958 = DIRECTION('',(0.,0.,1.));
#9959 = ORIENTED_EDGE('',*,*,#5235,.F.);
#9960 = ORIENTED_EDGE('',*,*,#9954,.F.);
#9961 = CYLINDRICAL_SURFACE('',#9962,0.599999);
#9962 = AXIS2_PLACEMENT_3D('',#9963,#9964,#9965);
#9963 = CARTESIAN_POINT('',(255.799999,-45.16,-4.6E-02));
#9964 = DIRECTION('',(-0.,0.,-1.));
#9965 = DIRECTION('',(4.736959466667E-14,-1.,-0.));
#9966 = ADVANCED_FACE('',(#9967),#9978,.F.);
#9967 = FACE_BOUND('',#9968,.T.);
#9968 = EDGE_LOOP('',(#9969,#9970,#9976,#9977));
#9969 = ORIENTED_EDGE('',*,*,#1893,.T.);
#9970 = ORIENTED_EDGE('',*,*,#9971,.T.);
#9971 = EDGE_CURVE('',#1894,#5247,#9972,.T.);
#9972 = LINE('',#9973,#9974);
#9973 = CARTESIAN_POINT('',(21.957616,-43.122188,-4.6E-02));
#9974 = VECTOR('',#9975,1.);
#9975 = DIRECTION('',(0.,0.,1.));
#9976 = ORIENTED_EDGE('',*,*,#5246,.F.);
#9977 = ORIENTED_EDGE('',*,*,#9971,.F.);
#9978 = CYLINDRICAL_SURFACE('',#9979,0.75);
#9979 = AXIS2_PLACEMENT_3D('',#9980,#9981,#9982);
#9980 = CARTESIAN_POINT('',(21.957616,-42.372188,-4.6E-02));
#9981 = DIRECTION('',(-0.,-0.,-1.));
#9982 = DIRECTION('',(-0.,-1.,0.));
#9983 = ADVANCED_FACE('',(#9984),#9995,.F.);
#9984 = FACE_BOUND('',#9985,.T.);
#9985 = EDGE_LOOP('',(#9986,#9987,#9993,#9994));
#9986 = ORIENTED_EDGE('',*,*,#1904,.T.);
#9987 = ORIENTED_EDGE('',*,*,#9988,.T.);
#9988 = EDGE_CURVE('',#1905,#5258,#9989,.T.);
#9989 = LINE('',#9990,#9991);
#9990 = CARTESIAN_POINT('',(3.2,-37.140001,-4.6E-02));
#9991 = VECTOR('',#9992,1.);
#9992 = DIRECTION('',(0.,0.,1.));
#9993 = ORIENTED_EDGE('',*,*,#5257,.F.);
#9994 = ORIENTED_EDGE('',*,*,#9988,.F.);
#9995 = CYLINDRICAL_SURFACE('',#9996,0.599999);
#9996 = AXIS2_PLACEMENT_3D('',#9997,#9998,#9999);
#9997 = CARTESIAN_POINT('',(3.2,-36.540002,-4.6E-02));
#9998 = DIRECTION('',(-0.,-0.,-1.));
#9999 = DIRECTION('',(-0.,-1.,0.));
#10000 = ADVANCED_FACE('',(#10001),#10012,.F.);
#10001 = FACE_BOUND('',#10002,.T.);
#10002 = EDGE_LOOP('',(#10003,#10004,#10010,#10011));
#10003 = ORIENTED_EDGE('',*,*,#1915,.T.);
#10004 = ORIENTED_EDGE('',*,*,#10005,.T.);
#10005 = EDGE_CURVE('',#1916,#5269,#10006,.T.);
#10006 = LINE('',#10007,#10008);
#10007 = CARTESIAN_POINT('',(40.922916,-42.366427,-4.6E-02));
#10008 = VECTOR('',#10009,1.);
#10009 = DIRECTION('',(0.,0.,1.));
#10010 = ORIENTED_EDGE('',*,*,#5268,.F.);
#10011 = ORIENTED_EDGE('',*,*,#10005,.F.);
#10012 = CYLINDRICAL_SURFACE('',#10013,0.75);
#10013 = AXIS2_PLACEMENT_3D('',#10014,#10015,#10016);
#10014 = CARTESIAN_POINT('',(40.922916,-41.616427,-4.6E-02));
#10015 = DIRECTION('',(-0.,-0.,-1.));
#10016 = DIRECTION('',(-0.,-1.,0.));
#10017 = ADVANCED_FACE('',(#10018),#10029,.F.);
#10018 = FACE_BOUND('',#10019,.T.);
#10019 = EDGE_LOOP('',(#10020,#10021,#10027,#10028));
#10020 = ORIENTED_EDGE('',*,*,#1926,.T.);
#10021 = ORIENTED_EDGE('',*,*,#10022,.T.);
#10022 = EDGE_CURVE('',#1927,#5280,#10023,.T.);
#10023 = LINE('',#10024,#10025);
#10024 = CARTESIAN_POINT('',(53.052058,-42.971827,-4.6E-02));
#10025 = VECTOR('',#10026,1.);
#10026 = DIRECTION('',(0.,0.,1.));
#10027 = ORIENTED_EDGE('',*,*,#5279,.F.);
#10028 = ORIENTED_EDGE('',*,*,#10022,.F.);
#10029 = CYLINDRICAL_SURFACE('',#10030,0.75);
#10030 = AXIS2_PLACEMENT_3D('',#10031,#10032,#10033);
#10031 = CARTESIAN_POINT('',(53.052058,-42.221827,-4.6E-02));
#10032 = DIRECTION('',(-0.,-0.,-1.));
#10033 = DIRECTION('',(-0.,-1.,0.));
#10034 = ADVANCED_FACE('',(#10035),#10046,.F.);
#10035 = FACE_BOUND('',#10036,.T.);
#10036 = EDGE_LOOP('',(#10037,#10038,#10044,#10045));
#10037 = ORIENTED_EDGE('',*,*,#1937,.T.);
#10038 = ORIENTED_EDGE('',*,*,#10039,.T.);
#10039 = EDGE_CURVE('',#1938,#5291,#10040,.T.);
#10040 = LINE('',#10041,#10042);
#10041 = CARTESIAN_POINT('',(59.746653,-41.573081,-4.6E-02));
#10042 = VECTOR('',#10043,1.);
#10043 = DIRECTION('',(0.,0.,1.));
#10044 = ORIENTED_EDGE('',*,*,#5290,.F.);
#10045 = ORIENTED_EDGE('',*,*,#10039,.F.);
#10046 = CYLINDRICAL_SURFACE('',#10047,0.75);
#10047 = AXIS2_PLACEMENT_3D('',#10048,#10049,#10050);
#10048 = CARTESIAN_POINT('',(59.746653,-40.823081,-4.6E-02));
#10049 = DIRECTION('',(-0.,-0.,-1.));
#10050 = DIRECTION('',(-0.,-1.,0.));
#10051 = ADVANCED_FACE('',(#10052),#10063,.F.);
#10052 = FACE_BOUND('',#10053,.T.);
#10053 = EDGE_LOOP('',(#10054,#10055,#10061,#10062));
#10054 = ORIENTED_EDGE('',*,*,#1948,.T.);
#10055 = ORIENTED_EDGE('',*,*,#10056,.T.);
#10056 = EDGE_CURVE('',#1949,#5302,#10057,.T.);
#10057 = LINE('',#10058,#10059);
#10058 = CARTESIAN_POINT('',(3.2,-32.059999,-4.6E-02));
#10059 = VECTOR('',#10060,1.);
#10060 = DIRECTION('',(0.,0.,1.));
#10061 = ORIENTED_EDGE('',*,*,#5301,.F.);
#10062 = ORIENTED_EDGE('',*,*,#10056,.F.);
#10063 = CYLINDRICAL_SURFACE('',#10064,0.599999);
#10064 = AXIS2_PLACEMENT_3D('',#10065,#10066,#10067);
#10065 = CARTESIAN_POINT('',(3.2,-31.46,-4.6E-02));
#10066 = DIRECTION('',(-0.,-0.,-1.));
#10067 = DIRECTION('',(-0.,-1.,0.));
#10068 = ADVANCED_FACE('',(#10069),#10080,.F.);
#10069 = FACE_BOUND('',#10070,.T.);
#10070 = EDGE_LOOP('',(#10071,#10072,#10078,#10079));
#10071 = ORIENTED_EDGE('',*,*,#1959,.T.);
#10072 = ORIENTED_EDGE('',*,*,#10073,.T.);
#10073 = EDGE_CURVE('',#1960,#5313,#10074,.T.);
#10074 = LINE('',#10075,#10076);
#10075 = CARTESIAN_POINT('',(16.207502,-29.936909,-4.6E-02));
#10076 = VECTOR('',#10077,1.);
#10077 = DIRECTION('',(0.,0.,1.));
#10078 = ORIENTED_EDGE('',*,*,#5312,.F.);
#10079 = ORIENTED_EDGE('',*,*,#10073,.F.);
#10080 = CYLINDRICAL_SURFACE('',#10081,0.875);
#10081 = AXIS2_PLACEMENT_3D('',#10082,#10083,#10084);
#10082 = CARTESIAN_POINT('',(16.207502,-29.061909,-4.6E-02));
#10083 = DIRECTION('',(-0.,-0.,-1.));
#10084 = DIRECTION('',(-0.,-1.,0.));
#10085 = ADVANCED_FACE('',(#10086),#10097,.F.);
#10086 = FACE_BOUND('',#10087,.T.);
#10087 = EDGE_LOOP('',(#10088,#10089,#10095,#10096));
#10088 = ORIENTED_EDGE('',*,*,#1970,.T.);
#10089 = ORIENTED_EDGE('',*,*,#10090,.T.);
#10090 = EDGE_CURVE('',#1971,#5324,#10091,.T.);
#10091 = LINE('',#10092,#10093);
#10092 = CARTESIAN_POINT('',(21.210325,-31.944042,-4.6E-02));
#10093 = VECTOR('',#10094,1.);
#10094 = DIRECTION('',(0.,0.,1.));
#10095 = ORIENTED_EDGE('',*,*,#5323,.F.);
#10096 = ORIENTED_EDGE('',*,*,#10090,.F.);
#10097 = CYLINDRICAL_SURFACE('',#10098,2.);
#10098 = AXIS2_PLACEMENT_3D('',#10099,#10100,#10101);
#10099 = CARTESIAN_POINT('',(21.210325,-29.944042,-4.6E-02));
#10100 = DIRECTION('',(-0.,-0.,-1.));
#10101 = DIRECTION('',(-0.,-1.,0.));
#10102 = ADVANCED_FACE('',(#10103),#10114,.F.);
#10103 = FACE_BOUND('',#10104,.T.);
#10104 = EDGE_LOOP('',(#10105,#10106,#10112,#10113));
#10105 = ORIENTED_EDGE('',*,*,#1981,.T.);
#10106 = ORIENTED_EDGE('',*,*,#10107,.T.);
#10107 = EDGE_CURVE('',#1982,#5335,#10108,.T.);
#10108 = LINE('',#10109,#10110);
#10109 = CARTESIAN_POINT('',(26.213148,-31.701175,-4.6E-02));
#10110 = VECTOR('',#10111,1.);
#10111 = DIRECTION('',(0.,0.,1.));
#10112 = ORIENTED_EDGE('',*,*,#5334,.F.);
#10113 = ORIENTED_EDGE('',*,*,#10107,.F.);
#10114 = CYLINDRICAL_SURFACE('',#10115,0.875);
#10115 = AXIS2_PLACEMENT_3D('',#10116,#10117,#10118);
#10116 = CARTESIAN_POINT('',(26.213148,-30.826175,-4.6E-02));
#10117 = DIRECTION('',(-0.,-0.,-1.));
#10118 = DIRECTION('',(-0.,-1.,0.));
#10119 = ADVANCED_FACE('',(#10120),#10131,.F.);
#10120 = FACE_BOUND('',#10121,.T.);
#10121 = EDGE_LOOP('',(#10122,#10123,#10129,#10130));
#10122 = ORIENTED_EDGE('',*,*,#1992,.T.);
#10123 = ORIENTED_EDGE('',*,*,#10124,.T.);
#10124 = EDGE_CURVE('',#1993,#5346,#10125,.T.);
#10125 = LINE('',#10126,#10127);
#10126 = CARTESIAN_POINT('',(3.2,-24.439999,-4.6E-02));
#10127 = VECTOR('',#10128,1.);
#10128 = DIRECTION('',(0.,0.,1.));
#10129 = ORIENTED_EDGE('',*,*,#5345,.F.);
#10130 = ORIENTED_EDGE('',*,*,#10124,.F.);
#10131 = CYLINDRICAL_SURFACE('',#10132,0.599999);
#10132 = AXIS2_PLACEMENT_3D('',#10133,#10134,#10135);
#10133 = CARTESIAN_POINT('',(3.2,-23.84,-4.6E-02));
#10134 = DIRECTION('',(-0.,-0.,-1.));
#10135 = DIRECTION('',(-0.,-1.,0.));
#10136 = ADVANCED_FACE('',(#10137),#10148,.F.);
#10137 = FACE_BOUND('',#10138,.T.);
#10138 = EDGE_LOOP('',(#10139,#10140,#10146,#10147));
#10139 = ORIENTED_EDGE('',*,*,#2003,.T.);
#10140 = ORIENTED_EDGE('',*,*,#10141,.T.);
#10141 = EDGE_CURVE('',#2004,#5357,#10142,.T.);
#10142 = LINE('',#10143,#10144);
#10143 = CARTESIAN_POINT('',(17.899274,-27.531031,-4.6E-02));
#10144 = VECTOR('',#10145,1.);
#10145 = DIRECTION('',(0.,0.,1.));
#10146 = ORIENTED_EDGE('',*,*,#5356,.F.);
#10147 = ORIENTED_EDGE('',*,*,#10141,.F.);
#10148 = CYLINDRICAL_SURFACE('',#10149,0.75);
#10149 = AXIS2_PLACEMENT_3D('',#10150,#10151,#10152);
#10150 = CARTESIAN_POINT('',(17.899274,-26.781031,-4.6E-02));
#10151 = DIRECTION('',(-0.,-0.,-1.));
#10152 = DIRECTION('',(-0.,-1.,0.));
#10153 = ADVANCED_FACE('',(#10154),#10165,.F.);
#10154 = FACE_BOUND('',#10155,.T.);
#10155 = EDGE_LOOP('',(#10156,#10157,#10163,#10164));
#10156 = ORIENTED_EDGE('',*,*,#2014,.T.);
#10157 = ORIENTED_EDGE('',*,*,#10158,.T.);
#10158 = EDGE_CURVE('',#2015,#5368,#10159,.T.);
#10159 = LINE('',#10160,#10161);
#10160 = CARTESIAN_POINT('',(24.593869,-26.132285,-4.6E-02));
#10161 = VECTOR('',#10162,1.);
#10162 = DIRECTION('',(0.,0.,1.));
#10163 = ORIENTED_EDGE('',*,*,#5367,.F.);
#10164 = ORIENTED_EDGE('',*,*,#10158,.F.);
#10165 = CYLINDRICAL_SURFACE('',#10166,0.75);
#10166 = AXIS2_PLACEMENT_3D('',#10167,#10168,#10169);
#10167 = CARTESIAN_POINT('',(24.593869,-25.382285,-4.6E-02));
#10168 = DIRECTION('',(-0.,-0.,-1.));
#10169 = DIRECTION('',(-0.,-1.,0.));
#10170 = ADVANCED_FACE('',(#10171),#10182,.F.);
#10171 = FACE_BOUND('',#10172,.T.);
#10172 = EDGE_LOOP('',(#10173,#10174,#10180,#10181));
#10173 = ORIENTED_EDGE('',*,*,#2025,.T.);
#10174 = ORIENTED_EDGE('',*,*,#10175,.T.);
#10175 = EDGE_CURVE('',#2026,#5379,#10176,.T.);
#10176 = LINE('',#10177,#10178);
#10177 = CARTESIAN_POINT('',(40.53515,-31.18828,-4.6E-02));
#10178 = VECTOR('',#10179,1.);
#10179 = DIRECTION('',(0.,0.,1.));
#10180 = ORIENTED_EDGE('',*,*,#5378,.F.);
#10181 = ORIENTED_EDGE('',*,*,#10175,.F.);
#10182 = CYLINDRICAL_SURFACE('',#10183,2.);
#10183 = AXIS2_PLACEMENT_3D('',#10184,#10185,#10186);
#10184 = CARTESIAN_POINT('',(40.53515,-29.18828,-4.6E-02));
#10185 = DIRECTION('',(-0.,-0.,-1.));
#10186 = DIRECTION('',(-0.,-1.,0.));
#10187 = ADVANCED_FACE('',(#10188),#10199,.F.);
#10188 = FACE_BOUND('',#10189,.T.);
#10189 = EDGE_LOOP('',(#10190,#10191,#10197,#10198));
#10190 = ORIENTED_EDGE('',*,*,#2036,.T.);
#10191 = ORIENTED_EDGE('',*,*,#10192,.T.);
#10192 = EDGE_CURVE('',#2037,#5390,#10193,.T.);
#10193 = LINE('',#10194,#10195);
#10194 = CARTESIAN_POINT('',(45.537973,-30.945413,-4.6E-02));
#10195 = VECTOR('',#10196,1.);
#10196 = DIRECTION('',(0.,0.,1.));
#10197 = ORIENTED_EDGE('',*,*,#5389,.F.);
#10198 = ORIENTED_EDGE('',*,*,#10192,.F.);
#10199 = CYLINDRICAL_SURFACE('',#10200,0.875);
#10200 = AXIS2_PLACEMENT_3D('',#10201,#10202,#10203);
#10201 = CARTESIAN_POINT('',(45.537973,-30.070413,-4.6E-02));
#10202 = DIRECTION('',(-0.,-0.,-1.));
#10203 = DIRECTION('',(-0.,-1.,0.));
#10204 = ADVANCED_FACE('',(#10205),#10216,.F.);
#10205 = FACE_BOUND('',#10206,.T.);
#10206 = EDGE_LOOP('',(#10207,#10208,#10214,#10215));
#10207 = ORIENTED_EDGE('',*,*,#2047,.T.);
#10208 = ORIENTED_EDGE('',*,*,#10209,.T.);
#10209 = EDGE_CURVE('',#2048,#5401,#10210,.T.);
#10210 = LINE('',#10211,#10212);
#10211 = CARTESIAN_POINT('',(64.361711,-30.152068,-4.6E-02));
#10212 = VECTOR('',#10213,1.);
#10213 = DIRECTION('',(0.,0.,1.));
#10214 = ORIENTED_EDGE('',*,*,#5400,.F.);
#10215 = ORIENTED_EDGE('',*,*,#10209,.F.);
#10216 = CYLINDRICAL_SURFACE('',#10217,0.875);
#10217 = AXIS2_PLACEMENT_3D('',#10218,#10219,#10220);
#10218 = CARTESIAN_POINT('',(64.361711,-29.277068,-4.6E-02));
#10219 = DIRECTION('',(-0.,-0.,-1.));
#10220 = DIRECTION('',(-0.,-1.,0.));
#10221 = ADVANCED_FACE('',(#10222),#10233,.F.);
#10222 = FACE_BOUND('',#10223,.T.);
#10223 = EDGE_LOOP('',(#10224,#10225,#10231,#10232));
#10224 = ORIENTED_EDGE('',*,*,#2058,.T.);
#10225 = ORIENTED_EDGE('',*,*,#10226,.T.);
#10226 = EDGE_CURVE('',#2059,#5412,#10227,.T.);
#10227 = LINE('',#10228,#10229);
#10228 = CARTESIAN_POINT('',(35.532327,-29.181147,-4.6E-02));
#10229 = VECTOR('',#10230,1.);
#10230 = DIRECTION('',(0.,0.,1.));
#10231 = ORIENTED_EDGE('',*,*,#5411,.F.);
#10232 = ORIENTED_EDGE('',*,*,#10226,.F.);
#10233 = CYLINDRICAL_SURFACE('',#10234,0.875);
#10234 = AXIS2_PLACEMENT_3D('',#10235,#10236,#10237);
#10235 = CARTESIAN_POINT('',(35.532327,-28.306147,-4.6E-02));
#10236 = DIRECTION('',(-0.,-0.,-1.));
#10237 = DIRECTION('',(-0.,-1.,0.));
#10238 = ADVANCED_FACE('',(#10239),#10250,.F.);
#10239 = FACE_BOUND('',#10240,.T.);
#10240 = EDGE_LOOP('',(#10241,#10242,#10248,#10249));
#10241 = ORIENTED_EDGE('',*,*,#2069,.T.);
#10242 = ORIENTED_EDGE('',*,*,#10243,.T.);
#10243 = EDGE_CURVE('',#2070,#5423,#10244,.T.);
#10244 = LINE('',#10245,#10246);
#10245 = CARTESIAN_POINT('',(37.224099,-26.775269,-4.6E-02));
#10246 = VECTOR('',#10247,1.);
#10247 = DIRECTION('',(0.,0.,1.));
#10248 = ORIENTED_EDGE('',*,*,#5422,.F.);
#10249 = ORIENTED_EDGE('',*,*,#10243,.F.);
#10250 = CYLINDRICAL_SURFACE('',#10251,0.75);
#10251 = AXIS2_PLACEMENT_3D('',#10252,#10253,#10254);
#10252 = CARTESIAN_POINT('',(37.224099,-26.025269,-4.6E-02));
#10253 = DIRECTION('',(-0.,-0.,-1.));
#10254 = DIRECTION('',(-0.,-1.,0.));
#10255 = ADVANCED_FACE('',(#10256),#10267,.F.);
#10256 = FACE_BOUND('',#10257,.T.);
#10257 = EDGE_LOOP('',(#10258,#10259,#10265,#10266));
#10258 = ORIENTED_EDGE('',*,*,#2080,.T.);
#10259 = ORIENTED_EDGE('',*,*,#10260,.T.);
#10260 = EDGE_CURVE('',#2081,#5434,#10261,.T.);
#10261 = LINE('',#10262,#10263);
#10262 = CARTESIAN_POINT('',(43.918694,-25.376523,-4.6E-02));
#10263 = VECTOR('',#10264,1.);
#10264 = DIRECTION('',(0.,0.,1.));
#10265 = ORIENTED_EDGE('',*,*,#5433,.F.);
#10266 = ORIENTED_EDGE('',*,*,#10260,.F.);
#10267 = CYLINDRICAL_SURFACE('',#10268,0.75);
#10268 = AXIS2_PLACEMENT_3D('',#10269,#10270,#10271);
#10269 = CARTESIAN_POINT('',(43.918694,-24.626523,-4.6E-02));
#10270 = DIRECTION('',(-0.,-0.,-1.));
#10271 = DIRECTION('',(-0.,-1.,0.));
#10272 = ADVANCED_FACE('',(#10273),#10284,.F.);
#10273 = FACE_BOUND('',#10274,.T.);
#10274 = EDGE_LOOP('',(#10275,#10276,#10282,#10283));
#10275 = ORIENTED_EDGE('',*,*,#2091,.T.);
#10276 = ORIENTED_EDGE('',*,*,#10277,.T.);
#10277 = EDGE_CURVE('',#2092,#5445,#10278,.T.);
#10278 = LINE('',#10279,#10280);
#10279 = CARTESIAN_POINT('',(54.356065,-28.387802,-4.6E-02));
#10280 = VECTOR('',#10281,1.);
#10281 = DIRECTION('',(0.,0.,1.));
#10282 = ORIENTED_EDGE('',*,*,#5444,.F.);
#10283 = ORIENTED_EDGE('',*,*,#10277,.F.);
#10284 = CYLINDRICAL_SURFACE('',#10285,0.875);
#10285 = AXIS2_PLACEMENT_3D('',#10286,#10287,#10288);
#10286 = CARTESIAN_POINT('',(54.356065,-27.512802,-4.6E-02));
#10287 = DIRECTION('',(-0.,-0.,-1.));
#10288 = DIRECTION('',(-0.,-1.,0.));
#10289 = ADVANCED_FACE('',(#10290),#10301,.F.);
#10290 = FACE_BOUND('',#10291,.T.);
#10291 = EDGE_LOOP('',(#10292,#10293,#10299,#10300));
#10292 = ORIENTED_EDGE('',*,*,#2102,.T.);
#10293 = ORIENTED_EDGE('',*,*,#10294,.T.);
#10294 = EDGE_CURVE('',#2103,#5456,#10295,.T.);
#10295 = LINE('',#10296,#10297);
#10296 = CARTESIAN_POINT('',(59.358888,-30.394935,-4.6E-02));
#10297 = VECTOR('',#10298,1.);
#10298 = DIRECTION('',(0.,0.,1.));
#10299 = ORIENTED_EDGE('',*,*,#5455,.F.);
#10300 = ORIENTED_EDGE('',*,*,#10294,.F.);
#10301 = CYLINDRICAL_SURFACE('',#10302,2.);
#10302 = AXIS2_PLACEMENT_3D('',#10303,#10304,#10305);
#10303 = CARTESIAN_POINT('',(59.358888,-28.394935,-4.6E-02));
#10304 = DIRECTION('',(-0.,-0.,-1.));
#10305 = DIRECTION('',(-0.,-1.,0.));
#10306 = ADVANCED_FACE('',(#10307),#10318,.F.);
#10307 = FACE_BOUND('',#10308,.T.);
#10308 = EDGE_LOOP('',(#10309,#10310,#10316,#10317));
#10309 = ORIENTED_EDGE('',*,*,#2113,.T.);
#10310 = ORIENTED_EDGE('',*,*,#10311,.T.);
#10311 = EDGE_CURVE('',#2114,#5467,#10312,.T.);
#10312 = LINE('',#10313,#10314);
#10313 = CARTESIAN_POINT('',(56.047837,-25.981924,-4.6E-02));
#10314 = VECTOR('',#10315,1.);
#10315 = DIRECTION('',(0.,0.,1.));
#10316 = ORIENTED_EDGE('',*,*,#5466,.F.);
#10317 = ORIENTED_EDGE('',*,*,#10311,.F.);
#10318 = CYLINDRICAL_SURFACE('',#10319,0.75);
#10319 = AXIS2_PLACEMENT_3D('',#10320,#10321,#10322);
#10320 = CARTESIAN_POINT('',(56.047837,-25.231924,-4.6E-02));
#10321 = DIRECTION('',(-0.,-0.,-1.));
#10322 = DIRECTION('',(-0.,-1.,0.));
#10323 = ADVANCED_FACE('',(#10324),#10335,.F.);
#10324 = FACE_BOUND('',#10325,.T.);
#10325 = EDGE_LOOP('',(#10326,#10327,#10333,#10334));
#10326 = ORIENTED_EDGE('',*,*,#2124,.T.);
#10327 = ORIENTED_EDGE('',*,*,#10328,.T.);
#10328 = EDGE_CURVE('',#2125,#5478,#10329,.T.);
#10329 = LINE('',#10330,#10331);
#10330 = CARTESIAN_POINT('',(62.742432,-24.583178,-4.6E-02));
#10331 = VECTOR('',#10332,1.);
#10332 = DIRECTION('',(0.,0.,1.));
#10333 = ORIENTED_EDGE('',*,*,#5477,.F.);
#10334 = ORIENTED_EDGE('',*,*,#10328,.F.);
#10335 = CYLINDRICAL_SURFACE('',#10336,0.75);
#10336 = AXIS2_PLACEMENT_3D('',#10337,#10338,#10339);
#10337 = CARTESIAN_POINT('',(62.742432,-23.833178,-4.6E-02));
#10338 = DIRECTION('',(-0.,-0.,-1.));
#10339 = DIRECTION('',(-0.,-1.,0.));
#10340 = ADVANCED_FACE('',(#10341),#10352,.F.);
#10341 = FACE_BOUND('',#10342,.T.);
#10342 = EDGE_LOOP('',(#10343,#10344,#10350,#10351));
#10343 = ORIENTED_EDGE('',*,*,#2135,.T.);
#10344 = ORIENTED_EDGE('',*,*,#10345,.T.);
#10345 = EDGE_CURVE('',#2136,#5489,#10346,.T.);
#10346 = LINE('',#10347,#10348);
#10347 = CARTESIAN_POINT('',(72.17992,-42.181336,-4.6E-02));
#10348 = VECTOR('',#10349,1.);
#10349 = DIRECTION('',(0.,0.,1.));
#10350 = ORIENTED_EDGE('',*,*,#5488,.F.);
#10351 = ORIENTED_EDGE('',*,*,#10345,.F.);
#10352 = CYLINDRICAL_SURFACE('',#10353,0.75);
#10353 = AXIS2_PLACEMENT_3D('',#10354,#10355,#10356);
#10354 = CARTESIAN_POINT('',(72.17992,-41.431336,-4.6E-02));
#10355 = DIRECTION('',(-0.,-0.,-1.));
#10356 = DIRECTION('',(-0.,-1.,0.));
#10357 = ADVANCED_FACE('',(#10358),#10369,.F.);
#10358 = FACE_BOUND('',#10359,.T.);
#10359 = EDGE_LOOP('',(#10360,#10361,#10367,#10368));
#10360 = ORIENTED_EDGE('',*,*,#2146,.T.);
#10361 = ORIENTED_EDGE('',*,*,#10362,.T.);
#10362 = EDGE_CURVE('',#2147,#5500,#10363,.T.);
#10363 = LINE('',#10364,#10365);
#10364 = CARTESIAN_POINT('',(78.874515,-40.78259,-4.6E-02));
#10365 = VECTOR('',#10366,1.);
#10366 = DIRECTION('',(0.,0.,1.));
#10367 = ORIENTED_EDGE('',*,*,#5499,.F.);
#10368 = ORIENTED_EDGE('',*,*,#10362,.F.);
#10369 = CYLINDRICAL_SURFACE('',#10370,0.75);
#10370 = AXIS2_PLACEMENT_3D('',#10371,#10372,#10373);
#10371 = CARTESIAN_POINT('',(78.874515,-40.03259,-4.6E-02));
#10372 = DIRECTION('',(-0.,-0.,-1.));
#10373 = DIRECTION('',(-0.,-1.,0.));
#10374 = ADVANCED_FACE('',(#10375),#10386,.F.);
#10375 = FACE_BOUND('',#10376,.T.);
#10376 = EDGE_LOOP('',(#10377,#10378,#10384,#10385));
#10377 = ORIENTED_EDGE('',*,*,#2157,.T.);
#10378 = ORIENTED_EDGE('',*,*,#10379,.T.);
#10379 = EDGE_CURVE('',#2158,#5511,#10380,.T.);
#10380 = LINE('',#10381,#10382);
#10381 = CARTESIAN_POINT('',(96.083534,-36.921252,-4.6E-02));
#10382 = VECTOR('',#10383,1.);
#10383 = DIRECTION('',(0.,0.,1.));
#10384 = ORIENTED_EDGE('',*,*,#5510,.F.);
#10385 = ORIENTED_EDGE('',*,*,#10379,.F.);
#10386 = CYLINDRICAL_SURFACE('',#10387,2.);
#10387 = AXIS2_PLACEMENT_3D('',#10388,#10389,#10390);
#10388 = CARTESIAN_POINT('',(96.083534,-34.921252,-4.6E-02));
#10389 = DIRECTION('',(-0.,-0.,-1.));
#10390 = DIRECTION('',(-0.,-1.,0.));
#10391 = ADVANCED_FACE('',(#10392),#10403,.F.);
#10392 = FACE_BOUND('',#10393,.T.);
#10393 = EDGE_LOOP('',(#10394,#10395,#10401,#10402));
#10394 = ORIENTED_EDGE('',*,*,#2168,.T.);
#10395 = ORIENTED_EDGE('',*,*,#10396,.T.);
#10396 = EDGE_CURVE('',#2169,#5522,#10397,.T.);
#10397 = LINE('',#10398,#10399);
#10398 = CARTESIAN_POINT('',(91.080711,-34.914119,-4.6E-02));
#10399 = VECTOR('',#10400,1.);
#10400 = DIRECTION('',(0.,0.,1.));
#10401 = ORIENTED_EDGE('',*,*,#5521,.F.);
#10402 = ORIENTED_EDGE('',*,*,#10396,.F.);
#10403 = CYLINDRICAL_SURFACE('',#10404,0.875);
#10404 = AXIS2_PLACEMENT_3D('',#10405,#10406,#10407);
#10405 = CARTESIAN_POINT('',(91.080711,-34.039119,-4.6E-02));
#10406 = DIRECTION('',(-0.,-0.,-1.));
#10407 = DIRECTION('',(-0.,-1.,0.));
#10408 = ADVANCED_FACE('',(#10409),#10420,.F.);
#10409 = FACE_BOUND('',#10410,.T.);
#10410 = EDGE_LOOP('',(#10411,#10412,#10418,#10419));
#10411 = ORIENTED_EDGE('',*,*,#2179,.T.);
#10412 = ORIENTED_EDGE('',*,*,#10413,.T.);
#10413 = EDGE_CURVE('',#2180,#5533,#10414,.T.);
#10414 = LINE('',#10415,#10416);
#10415 = CARTESIAN_POINT('',(108.712225,-42.033967,-4.6E-02));
#10416 = VECTOR('',#10417,1.);
#10417 = DIRECTION('',(0.,0.,1.));
#10418 = ORIENTED_EDGE('',*,*,#5532,.F.);
#10419 = ORIENTED_EDGE('',*,*,#10413,.F.);
#10420 = CYLINDRICAL_SURFACE('',#10421,0.875);
#10421 = AXIS2_PLACEMENT_3D('',#10422,#10423,#10424);
#10422 = CARTESIAN_POINT('',(108.712225,-41.158967,-4.6E-02));
#10423 = DIRECTION('',(-0.,-0.,-1.));
#10424 = DIRECTION('',(-0.,-1.,0.));
#10425 = ADVANCED_FACE('',(#10426),#10437,.F.);
#10426 = FACE_BOUND('',#10427,.T.);
#10427 = EDGE_LOOP('',(#10428,#10429,#10435,#10436));
#10428 = ORIENTED_EDGE('',*,*,#2190,.T.);
#10429 = ORIENTED_EDGE('',*,*,#10430,.T.);
#10430 = EDGE_CURVE('',#2191,#5544,#10431,.T.);
#10431 = LINE('',#10432,#10433);
#10432 = CARTESIAN_POINT('',(110.403997,-39.628089,-4.6E-02));
#10433 = VECTOR('',#10434,1.);
#10434 = DIRECTION('',(0.,0.,1.));
#10435 = ORIENTED_EDGE('',*,*,#5543,.F.);
#10436 = ORIENTED_EDGE('',*,*,#10430,.F.);
#10437 = CYLINDRICAL_SURFACE('',#10438,0.75);
#10438 = AXIS2_PLACEMENT_3D('',#10439,#10440,#10441);
#10439 = CARTESIAN_POINT('',(110.403997,-38.878089,-4.6E-02));
#10440 = DIRECTION('',(-0.,-0.,-1.));
#10441 = DIRECTION('',(-0.,-1.,0.));
#10442 = ADVANCED_FACE('',(#10443),#10454,.F.);
#10443 = FACE_BOUND('',#10444,.T.);
#10444 = EDGE_LOOP('',(#10445,#10446,#10452,#10453));
#10445 = ORIENTED_EDGE('',*,*,#2201,.T.);
#10446 = ORIENTED_EDGE('',*,*,#10447,.T.);
#10447 = EDGE_CURVE('',#2202,#5555,#10448,.T.);
#10448 = LINE('',#10449,#10450);
#10449 = CARTESIAN_POINT('',(113.715048,-44.0411,-4.6E-02));
#10450 = VECTOR('',#10451,1.);
#10451 = DIRECTION('',(0.,0.,1.));
#10452 = ORIENTED_EDGE('',*,*,#5554,.F.);
#10453 = ORIENTED_EDGE('',*,*,#10447,.F.);
#10454 = CYLINDRICAL_SURFACE('',#10455,2.);
#10455 = AXIS2_PLACEMENT_3D('',#10456,#10457,#10458);
#10456 = CARTESIAN_POINT('',(113.715048,-42.0411,-4.6E-02));
#10457 = DIRECTION('',(-0.,-0.,-1.));
#10458 = DIRECTION('',(-0.,-1.,0.));
#10459 = ADVANCED_FACE('',(#10460),#10471,.F.);
#10460 = FACE_BOUND('',#10461,.T.);
#10461 = EDGE_LOOP('',(#10462,#10463,#10469,#10470));
#10462 = ORIENTED_EDGE('',*,*,#2212,.T.);
#10463 = ORIENTED_EDGE('',*,*,#10464,.T.);
#10464 = EDGE_CURVE('',#2213,#5566,#10465,.T.);
#10465 = LINE('',#10466,#10467);
#10466 = CARTESIAN_POINT('',(118.717871,-43.798233,-4.6E-02));
#10467 = VECTOR('',#10468,1.);
#10468 = DIRECTION('',(0.,0.,1.));
#10469 = ORIENTED_EDGE('',*,*,#5565,.F.);
#10470 = ORIENTED_EDGE('',*,*,#10464,.F.);
#10471 = CYLINDRICAL_SURFACE('',#10472,0.875);
#10472 = AXIS2_PLACEMENT_3D('',#10473,#10474,#10475);
#10473 = CARTESIAN_POINT('',(118.717871,-42.923233,-4.6E-02));
#10474 = DIRECTION('',(-0.,-0.,-1.));
#10475 = DIRECTION('',(-0.,-1.,0.));
#10476 = ADVANCED_FACE('',(#10477),#10488,.F.);
#10477 = FACE_BOUND('',#10478,.T.);
#10478 = EDGE_LOOP('',(#10479,#10480,#10486,#10487));
#10479 = ORIENTED_EDGE('',*,*,#2223,.T.);
#10480 = ORIENTED_EDGE('',*,*,#10481,.T.);
#10481 = EDGE_CURVE('',#2224,#5577,#10482,.T.);
#10482 = LINE('',#10483,#10484);
#10483 = CARTESIAN_POINT('',(124.4,-40.150012,-4.6E-02));
#10484 = VECTOR('',#10485,1.);
#10485 = DIRECTION('',(0.,0.,1.));
#10486 = ORIENTED_EDGE('',*,*,#5576,.F.);
#10487 = ORIENTED_EDGE('',*,*,#10481,.F.);
#10488 = CYLINDRICAL_SURFACE('',#10489,0.550012);
#10489 = AXIS2_PLACEMENT_3D('',#10490,#10491,#10492);
#10490 = CARTESIAN_POINT('',(124.4,-39.6,-4.6E-02));
#10491 = DIRECTION('',(-0.,-0.,-1.));
#10492 = DIRECTION('',(-0.,-1.,0.));
#10493 = ADVANCED_FACE('',(#10494),#10505,.F.);
#10494 = FACE_BOUND('',#10495,.T.);
#10495 = EDGE_LOOP('',(#10496,#10497,#10503,#10504));
#10496 = ORIENTED_EDGE('',*,*,#2234,.T.);
#10497 = ORIENTED_EDGE('',*,*,#10498,.T.);
#10498 = EDGE_CURVE('',#2235,#5588,#10499,.T.);
#10499 = LINE('',#10500,#10501);
#10500 = CARTESIAN_POINT('',(101.086357,-36.678385,-4.6E-02));
#10501 = VECTOR('',#10502,1.);
#10502 = DIRECTION('',(0.,0.,1.));
#10503 = ORIENTED_EDGE('',*,*,#5587,.F.);
#10504 = ORIENTED_EDGE('',*,*,#10498,.F.);
#10505 = CYLINDRICAL_SURFACE('',#10506,0.875);
#10506 = AXIS2_PLACEMENT_3D('',#10507,#10508,#10509);
#10507 = CARTESIAN_POINT('',(101.086357,-35.803385,-4.6E-02));
#10508 = DIRECTION('',(-0.,-0.,-1.));
#10509 = DIRECTION('',(-0.,-1.,0.));
#10510 = ADVANCED_FACE('',(#10511),#10522,.F.);
#10511 = FACE_BOUND('',#10512,.T.);
#10512 = EDGE_LOOP('',(#10513,#10514,#10520,#10521));
#10513 = ORIENTED_EDGE('',*,*,#2245,.T.);
#10514 = ORIENTED_EDGE('',*,*,#10515,.T.);
#10515 = EDGE_CURVE('',#2246,#5599,#10516,.T.);
#10516 = LINE('',#10517,#10518);
#10517 = CARTESIAN_POINT('',(117.098592,-38.229343,-4.6E-02));
#10518 = VECTOR('',#10519,1.);
#10519 = DIRECTION('',(0.,0.,1.));
#10520 = ORIENTED_EDGE('',*,*,#5598,.F.);
#10521 = ORIENTED_EDGE('',*,*,#10515,.F.);
#10522 = CYLINDRICAL_SURFACE('',#10523,0.75);
#10523 = AXIS2_PLACEMENT_3D('',#10524,#10525,#10526);
#10524 = CARTESIAN_POINT('',(117.098592,-37.479343,-4.6E-02));
#10525 = DIRECTION('',(-0.,-0.,-1.));
#10526 = DIRECTION('',(-0.,-1.,0.));
#10527 = ADVANCED_FACE('',(#10528),#10539,.F.);
#10528 = FACE_BOUND('',#10529,.T.);
#10529 = EDGE_LOOP('',(#10530,#10531,#10537,#10538));
#10530 = ORIENTED_EDGE('',*,*,#2256,.T.);
#10531 = ORIENTED_EDGE('',*,*,#10532,.T.);
#10532 = EDGE_CURVE('',#2257,#5610,#10533,.T.);
#10533 = LINE('',#10534,#10535);
#10534 = CARTESIAN_POINT('',(92.772483,-32.508241,-4.6E-02));
#10535 = VECTOR('',#10536,1.);
#10536 = DIRECTION('',(0.,0.,1.));
#10537 = ORIENTED_EDGE('',*,*,#5609,.F.);
#10538 = ORIENTED_EDGE('',*,*,#10532,.F.);
#10539 = CYLINDRICAL_SURFACE('',#10540,0.75);
#10540 = AXIS2_PLACEMENT_3D('',#10541,#10542,#10543);
#10541 = CARTESIAN_POINT('',(92.772483,-31.758241,-4.6E-02));
#10542 = DIRECTION('',(-0.,-0.,-1.));
#10543 = DIRECTION('',(-0.,-1.,0.));
#10544 = ADVANCED_FACE('',(#10545),#10556,.F.);
#10545 = FACE_BOUND('',#10546,.T.);
#10546 = EDGE_LOOP('',(#10547,#10548,#10554,#10555));
#10547 = ORIENTED_EDGE('',*,*,#2267,.T.);
#10548 = ORIENTED_EDGE('',*,*,#10549,.T.);
#10549 = EDGE_CURVE('',#2268,#5621,#10550,.T.);
#10550 = LINE('',#10551,#10552);
#10551 = CARTESIAN_POINT('',(78.48675,-29.604443,-4.6E-02));
#10552 = VECTOR('',#10553,1.);
#10553 = DIRECTION('',(0.,0.,1.));
#10554 = ORIENTED_EDGE('',*,*,#5620,.F.);
#10555 = ORIENTED_EDGE('',*,*,#10549,.F.);
#10556 = CYLINDRICAL_SURFACE('',#10557,2.);
#10557 = AXIS2_PLACEMENT_3D('',#10558,#10559,#10560);
#10558 = CARTESIAN_POINT('',(78.48675,-27.604443,-4.6E-02));
#10559 = DIRECTION('',(-0.,-0.,-1.));
#10560 = DIRECTION('',(-0.,-1.,0.));
#10561 = ADVANCED_FACE('',(#10562),#10573,.F.);
#10562 = FACE_BOUND('',#10563,.T.);
#10563 = EDGE_LOOP('',(#10564,#10565,#10571,#10572));
#10564 = ORIENTED_EDGE('',*,*,#2278,.T.);
#10565 = ORIENTED_EDGE('',*,*,#10566,.T.);
#10566 = EDGE_CURVE('',#2279,#5632,#10567,.T.);
#10567 = LINE('',#10568,#10569);
#10568 = CARTESIAN_POINT('',(73.483927,-27.59731,-4.6E-02));
#10569 = VECTOR('',#10570,1.);
#10570 = DIRECTION('',(0.,0.,1.));
#10571 = ORIENTED_EDGE('',*,*,#5631,.F.);
#10572 = ORIENTED_EDGE('',*,*,#10566,.F.);
#10573 = CYLINDRICAL_SURFACE('',#10574,0.875);
#10574 = AXIS2_PLACEMENT_3D('',#10575,#10576,#10577);
#10575 = CARTESIAN_POINT('',(73.483927,-26.72231,-4.6E-02));
#10576 = DIRECTION('',(-0.,-0.,-1.));
#10577 = DIRECTION('',(-0.,-1.,0.));
#10578 = ADVANCED_FACE('',(#10579),#10590,.F.);
#10579 = FACE_BOUND('',#10580,.T.);
#10580 = EDGE_LOOP('',(#10581,#10582,#10588,#10589));
#10581 = ORIENTED_EDGE('',*,*,#2289,.T.);
#10582 = ORIENTED_EDGE('',*,*,#10583,.T.);
#10583 = EDGE_CURVE('',#2290,#5643,#10584,.T.);
#10584 = LINE('',#10585,#10586);
#10585 = CARTESIAN_POINT('',(75.175699,-25.191432,-4.6E-02));
#10586 = VECTOR('',#10587,1.);
#10587 = DIRECTION('',(0.,0.,1.));
#10588 = ORIENTED_EDGE('',*,*,#5642,.F.);
#10589 = ORIENTED_EDGE('',*,*,#10583,.F.);
#10590 = CYLINDRICAL_SURFACE('',#10591,0.75);
#10591 = AXIS2_PLACEMENT_3D('',#10592,#10593,#10594);
#10592 = CARTESIAN_POINT('',(75.175699,-24.441432,-4.6E-02));
#10593 = DIRECTION('',(-0.,-0.,-1.));
#10594 = DIRECTION('',(-0.,-1.,0.));
#10595 = ADVANCED_FACE('',(#10596),#10607,.F.);
#10596 = FACE_BOUND('',#10597,.T.);
#10597 = EDGE_LOOP('',(#10598,#10599,#10605,#10606));
#10598 = ORIENTED_EDGE('',*,*,#2300,.T.);
#10599 = ORIENTED_EDGE('',*,*,#10600,.T.);
#10600 = EDGE_CURVE('',#2301,#5654,#10601,.T.);
#10601 = LINE('',#10602,#10603);
#10602 = CARTESIAN_POINT('',(83.489573,-29.361576,-4.6E-02));
#10603 = VECTOR('',#10604,1.);
#10604 = DIRECTION('',(0.,0.,1.));
#10605 = ORIENTED_EDGE('',*,*,#5653,.F.);
#10606 = ORIENTED_EDGE('',*,*,#10600,.F.);
#10607 = CYLINDRICAL_SURFACE('',#10608,0.875);
#10608 = AXIS2_PLACEMENT_3D('',#10609,#10610,#10611);
#10609 = CARTESIAN_POINT('',(83.489573,-28.486576,-4.6E-02));
#10610 = DIRECTION('',(-0.,-0.,-1.));
#10611 = DIRECTION('',(-0.,-1.,0.));
#10612 = ADVANCED_FACE('',(#10613),#10624,.F.);
#10613 = FACE_BOUND('',#10614,.T.);
#10614 = EDGE_LOOP('',(#10615,#10616,#10622,#10623));
#10615 = ORIENTED_EDGE('',*,*,#2311,.T.);
#10616 = ORIENTED_EDGE('',*,*,#10617,.T.);
#10617 = EDGE_CURVE('',#2312,#5665,#10618,.T.);
#10618 = LINE('',#10619,#10620);
#10619 = CARTESIAN_POINT('',(99.467078,-31.109495,-4.6E-02));
#10620 = VECTOR('',#10621,1.);
#10621 = DIRECTION('',(0.,0.,1.));
#10622 = ORIENTED_EDGE('',*,*,#5664,.F.);
#10623 = ORIENTED_EDGE('',*,*,#10617,.F.);
#10624 = CYLINDRICAL_SURFACE('',#10625,0.75);
#10625 = AXIS2_PLACEMENT_3D('',#10626,#10627,#10628);
#10626 = CARTESIAN_POINT('',(99.467078,-30.359495,-4.6E-02));
#10627 = DIRECTION('',(-0.,-0.,-1.));
#10628 = DIRECTION('',(-0.,-1.,0.));
#10629 = ADVANCED_FACE('',(#10630),#10641,.F.);
#10630 = FACE_BOUND('',#10631,.T.);
#10631 = EDGE_LOOP('',(#10632,#10633,#10639,#10640));
#10632 = ORIENTED_EDGE('',*,*,#2322,.T.);
#10633 = ORIENTED_EDGE('',*,*,#10634,.T.);
#10634 = EDGE_CURVE('',#2323,#5676,#10635,.T.);
#10635 = LINE('',#10636,#10637);
#10636 = CARTESIAN_POINT('',(111.708003,-25.044063,-4.6E-02));
#10637 = VECTOR('',#10638,1.);
#10638 = DIRECTION('',(0.,0.,1.));
#10639 = ORIENTED_EDGE('',*,*,#5675,.F.);
#10640 = ORIENTED_EDGE('',*,*,#10634,.F.);
#10641 = CYLINDRICAL_SURFACE('',#10642,0.875);
#10642 = AXIS2_PLACEMENT_3D('',#10643,#10644,#10645);
#10643 = CARTESIAN_POINT('',(111.708003,-24.169063,-4.6E-02));
#10644 = DIRECTION('',(-0.,-0.,-1.));
#10645 = DIRECTION('',(-0.,-1.,0.));
#10646 = ADVANCED_FACE('',(#10647),#10658,.F.);
#10647 = FACE_BOUND('',#10648,.T.);
#10648 = EDGE_LOOP('',(#10649,#10650,#10656,#10657));
#10649 = ORIENTED_EDGE('',*,*,#2333,.T.);
#10650 = ORIENTED_EDGE('',*,*,#10651,.T.);
#10651 = EDGE_CURVE('',#2334,#5687,#10652,.T.);
#10652 = LINE('',#10653,#10654);
#10653 = CARTESIAN_POINT('',(116.710826,-27.051196,-4.6E-02));
#10654 = VECTOR('',#10655,1.);
#10655 = DIRECTION('',(0.,0.,1.));
#10656 = ORIENTED_EDGE('',*,*,#5686,.F.);
#10657 = ORIENTED_EDGE('',*,*,#10651,.F.);
#10658 = CYLINDRICAL_SURFACE('',#10659,2.);
#10659 = AXIS2_PLACEMENT_3D('',#10660,#10661,#10662);
#10660 = CARTESIAN_POINT('',(116.710826,-25.051196,-4.6E-02));
#10661 = DIRECTION('',(-0.,-0.,-1.));
#10662 = DIRECTION('',(-0.,-1.,0.));
#10663 = ADVANCED_FACE('',(#10664),#10675,.F.);
#10664 = FACE_BOUND('',#10665,.T.);
#10665 = EDGE_LOOP('',(#10666,#10667,#10673,#10674));
#10666 = ORIENTED_EDGE('',*,*,#2344,.T.);
#10667 = ORIENTED_EDGE('',*,*,#10668,.T.);
#10668 = EDGE_CURVE('',#2345,#5698,#10669,.T.);
#10669 = LINE('',#10670,#10671);
#10670 = CARTESIAN_POINT('',(121.713649,-26.808329,-4.6E-02));
#10671 = VECTOR('',#10672,1.);
#10672 = DIRECTION('',(0.,0.,1.));
#10673 = ORIENTED_EDGE('',*,*,#5697,.F.);
#10674 = ORIENTED_EDGE('',*,*,#10668,.F.);
#10675 = CYLINDRICAL_SURFACE('',#10676,0.875);
#10676 = AXIS2_PLACEMENT_3D('',#10677,#10678,#10679);
#10677 = CARTESIAN_POINT('',(121.713649,-25.933329,-4.6E-02));
#10678 = DIRECTION('',(-0.,-0.,-1.));
#10679 = DIRECTION('',(-0.,-1.,0.));
#10680 = ADVANCED_FACE('',(#10681),#10692,.F.);
#10681 = FACE_BOUND('',#10682,.T.);
#10682 = EDGE_LOOP('',(#10683,#10684,#10690,#10691));
#10683 = ORIENTED_EDGE('',*,*,#2355,.T.);
#10684 = ORIENTED_EDGE('',*,*,#10685,.T.);
#10685 = EDGE_CURVE('',#2356,#5709,#10686,.T.);
#10686 = LINE('',#10687,#10688);
#10687 = CARTESIAN_POINT('',(3.2,-19.359997,-4.6E-02));
#10688 = VECTOR('',#10689,1.);
#10689 = DIRECTION('',(0.,0.,1.));
#10690 = ORIENTED_EDGE('',*,*,#5708,.F.);
#10691 = ORIENTED_EDGE('',*,*,#10685,.F.);
#10692 = CYLINDRICAL_SURFACE('',#10693,0.599999);
#10693 = AXIS2_PLACEMENT_3D('',#10694,#10695,#10696);
#10694 = CARTESIAN_POINT('',(3.2,-18.759998,-4.6E-02));
#10695 = DIRECTION('',(-0.,-0.,-1.));
#10696 = DIRECTION('',(-0.,-1.,0.));
#10697 = ADVANCED_FACE('',(#10698),#10709,.F.);
#10698 = FACE_BOUND('',#10699,.T.);
#10699 = EDGE_LOOP('',(#10700,#10701,#10707,#10708));
#10700 = ORIENTED_EDGE('',*,*,#2366,.T.);
#10701 = ORIENTED_EDGE('',*,*,#10702,.T.);
#10702 = EDGE_CURVE('',#2367,#5720,#10703,.T.);
#10703 = LINE('',#10704,#10705);
#10704 = CARTESIAN_POINT('',(3.1,-11.74,-4.6E-02));
#10705 = VECTOR('',#10706,1.);
#10706 = DIRECTION('',(0.,0.,1.));
#10707 = ORIENTED_EDGE('',*,*,#5719,.F.);
#10708 = ORIENTED_EDGE('',*,*,#10702,.F.);
#10709 = CYLINDRICAL_SURFACE('',#10710,0.599999);
#10710 = AXIS2_PLACEMENT_3D('',#10711,#10712,#10713);
#10711 = CARTESIAN_POINT('',(3.1,-11.140001,-4.6E-02));
#10712 = DIRECTION('',(-0.,-0.,-1.));
#10713 = DIRECTION('',(-0.,-1.,0.));
#10714 = ADVANCED_FACE('',(#10715),#10726,.F.);
#10715 = FACE_BOUND('',#10716,.T.);
#10716 = EDGE_LOOP('',(#10717,#10718,#10724,#10725));
#10717 = ORIENTED_EDGE('',*,*,#2377,.T.);
#10718 = ORIENTED_EDGE('',*,*,#10719,.T.);
#10719 = EDGE_CURVE('',#2378,#5731,#10720,.T.);
#10720 = LINE('',#10721,#10722);
#10721 = CARTESIAN_POINT('',(24.206104,-14.954139,-4.6E-02));
#10722 = VECTOR('',#10723,1.);
#10723 = DIRECTION('',(0.,0.,1.));
#10724 = ORIENTED_EDGE('',*,*,#5730,.F.);
#10725 = ORIENTED_EDGE('',*,*,#10719,.F.);
#10726 = CYLINDRICAL_SURFACE('',#10727,2.);
#10727 = AXIS2_PLACEMENT_3D('',#10728,#10729,#10730);
#10728 = CARTESIAN_POINT('',(24.206104,-12.954139,-4.6E-02));
#10729 = DIRECTION('',(-0.,-0.,-1.));
#10730 = DIRECTION('',(-0.,-1.,0.));
#10731 = ADVANCED_FACE('',(#10732),#10743,.F.);
#10732 = FACE_BOUND('',#10733,.T.);
#10733 = EDGE_LOOP('',(#10734,#10735,#10741,#10742));
#10734 = ORIENTED_EDGE('',*,*,#2388,.T.);
#10735 = ORIENTED_EDGE('',*,*,#10736,.T.);
#10736 = EDGE_CURVE('',#2389,#5742,#10737,.T.);
#10737 = LINE('',#10738,#10739);
#10738 = CARTESIAN_POINT('',(19.203281,-12.947006,-4.6E-02));
#10739 = VECTOR('',#10740,1.);
#10740 = DIRECTION('',(0.,0.,1.));
#10741 = ORIENTED_EDGE('',*,*,#5741,.F.);
#10742 = ORIENTED_EDGE('',*,*,#10736,.F.);
#10743 = CYLINDRICAL_SURFACE('',#10744,0.875);
#10744 = AXIS2_PLACEMENT_3D('',#10745,#10746,#10747);
#10745 = CARTESIAN_POINT('',(19.203281,-12.072006,-4.6E-02));
#10746 = DIRECTION('',(-0.,-0.,-1.));
#10747 = DIRECTION('',(-0.,-1.,0.));
#10748 = ADVANCED_FACE('',(#10749),#10760,.F.);
#10749 = FACE_BOUND('',#10750,.T.);
#10750 = EDGE_LOOP('',(#10751,#10752,#10758,#10759));
#10751 = ORIENTED_EDGE('',*,*,#2399,.T.);
#10752 = ORIENTED_EDGE('',*,*,#10753,.T.);
#10753 = EDGE_CURVE('',#2400,#5753,#10754,.T.);
#10754 = LINE('',#10755,#10756);
#10755 = CARTESIAN_POINT('',(29.208927,-14.711272,-4.6E-02));
#10756 = VECTOR('',#10757,1.);
#10757 = DIRECTION('',(0.,0.,1.));
#10758 = ORIENTED_EDGE('',*,*,#5752,.F.);
#10759 = ORIENTED_EDGE('',*,*,#10753,.F.);
#10760 = CYLINDRICAL_SURFACE('',#10761,0.875);
#10761 = AXIS2_PLACEMENT_3D('',#10762,#10763,#10764);
#10762 = CARTESIAN_POINT('',(29.208927,-13.836272,-4.6E-02));
#10763 = DIRECTION('',(-0.,-0.,-1.));
#10764 = DIRECTION('',(-0.,-1.,0.));
#10765 = ADVANCED_FACE('',(#10766),#10777,.F.);
#10766 = FACE_BOUND('',#10767,.T.);
#10767 = EDGE_LOOP('',(#10768,#10769,#10775,#10776));
#10768 = ORIENTED_EDGE('',*,*,#2410,.T.);
#10769 = ORIENTED_EDGE('',*,*,#10770,.T.);
#10770 = EDGE_CURVE('',#2411,#5764,#10771,.T.);
#10771 = LINE('',#10772,#10773);
#10772 = CARTESIAN_POINT('',(20.895053,-10.541128,-4.6E-02));
#10773 = VECTOR('',#10774,1.);
#10774 = DIRECTION('',(0.,0.,1.));
#10775 = ORIENTED_EDGE('',*,*,#5763,.F.);
#10776 = ORIENTED_EDGE('',*,*,#10770,.F.);
#10777 = CYLINDRICAL_SURFACE('',#10778,0.75);
#10778 = AXIS2_PLACEMENT_3D('',#10779,#10780,#10781);
#10779 = CARTESIAN_POINT('',(20.895053,-9.791128,-4.6E-02));
#10780 = DIRECTION('',(-0.,-0.,-1.));
#10781 = DIRECTION('',(-0.,-1.,0.));
#10782 = ADVANCED_FACE('',(#10783),#10794,.F.);
#10783 = FACE_BOUND('',#10784,.T.);
#10784 = EDGE_LOOP('',(#10785,#10786,#10792,#10793));
#10785 = ORIENTED_EDGE('',*,*,#2421,.T.);
#10786 = ORIENTED_EDGE('',*,*,#10787,.T.);
#10787 = EDGE_CURVE('',#2422,#5775,#10788,.T.);
#10788 = LINE('',#10789,#10790);
#10789 = CARTESIAN_POINT('',(3.1,-6.659998,-4.6E-02));
#10790 = VECTOR('',#10791,1.);
#10791 = DIRECTION('',(0.,0.,1.));
#10792 = ORIENTED_EDGE('',*,*,#5774,.F.);
#10793 = ORIENTED_EDGE('',*,*,#10787,.F.);
#10794 = CYLINDRICAL_SURFACE('',#10795,0.599999);
#10795 = AXIS2_PLACEMENT_3D('',#10796,#10797,#10798);
#10796 = CARTESIAN_POINT('',(3.1,-6.059999,-4.6E-02));
#10797 = DIRECTION('',(-0.,-0.,-1.));
#10798 = DIRECTION('',(-0.,-1.,0.));
#10799 = ADVANCED_FACE('',(#10800),#10811,.F.);
#10800 = FACE_BOUND('',#10801,.T.);
#10801 = EDGE_LOOP('',(#10802,#10803,#10809,#10810));
#10802 = ORIENTED_EDGE('',*,*,#2432,.T.);
#10803 = ORIENTED_EDGE('',*,*,#10804,.T.);
#10804 = EDGE_CURVE('',#2433,#5786,#10805,.T.);
#10805 = LINE('',#10806,#10807);
#10806 = CARTESIAN_POINT('',(27.589648,-9.142382,-4.6E-02));
#10807 = VECTOR('',#10808,1.);
#10808 = DIRECTION('',(0.,0.,1.));
#10809 = ORIENTED_EDGE('',*,*,#5785,.F.);
#10810 = ORIENTED_EDGE('',*,*,#10804,.F.);
#10811 = CYLINDRICAL_SURFACE('',#10812,0.75);
#10812 = AXIS2_PLACEMENT_3D('',#10813,#10814,#10815);
#10813 = CARTESIAN_POINT('',(27.589648,-8.392382,-4.6E-02));
#10814 = DIRECTION('',(-0.,-0.,-1.));
#10815 = DIRECTION('',(-0.,-1.,0.));
#10816 = ADVANCED_FACE('',(#10817),#10828,.F.);
#10817 = FACE_BOUND('',#10818,.T.);
#10818 = EDGE_LOOP('',(#10819,#10820,#10826,#10827));
#10819 = ORIENTED_EDGE('',*,*,#2443,.T.);
#10820 = ORIENTED_EDGE('',*,*,#10821,.T.);
#10821 = EDGE_CURVE('',#2444,#5797,#10822,.T.);
#10822 = LINE('',#10823,#10824);
#10823 = CARTESIAN_POINT('',(48.533751,-13.955509,-4.6E-02));
#10824 = VECTOR('',#10825,1.);
#10825 = DIRECTION('',(0.,0.,1.));
#10826 = ORIENTED_EDGE('',*,*,#5796,.F.);
#10827 = ORIENTED_EDGE('',*,*,#10821,.F.);
#10828 = CYLINDRICAL_SURFACE('',#10829,0.875);
#10829 = AXIS2_PLACEMENT_3D('',#10830,#10831,#10832);
#10830 = CARTESIAN_POINT('',(48.533751,-13.080509,-4.6E-02));
#10831 = DIRECTION('',(-0.,-0.,-1.));
#10832 = DIRECTION('',(-0.,-1.,0.));
#10833 = ADVANCED_FACE('',(#10834),#10845,.F.);
#10834 = FACE_BOUND('',#10835,.T.);
#10835 = EDGE_LOOP('',(#10836,#10837,#10843,#10844));
#10836 = ORIENTED_EDGE('',*,*,#2454,.T.);
#10837 = ORIENTED_EDGE('',*,*,#10838,.T.);
#10838 = EDGE_CURVE('',#2455,#5808,#10839,.T.);
#10839 = LINE('',#10840,#10841);
#10840 = CARTESIAN_POINT('',(43.530928,-14.198376,-4.6E-02));
#10841 = VECTOR('',#10842,1.);
#10842 = DIRECTION('',(0.,0.,1.));
#10843 = ORIENTED_EDGE('',*,*,#5807,.F.);
#10844 = ORIENTED_EDGE('',*,*,#10838,.F.);
#10845 = CYLINDRICAL_SURFACE('',#10846,2.);
#10846 = AXIS2_PLACEMENT_3D('',#10847,#10848,#10849);
#10847 = CARTESIAN_POINT('',(43.530928,-12.198376,-4.6E-02));
#10848 = DIRECTION('',(-0.,-0.,-1.));
#10849 = DIRECTION('',(-0.,-1.,0.));
#10850 = ADVANCED_FACE('',(#10851),#10862,.F.);
#10851 = FACE_BOUND('',#10852,.T.);
#10852 = EDGE_LOOP('',(#10853,#10854,#10860,#10861));
#10853 = ORIENTED_EDGE('',*,*,#2465,.T.);
#10854 = ORIENTED_EDGE('',*,*,#10855,.T.);
#10855 = EDGE_CURVE('',#2466,#5819,#10856,.T.);
#10856 = LINE('',#10857,#10858);
#10857 = CARTESIAN_POINT('',(38.528105,-12.191243,-4.6E-02));
#10858 = VECTOR('',#10859,1.);
#10859 = DIRECTION('',(0.,0.,1.));
#10860 = ORIENTED_EDGE('',*,*,#5818,.F.);
#10861 = ORIENTED_EDGE('',*,*,#10855,.F.);
#10862 = CYLINDRICAL_SURFACE('',#10863,0.875);
#10863 = AXIS2_PLACEMENT_3D('',#10864,#10865,#10866);
#10864 = CARTESIAN_POINT('',(38.528105,-11.316243,-4.6E-02));
#10865 = DIRECTION('',(-0.,-0.,-1.));
#10866 = DIRECTION('',(-0.,-1.,0.));
#10867 = ADVANCED_FACE('',(#10868),#10879,.F.);
#10868 = FACE_BOUND('',#10869,.T.);
#10869 = EDGE_LOOP('',(#10870,#10871,#10877,#10878));
#10870 = ORIENTED_EDGE('',*,*,#2476,.T.);
#10871 = ORIENTED_EDGE('',*,*,#10872,.T.);
#10872 = EDGE_CURVE('',#2477,#5830,#10873,.T.);
#10873 = LINE('',#10874,#10875);
#10874 = CARTESIAN_POINT('',(57.351843,-11.397898,-4.6E-02));
#10875 = VECTOR('',#10876,1.);
#10876 = DIRECTION('',(0.,0.,1.));
#10877 = ORIENTED_EDGE('',*,*,#5829,.F.);
#10878 = ORIENTED_EDGE('',*,*,#10872,.F.);
#10879 = CYLINDRICAL_SURFACE('',#10880,0.875);
#10880 = AXIS2_PLACEMENT_3D('',#10881,#10882,#10883);
#10881 = CARTESIAN_POINT('',(57.351843,-10.522898,-4.6E-02));
#10882 = DIRECTION('',(-0.,-0.,-1.));
#10883 = DIRECTION('',(-0.,-1.,0.));
#10884 = ADVANCED_FACE('',(#10885),#10896,.F.);
#10885 = FACE_BOUND('',#10886,.T.);
#10886 = EDGE_LOOP('',(#10887,#10888,#10894,#10895));
#10887 = ORIENTED_EDGE('',*,*,#2487,.T.);
#10888 = ORIENTED_EDGE('',*,*,#10889,.T.);
#10889 = EDGE_CURVE('',#2488,#5841,#10890,.T.);
#10890 = LINE('',#10891,#10892);
#10891 = CARTESIAN_POINT('',(62.354666,-13.405031,-4.6E-02));
#10892 = VECTOR('',#10893,1.);
#10893 = DIRECTION('',(0.,0.,1.));
#10894 = ORIENTED_EDGE('',*,*,#5840,.F.);
#10895 = ORIENTED_EDGE('',*,*,#10889,.F.);
#10896 = CYLINDRICAL_SURFACE('',#10897,2.);
#10897 = AXIS2_PLACEMENT_3D('',#10898,#10899,#10900);
#10898 = CARTESIAN_POINT('',(62.354666,-11.405031,-4.6E-02));
#10899 = DIRECTION('',(-0.,0.,-1.));
#10900 = DIRECTION('',(3.552713678801E-15,-1.,-0.));
#10901 = ADVANCED_FACE('',(#10902),#10913,.F.);
#10902 = FACE_BOUND('',#10903,.T.);
#10903 = EDGE_LOOP('',(#10904,#10905,#10911,#10912));
#10904 = ORIENTED_EDGE('',*,*,#2498,.T.);
#10905 = ORIENTED_EDGE('',*,*,#10906,.T.);
#10906 = EDGE_CURVE('',#2499,#5852,#10907,.T.);
#10907 = LINE('',#10908,#10909);
#10908 = CARTESIAN_POINT('',(40.219877,-9.785365,-4.6E-02));
#10909 = VECTOR('',#10910,1.);
#10910 = DIRECTION('',(0.,0.,1.));
#10911 = ORIENTED_EDGE('',*,*,#5851,.F.);
#10912 = ORIENTED_EDGE('',*,*,#10906,.F.);
#10913 = CYLINDRICAL_SURFACE('',#10914,0.75);
#10914 = AXIS2_PLACEMENT_3D('',#10915,#10916,#10917);
#10915 = CARTESIAN_POINT('',(40.219877,-9.035365,-4.6E-02));
#10916 = DIRECTION('',(-0.,-0.,-1.));
#10917 = DIRECTION('',(-0.,-1.,0.));
#10918 = ADVANCED_FACE('',(#10919),#10930,.F.);
#10919 = FACE_BOUND('',#10920,.T.);
#10920 = EDGE_LOOP('',(#10921,#10922,#10928,#10929));
#10921 = ORIENTED_EDGE('',*,*,#2509,.T.);
#10922 = ORIENTED_EDGE('',*,*,#10923,.T.);
#10923 = EDGE_CURVE('',#2510,#5863,#10924,.T.);
#10924 = LINE('',#10925,#10926);
#10925 = CARTESIAN_POINT('',(46.914472,-8.386619,-4.6E-02));
#10926 = VECTOR('',#10927,1.);
#10927 = DIRECTION('',(0.,0.,1.));
#10928 = ORIENTED_EDGE('',*,*,#5862,.F.);
#10929 = ORIENTED_EDGE('',*,*,#10923,.F.);
#10930 = CYLINDRICAL_SURFACE('',#10931,0.75);
#10931 = AXIS2_PLACEMENT_3D('',#10932,#10933,#10934);
#10932 = CARTESIAN_POINT('',(46.914472,-7.636619,-4.6E-02));
#10933 = DIRECTION('',(-0.,-0.,-1.));
#10934 = DIRECTION('',(-0.,-1.,0.));
#10935 = ADVANCED_FACE('',(#10936),#10947,.F.);
#10936 = FACE_BOUND('',#10937,.T.);
#10937 = EDGE_LOOP('',(#10938,#10939,#10945,#10946));
#10938 = ORIENTED_EDGE('',*,*,#2520,.T.);
#10939 = ORIENTED_EDGE('',*,*,#10940,.T.);
#10940 = EDGE_CURVE('',#2521,#5874,#10941,.T.);
#10941 = LINE('',#10942,#10943);
#10942 = CARTESIAN_POINT('',(59.043615,-8.99202,-4.6E-02));
#10943 = VECTOR('',#10944,1.);
#10944 = DIRECTION('',(0.,0.,1.));
#10945 = ORIENTED_EDGE('',*,*,#5873,.F.);
#10946 = ORIENTED_EDGE('',*,*,#10940,.F.);
#10947 = CYLINDRICAL_SURFACE('',#10948,0.75);
#10948 = AXIS2_PLACEMENT_3D('',#10949,#10950,#10951);
#10949 = CARTESIAN_POINT('',(59.043615,-8.24202,-4.6E-02));
#10950 = DIRECTION('',(-0.,-0.,-1.));
#10951 = DIRECTION('',(-0.,-1.,0.));
#10952 = ADVANCED_FACE('',(#10953),#10964,.F.);
#10953 = FACE_BOUND('',#10954,.T.);
#10954 = EDGE_LOOP('',(#10955,#10956,#10962,#10963));
#10955 = ORIENTED_EDGE('',*,*,#2531,.T.);
#10956 = ORIENTED_EDGE('',*,*,#10957,.T.);
#10957 = EDGE_CURVE('',#2532,#5885,#10958,.T.);
#10958 = LINE('',#10959,#10960);
#10959 = CARTESIAN_POINT('',(81.870294,-23.792686,-4.6E-02));
#10960 = VECTOR('',#10961,1.);
#10961 = DIRECTION('',(0.,0.,1.));
#10962 = ORIENTED_EDGE('',*,*,#5884,.F.);
#10963 = ORIENTED_EDGE('',*,*,#10957,.F.);
#10964 = CYLINDRICAL_SURFACE('',#10965,0.75);
#10965 = AXIS2_PLACEMENT_3D('',#10966,#10967,#10968);
#10966 = CARTESIAN_POINT('',(81.870294,-23.042686,-4.6E-02));
#10967 = DIRECTION('',(-0.,-0.,-1.));
#10968 = DIRECTION('',(-0.,-1.,0.));
#10969 = ADVANCED_FACE('',(#10970),#10981,.F.);
#10970 = FACE_BOUND('',#10971,.T.);
#10971 = EDGE_LOOP('',(#10972,#10973,#10979,#10980));
#10972 = ORIENTED_EDGE('',*,*,#2542,.T.);
#10973 = ORIENTED_EDGE('',*,*,#10974,.T.);
#10974 = EDGE_CURVE('',#2543,#5896,#10975,.T.);
#10975 = LINE('',#10976,#10977);
#10976 = CARTESIAN_POINT('',(94.07649,-17.924216,-4.6E-02));
#10977 = VECTOR('',#10978,1.);
#10978 = DIRECTION('',(0.,0.,1.));
#10979 = ORIENTED_EDGE('',*,*,#5895,.F.);
#10980 = ORIENTED_EDGE('',*,*,#10974,.F.);
#10981 = CYLINDRICAL_SURFACE('',#10982,0.875);
#10982 = AXIS2_PLACEMENT_3D('',#10983,#10984,#10985);
#10983 = CARTESIAN_POINT('',(94.07649,-17.049216,-4.6E-02));
#10984 = DIRECTION('',(-0.,-0.,-1.));
#10985 = DIRECTION('',(-0.,-1.,0.));
#10986 = ADVANCED_FACE('',(#10987),#10998,.F.);
#10987 = FACE_BOUND('',#10988,.T.);
#10988 = EDGE_LOOP('',(#10989,#10990,#10996,#10997));
#10989 = ORIENTED_EDGE('',*,*,#2553,.T.);
#10990 = ORIENTED_EDGE('',*,*,#10991,.T.);
#10991 = EDGE_CURVE('',#2554,#5907,#10992,.T.);
#10992 = LINE('',#10993,#10994);
#10993 = CARTESIAN_POINT('',(95.768262,-15.518338,-4.6E-02));
#10994 = VECTOR('',#10995,1.);
#10995 = DIRECTION('',(0.,0.,1.));
#10996 = ORIENTED_EDGE('',*,*,#5906,.F.);
#10997 = ORIENTED_EDGE('',*,*,#10991,.F.);
#10998 = CYLINDRICAL_SURFACE('',#10999,0.75);
#10999 = AXIS2_PLACEMENT_3D('',#11000,#11001,#11002);
#11000 = CARTESIAN_POINT('',(95.768262,-14.768338,-4.6E-02));
#11001 = DIRECTION('',(-0.,-0.,-1.));
#11002 = DIRECTION('',(-0.,-1.,0.));
#11003 = ADVANCED_FACE('',(#11004),#11015,.F.);
#11004 = FACE_BOUND('',#11005,.T.);
#11005 = EDGE_LOOP('',(#11006,#11007,#11013,#11014));
#11006 = ORIENTED_EDGE('',*,*,#2564,.T.);
#11007 = ORIENTED_EDGE('',*,*,#11008,.T.);
#11008 = EDGE_CURVE('',#2565,#5918,#11009,.T.);
#11009 = LINE('',#11010,#11011);
#11010 = CARTESIAN_POINT('',(113.399775,-22.638185,-4.6E-02));
#11011 = VECTOR('',#11012,1.);
#11012 = DIRECTION('',(0.,0.,1.));
#11013 = ORIENTED_EDGE('',*,*,#5917,.F.);
#11014 = ORIENTED_EDGE('',*,*,#11008,.F.);
#11015 = CYLINDRICAL_SURFACE('',#11016,0.75);
#11016 = AXIS2_PLACEMENT_3D('',#11017,#11018,#11019);
#11017 = CARTESIAN_POINT('',(113.399775,-21.888185,-4.6E-02));
#11018 = DIRECTION('',(-0.,-0.,-1.));
#11019 = DIRECTION('',(-0.,-1.,0.));
#11020 = ADVANCED_FACE('',(#11021),#11032,.F.);
#11021 = FACE_BOUND('',#11022,.T.);
#11022 = EDGE_LOOP('',(#11023,#11024,#11030,#11031));
#11023 = ORIENTED_EDGE('',*,*,#2575,.T.);
#11024 = ORIENTED_EDGE('',*,*,#11025,.T.);
#11025 = EDGE_CURVE('',#2576,#5929,#11026,.T.);
#11026 = LINE('',#11027,#11028);
#11027 = CARTESIAN_POINT('',(120.09437,-21.239439,-4.6E-02));
#11028 = VECTOR('',#11029,1.);
#11029 = DIRECTION('',(0.,0.,1.));
#11030 = ORIENTED_EDGE('',*,*,#5928,.F.);
#11031 = ORIENTED_EDGE('',*,*,#11025,.F.);
#11032 = CYLINDRICAL_SURFACE('',#11033,0.75);
#11033 = AXIS2_PLACEMENT_3D('',#11034,#11035,#11036);
#11034 = CARTESIAN_POINT('',(120.09437,-20.489439,-4.6E-02));
#11035 = DIRECTION('',(-0.,-0.,-1.));
#11036 = DIRECTION('',(-0.,-1.,0.));
#11037 = ADVANCED_FACE('',(#11038),#11049,.F.);
#11038 = FACE_BOUND('',#11039,.T.);
#11039 = EDGE_LOOP('',(#11040,#11041,#11047,#11048));
#11040 = ORIENTED_EDGE('',*,*,#2586,.T.);
#11041 = ORIENTED_EDGE('',*,*,#11042,.T.);
#11042 = EDGE_CURVE('',#2587,#5940,#11043,.T.);
#11043 = LINE('',#11044,#11045);
#11044 = CARTESIAN_POINT('',(99.079313,-19.931349,-4.6E-02));
#11045 = VECTOR('',#11046,1.);
#11046 = DIRECTION('',(0.,0.,1.));
#11047 = ORIENTED_EDGE('',*,*,#5939,.F.);
#11048 = ORIENTED_EDGE('',*,*,#11042,.F.);
#11049 = CYLINDRICAL_SURFACE('',#11050,2.);
#11050 = AXIS2_PLACEMENT_3D('',#11051,#11052,#11053);
#11051 = CARTESIAN_POINT('',(99.079313,-17.931349,-4.6E-02));
#11052 = DIRECTION('',(-0.,-0.,-1.));
#11053 = DIRECTION('',(-0.,-1.,0.));
#11054 = ADVANCED_FACE('',(#11055),#11066,.F.);
#11055 = FACE_BOUND('',#11056,.T.);
#11056 = EDGE_LOOP('',(#11057,#11058,#11064,#11065));
#11057 = ORIENTED_EDGE('',*,*,#2597,.T.);
#11058 = ORIENTED_EDGE('',*,*,#11059,.T.);
#11059 = EDGE_CURVE('',#2598,#5951,#11060,.T.);
#11060 = LINE('',#11061,#11062);
#11061 = CARTESIAN_POINT('',(104.082136,-19.688482,-4.6E-02));
#11062 = VECTOR('',#11063,1.);
#11063 = DIRECTION('',(0.,0.,1.));
#11064 = ORIENTED_EDGE('',*,*,#5950,.F.);
#11065 = ORIENTED_EDGE('',*,*,#11059,.F.);
#11066 = CYLINDRICAL_SURFACE('',#11067,0.875);
#11067 = AXIS2_PLACEMENT_3D('',#11068,#11069,#11070);
#11068 = CARTESIAN_POINT('',(104.082136,-18.813482,-4.6E-02));
#11069 = DIRECTION('',(-0.,-0.,-1.));
#11070 = DIRECTION('',(-0.,-1.,0.));
#11071 = ADVANCED_FACE('',(#11072),#11083,.F.);
#11072 = FACE_BOUND('',#11073,.T.);
#11073 = EDGE_LOOP('',(#11074,#11075,#11081,#11082));
#11074 = ORIENTED_EDGE('',*,*,#2608,.T.);
#11075 = ORIENTED_EDGE('',*,*,#11076,.T.);
#11076 = EDGE_CURVE('',#2609,#5962,#11077,.T.);
#11077 = LINE('',#11078,#11079);
#11078 = CARTESIAN_POINT('',(67.357489,-13.162164,-4.6E-02));
#11079 = VECTOR('',#11080,1.);
#11080 = DIRECTION('',(0.,0.,1.));
#11081 = ORIENTED_EDGE('',*,*,#5961,.F.);
#11082 = ORIENTED_EDGE('',*,*,#11076,.F.);
#11083 = CYLINDRICAL_SURFACE('',#11084,0.875);
#11084 = AXIS2_PLACEMENT_3D('',#11085,#11086,#11087);
#11085 = CARTESIAN_POINT('',(67.357489,-12.287164,-4.6E-02));
#11086 = DIRECTION('',(-0.,-0.,-1.));
#11087 = DIRECTION('',(-0.,-1.,0.));
#11088 = ADVANCED_FACE('',(#11089),#11100,.F.);
#11089 = FACE_BOUND('',#11090,.T.);
#11090 = EDGE_LOOP('',(#11091,#11092,#11098,#11099));
#11091 = ORIENTED_EDGE('',*,*,#2619,.T.);
#11092 = ORIENTED_EDGE('',*,*,#11093,.T.);
#11093 = EDGE_CURVE('',#2620,#5973,#11094,.T.);
#11094 = LINE('',#11095,#11096);
#11095 = CARTESIAN_POINT('',(76.479705,-10.607409,-4.6E-02));
#11096 = VECTOR('',#11097,1.);
#11097 = DIRECTION('',(0.,0.,1.));
#11098 = ORIENTED_EDGE('',*,*,#5972,.F.);
#11099 = ORIENTED_EDGE('',*,*,#11093,.F.);
#11100 = CYLINDRICAL_SURFACE('',#11101,0.875);
#11101 = AXIS2_PLACEMENT_3D('',#11102,#11103,#11104);
#11102 = CARTESIAN_POINT('',(76.479705,-9.732409,-4.6E-02));
#11103 = DIRECTION('',(-0.,-0.,-1.));
#11104 = DIRECTION('',(-0.,-1.,0.));
#11105 = ADVANCED_FACE('',(#11106),#11117,.F.);
#11106 = FACE_BOUND('',#11107,.T.);
#11107 = EDGE_LOOP('',(#11108,#11109,#11115,#11116));
#11108 = ORIENTED_EDGE('',*,*,#2630,.T.);
#11109 = ORIENTED_EDGE('',*,*,#11110,.T.);
#11110 = EDGE_CURVE('',#2631,#5984,#11111,.T.);
#11111 = LINE('',#11112,#11113);
#11112 = CARTESIAN_POINT('',(81.482528,-12.614542,-4.6E-02));
#11113 = VECTOR('',#11114,1.);
#11114 = DIRECTION('',(0.,0.,1.));
#11115 = ORIENTED_EDGE('',*,*,#5983,.F.);
#11116 = ORIENTED_EDGE('',*,*,#11110,.F.);
#11117 = CYLINDRICAL_SURFACE('',#11118,2.);
#11118 = AXIS2_PLACEMENT_3D('',#11119,#11120,#11121);
#11119 = CARTESIAN_POINT('',(81.482528,-10.614542,-4.6E-02));
#11120 = DIRECTION('',(-0.,-0.,-1.));
#11121 = DIRECTION('',(-0.,-1.,0.));
#11122 = ADVANCED_FACE('',(#11123),#11134,.F.);
#11123 = FACE_BOUND('',#11124,.T.);
#11124 = EDGE_LOOP('',(#11125,#11126,#11132,#11133));
#11125 = ORIENTED_EDGE('',*,*,#2641,.T.);
#11126 = ORIENTED_EDGE('',*,*,#11127,.T.);
#11127 = EDGE_CURVE('',#2642,#5995,#11128,.T.);
#11128 = LINE('',#11129,#11130);
#11129 = CARTESIAN_POINT('',(86.485351,-12.371675,-4.6E-02));
#11130 = VECTOR('',#11131,1.);
#11131 = DIRECTION('',(0.,0.,1.));
#11132 = ORIENTED_EDGE('',*,*,#5994,.F.);
#11133 = ORIENTED_EDGE('',*,*,#11127,.F.);
#11134 = CYLINDRICAL_SURFACE('',#11135,0.875);
#11135 = AXIS2_PLACEMENT_3D('',#11136,#11137,#11138);
#11136 = CARTESIAN_POINT('',(86.485351,-11.496675,-4.6E-02));
#11137 = DIRECTION('',(-0.,-0.,-1.));
#11138 = DIRECTION('',(-0.,-1.,0.));
#11139 = ADVANCED_FACE('',(#11140),#11151,.F.);
#11140 = FACE_BOUND('',#11141,.T.);
#11141 = EDGE_LOOP('',(#11142,#11143,#11149,#11150));
#11142 = ORIENTED_EDGE('',*,*,#2652,.T.);
#11143 = ORIENTED_EDGE('',*,*,#11144,.T.);
#11144 = EDGE_CURVE('',#2653,#6006,#11145,.T.);
#11145 = LINE('',#11146,#11147);
#11146 = CARTESIAN_POINT('',(65.73821,-7.593274,-4.6E-02));
#11147 = VECTOR('',#11148,1.);
#11148 = DIRECTION('',(0.,0.,1.));
#11149 = ORIENTED_EDGE('',*,*,#6005,.F.);
#11150 = ORIENTED_EDGE('',*,*,#11144,.F.);
#11151 = CYLINDRICAL_SURFACE('',#11152,0.75);
#11152 = AXIS2_PLACEMENT_3D('',#11153,#11154,#11155);
#11153 = CARTESIAN_POINT('',(65.73821,-6.843274,-4.6E-02));
#11154 = DIRECTION('',(-0.,-0.,-1.));
#11155 = DIRECTION('',(-0.,-1.,0.));
#11156 = ADVANCED_FACE('',(#11157),#11168,.F.);
#11157 = FACE_BOUND('',#11158,.T.);
#11158 = EDGE_LOOP('',(#11159,#11160,#11166,#11167));
#11159 = ORIENTED_EDGE('',*,*,#2663,.T.);
#11160 = ORIENTED_EDGE('',*,*,#11161,.T.);
#11161 = EDGE_CURVE('',#2664,#6017,#11162,.T.);
#11162 = LINE('',#11163,#11164);
#11163 = CARTESIAN_POINT('',(78.171477,-8.201531,-4.6E-02));
#11164 = VECTOR('',#11165,1.);
#11165 = DIRECTION('',(0.,0.,1.));
#11166 = ORIENTED_EDGE('',*,*,#6016,.F.);
#11167 = ORIENTED_EDGE('',*,*,#11161,.F.);
#11168 = CYLINDRICAL_SURFACE('',#11169,0.75);
#11169 = AXIS2_PLACEMENT_3D('',#11170,#11171,#11172);
#11170 = CARTESIAN_POINT('',(78.171477,-7.451531,-4.6E-02));
#11171 = DIRECTION('',(-0.,-0.,-1.));
#11172 = DIRECTION('',(-0.,-1.,0.));
#11173 = ADVANCED_FACE('',(#11174),#11185,.F.);
#11174 = FACE_BOUND('',#11175,.T.);
#11175 = EDGE_LOOP('',(#11176,#11177,#11183,#11184));
#11176 = ORIENTED_EDGE('',*,*,#2674,.T.);
#11177 = ORIENTED_EDGE('',*,*,#11178,.T.);
#11178 = EDGE_CURVE('',#2675,#6028,#11179,.T.);
#11179 = LINE('',#11180,#11181);
#11180 = CARTESIAN_POINT('',(84.866072,-6.802785,-4.6E-02));
#11181 = VECTOR('',#11182,1.);
#11182 = DIRECTION('',(0.,0.,1.));
#11183 = ORIENTED_EDGE('',*,*,#6027,.F.);
#11184 = ORIENTED_EDGE('',*,*,#11178,.F.);
#11185 = CYLINDRICAL_SURFACE('',#11186,0.75);
#11186 = AXIS2_PLACEMENT_3D('',#11187,#11188,#11189);
#11187 = CARTESIAN_POINT('',(84.866072,-6.052785,-4.6E-02));
#11188 = DIRECTION('',(-0.,-0.,-1.));
#11189 = DIRECTION('',(-0.,-1.,0.));
#11190 = ADVANCED_FACE('',(#11191),#11202,.F.);
#11191 = FACE_BOUND('',#11192,.T.);
#11192 = EDGE_LOOP('',(#11193,#11194,#11200,#11201));
#11193 = ORIENTED_EDGE('',*,*,#2685,.T.);
#11194 = ORIENTED_EDGE('',*,*,#11195,.T.);
#11195 = EDGE_CURVE('',#2686,#6039,#11196,.T.);
#11196 = LINE('',#11197,#11198);
#11197 = CARTESIAN_POINT('',(102.462857,-14.119592,-4.6E-02));
#11198 = VECTOR('',#11199,1.);
#11199 = DIRECTION('',(0.,0.,1.));
#11200 = ORIENTED_EDGE('',*,*,#6038,.F.);
#11201 = ORIENTED_EDGE('',*,*,#11195,.F.);
#11202 = CYLINDRICAL_SURFACE('',#11203,0.75);
#11203 = AXIS2_PLACEMENT_3D('',#11204,#11205,#11206);
#11204 = CARTESIAN_POINT('',(102.462857,-13.369592,-4.6E-02));
#11205 = DIRECTION('',(-0.,-0.,-1.));
#11206 = DIRECTION('',(-0.,-1.,0.));
#11207 = ADVANCED_FACE('',(#11208),#11219,.F.);
#11208 = FACE_BOUND('',#11209,.T.);
#11209 = EDGE_LOOP('',(#11210,#11211,#11217,#11218));
#11210 = ORIENTED_EDGE('',*,*,#2696,.T.);
#11211 = ORIENTED_EDGE('',*,*,#11212,.T.);
#11212 = EDGE_CURVE('',#2697,#6050,#11213,.T.);
#11213 = LINE('',#11214,#11215);
#11214 = CARTESIAN_POINT('',(140.245877,-43.798233,-4.6E-02));
#11215 = VECTOR('',#11216,1.);
#11216 = DIRECTION('',(0.,0.,1.));
#11217 = ORIENTED_EDGE('',*,*,#6049,.F.);
#11218 = ORIENTED_EDGE('',*,*,#11212,.F.);
#11219 = CYLINDRICAL_SURFACE('',#11220,0.875);
#11220 = AXIS2_PLACEMENT_3D('',#11221,#11222,#11223);
#11221 = CARTESIAN_POINT('',(140.245877,-42.923233,-4.6E-02));
#11222 = DIRECTION('',(-0.,-0.,-1.));
#11223 = DIRECTION('',(-0.,-1.,0.));
#11224 = ADVANCED_FACE('',(#11225),#11236,.F.);
#11225 = FACE_BOUND('',#11226,.T.);
#11226 = EDGE_LOOP('',(#11227,#11228,#11234,#11235));
#11227 = ORIENTED_EDGE('',*,*,#2707,.T.);
#11228 = ORIENTED_EDGE('',*,*,#11229,.T.);
#11229 = EDGE_CURVE('',#2708,#6061,#11230,.T.);
#11230 = LINE('',#11231,#11232);
#11231 = CARTESIAN_POINT('',(134.4,-40.150012,-4.6E-02));
#11232 = VECTOR('',#11233,1.);
#11233 = DIRECTION('',(0.,0.,1.));
#11234 = ORIENTED_EDGE('',*,*,#6060,.F.);
#11235 = ORIENTED_EDGE('',*,*,#11229,.F.);
#11236 = CYLINDRICAL_SURFACE('',#11237,0.550012);
#11237 = AXIS2_PLACEMENT_3D('',#11238,#11239,#11240);
#11238 = CARTESIAN_POINT('',(134.4,-39.6,-4.6E-02));
#11239 = DIRECTION('',(-0.,0.,-1.));
#11240 = DIRECTION('',(5.167470787983E-14,-1.,-0.));
#11241 = ADVANCED_FACE('',(#11242),#11253,.F.);
#11242 = FACE_BOUND('',#11243,.T.);
#11243 = EDGE_LOOP('',(#11244,#11245,#11251,#11252));
#11244 = ORIENTED_EDGE('',*,*,#2718,.T.);
#11245 = ORIENTED_EDGE('',*,*,#11246,.T.);
#11246 = EDGE_CURVE('',#2719,#6072,#11247,.T.);
#11247 = LINE('',#11248,#11249);
#11248 = CARTESIAN_POINT('',(141.055516,-40.951288,-4.6E-02));
#11249 = VECTOR('',#11250,1.);
#11250 = DIRECTION('',(0.,0.,1.));
#11251 = ORIENTED_EDGE('',*,*,#6071,.F.);
#11252 = ORIENTED_EDGE('',*,*,#11246,.F.);
#11253 = CYLINDRICAL_SURFACE('',#11254,0.75);
#11254 = AXIS2_PLACEMENT_3D('',#11255,#11256,#11257);
#11255 = CARTESIAN_POINT('',(141.055516,-40.201288,-4.6E-02));
#11256 = DIRECTION('',(-0.,-0.,-1.));
#11257 = DIRECTION('',(-0.,-1.,0.));
#11258 = ADVANCED_FACE('',(#11259),#11270,.F.);
#11259 = FACE_BOUND('',#11260,.T.);
#11260 = EDGE_LOOP('',(#11261,#11262,#11268,#11269));
#11261 = ORIENTED_EDGE('',*,*,#2729,.T.);
#11262 = ORIENTED_EDGE('',*,*,#11263,.T.);
#11263 = EDGE_CURVE('',#2730,#6083,#11264,.T.);
#11264 = LINE('',#11265,#11266);
#11265 = CARTESIAN_POINT('',(145.2487,-44.0411,-4.6E-02));
#11266 = VECTOR('',#11267,1.);
#11267 = DIRECTION('',(0.,0.,1.));
#11268 = ORIENTED_EDGE('',*,*,#6082,.F.);
#11269 = ORIENTED_EDGE('',*,*,#11263,.F.);
#11270 = CYLINDRICAL_SURFACE('',#11271,2.);
#11271 = AXIS2_PLACEMENT_3D('',#11272,#11273,#11274);
#11272 = CARTESIAN_POINT('',(145.2487,-42.0411,-4.6E-02));
#11273 = DIRECTION('',(-0.,-0.,-1.));
#11274 = DIRECTION('',(-0.,-1.,0.));
#11275 = ADVANCED_FACE('',(#11276),#11287,.F.);
#11276 = FACE_BOUND('',#11277,.T.);
#11277 = EDGE_LOOP('',(#11278,#11279,#11285,#11286));
#11278 = ORIENTED_EDGE('',*,*,#2740,.T.);
#11279 = ORIENTED_EDGE('',*,*,#11280,.T.);
#11280 = EDGE_CURVE('',#2741,#6094,#11281,.T.);
#11281 = LINE('',#11282,#11283);
#11282 = CARTESIAN_POINT('',(150.251523,-42.033967,-4.6E-02));
#11283 = VECTOR('',#11284,1.);
#11284 = DIRECTION('',(0.,0.,1.));
#11285 = ORIENTED_EDGE('',*,*,#6093,.F.);
#11286 = ORIENTED_EDGE('',*,*,#11280,.F.);
#11287 = CYLINDRICAL_SURFACE('',#11288,0.875);
#11288 = AXIS2_PLACEMENT_3D('',#11289,#11290,#11291);
#11289 = CARTESIAN_POINT('',(150.251523,-41.158967,-4.6E-02));
#11290 = DIRECTION('',(-0.,-0.,-1.));
#11291 = DIRECTION('',(-0.,-1.,0.));
#11292 = ADVANCED_FACE('',(#11293),#11304,.F.);
#11293 = FACE_BOUND('',#11294,.T.);
#11294 = EDGE_LOOP('',(#11295,#11296,#11302,#11303));
#11295 = ORIENTED_EDGE('',*,*,#2751,.T.);
#11296 = ORIENTED_EDGE('',*,*,#11297,.T.);
#11297 = EDGE_CURVE('',#2752,#6105,#11298,.T.);
#11298 = LINE('',#11299,#11300);
#11299 = CARTESIAN_POINT('',(146.867979,-37.34721,-4.6E-02));
#11300 = VECTOR('',#11301,1.);
#11301 = DIRECTION('',(0.,0.,1.));
#11302 = ORIENTED_EDGE('',*,*,#6104,.F.);
#11303 = ORIENTED_EDGE('',*,*,#11297,.F.);
#11304 = CYLINDRICAL_SURFACE('',#11305,0.75);
#11305 = AXIS2_PLACEMENT_3D('',#11306,#11307,#11308);
#11306 = CARTESIAN_POINT('',(146.867979,-36.59721,-4.6E-02));
#11307 = DIRECTION('',(-0.,-0.,-1.));
#11308 = DIRECTION('',(-0.,-1.,0.));
#11309 = ADVANCED_FACE('',(#11310),#11321,.F.);
#11310 = FACE_BOUND('',#11311,.T.);
#11311 = EDGE_LOOP('',(#11312,#11313,#11319,#11320));
#11312 = ORIENTED_EDGE('',*,*,#2762,.T.);
#11313 = ORIENTED_EDGE('',*,*,#11314,.T.);
#11314 = EDGE_CURVE('',#2763,#6116,#11315,.T.);
#11315 = LINE('',#11316,#11317);
#11316 = CARTESIAN_POINT('',(157.877377,-36.678385,-4.6E-02));
#11317 = VECTOR('',#11318,1.);
#11318 = DIRECTION('',(0.,0.,1.));
#11319 = ORIENTED_EDGE('',*,*,#6115,.F.);
#11320 = ORIENTED_EDGE('',*,*,#11314,.F.);
#11321 = CYLINDRICAL_SURFACE('',#11322,0.875);
#11322 = AXIS2_PLACEMENT_3D('',#11323,#11324,#11325);
#11323 = CARTESIAN_POINT('',(157.877377,-35.803385,-4.6E-02));
#11324 = DIRECTION('',(-0.,-0.,-1.));
#11325 = DIRECTION('',(-0.,-1.,0.));
#11326 = ADVANCED_FACE('',(#11327),#11338,.F.);
#11327 = FACE_BOUND('',#11328,.T.);
#11328 = EDGE_LOOP('',(#11329,#11330,#11336,#11337));
#11329 = ORIENTED_EDGE('',*,*,#2773,.T.);
#11330 = ORIENTED_EDGE('',*,*,#11331,.T.);
#11331 = EDGE_CURVE('',#2774,#6127,#11332,.T.);
#11332 = LINE('',#11333,#11334);
#11333 = CARTESIAN_POINT('',(179.279616,-43.504535,-4.6E-02));
#11334 = VECTOR('',#11335,1.);
#11335 = DIRECTION('',(0.,0.,1.));
#11336 = ORIENTED_EDGE('',*,*,#6126,.F.);
#11337 = ORIENTED_EDGE('',*,*,#11331,.F.);
#11338 = CYLINDRICAL_SURFACE('',#11339,0.75);
#11339 = AXIS2_PLACEMENT_3D('',#11340,#11341,#11342);
#11340 = CARTESIAN_POINT('',(179.279616,-42.754535,-4.6E-02));
#11341 = DIRECTION('',(-0.,-0.,-1.));
#11342 = DIRECTION('',(-0.,-1.,0.));
#11343 = ADVANCED_FACE('',(#11344),#11355,.F.);
#11344 = FACE_BOUND('',#11345,.T.);
#11345 = EDGE_LOOP('',(#11346,#11347,#11353,#11354));
#11346 = ORIENTED_EDGE('',*,*,#2784,.T.);
#11347 = ORIENTED_EDGE('',*,*,#11348,.T.);
#11348 = EDGE_CURVE('',#2785,#6138,#11349,.T.);
#11349 = LINE('',#11350,#11351);
#11350 = CARTESIAN_POINT('',(185.092079,-39.900457,-4.6E-02));
#11351 = VECTOR('',#11352,1.);
#11352 = DIRECTION('',(0.,0.,1.));
#11353 = ORIENTED_EDGE('',*,*,#6137,.F.);
#11354 = ORIENTED_EDGE('',*,*,#11348,.F.);
#11355 = CYLINDRICAL_SURFACE('',#11356,0.75);
#11356 = AXIS2_PLACEMENT_3D('',#11357,#11358,#11359);
#11357 = CARTESIAN_POINT('',(185.092079,-39.150457,-4.6E-02));
#11358 = DIRECTION('',(-0.,-0.,-1.));
#11359 = DIRECTION('',(-0.,-1.,0.));
#11360 = ADVANCED_FACE('',(#11361),#11372,.F.);
#11361 = FACE_BOUND('',#11362,.T.);
#11362 = EDGE_LOOP('',(#11363,#11364,#11370,#11371));
#11363 = ORIENTED_EDGE('',*,*,#2795,.T.);
#11364 = ORIENTED_EDGE('',*,*,#11365,.T.);
#11365 = EDGE_CURVE('',#2796,#6149,#11366,.T.);
#11366 = LINE('',#11367,#11368);
#11367 = CARTESIAN_POINT('',(162.8802,-36.921252,-4.6E-02));
#11368 = VECTOR('',#11369,1.);
#11369 = DIRECTION('',(0.,0.,1.));
#11370 = ORIENTED_EDGE('',*,*,#6148,.F.);
#11371 = ORIENTED_EDGE('',*,*,#11365,.F.);
#11372 = CYLINDRICAL_SURFACE('',#11373,2.);
#11373 = AXIS2_PLACEMENT_3D('',#11374,#11375,#11376);
#11374 = CARTESIAN_POINT('',(162.8802,-34.921252,-4.6E-02));
#11375 = DIRECTION('',(-0.,-0.,-1.));
#11376 = DIRECTION('',(-0.,-1.,0.));
#11377 = ADVANCED_FACE('',(#11378),#11389,.F.);
#11378 = FACE_BOUND('',#11379,.T.);
#11379 = EDGE_LOOP('',(#11380,#11381,#11387,#11388));
#11380 = ORIENTED_EDGE('',*,*,#2806,.T.);
#11381 = ORIENTED_EDGE('',*,*,#11382,.T.);
#11382 = EDGE_CURVE('',#2807,#6160,#11383,.T.);
#11383 = LINE('',#11384,#11385);
#11384 = CARTESIAN_POINT('',(167.883023,-34.914119,-4.6E-02));
#11385 = VECTOR('',#11386,1.);
#11386 = DIRECTION('',(0.,0.,1.));
#11387 = ORIENTED_EDGE('',*,*,#6159,.F.);
#11388 = ORIENTED_EDGE('',*,*,#11382,.F.);
#11389 = CYLINDRICAL_SURFACE('',#11390,0.875);
#11390 = AXIS2_PLACEMENT_3D('',#11391,#11392,#11393);
#11391 = CARTESIAN_POINT('',(167.883023,-34.039119,-4.6E-02));
#11392 = DIRECTION('',(-0.,-0.,-1.));
#11393 = DIRECTION('',(-0.,-1.,0.));
#11394 = ADVANCED_FACE('',(#11395),#11406,.F.);
#11395 = FACE_BOUND('',#11396,.T.);
#11396 = EDGE_LOOP('',(#11397,#11398,#11404,#11405));
#11397 = ORIENTED_EDGE('',*,*,#2817,.T.);
#11398 = ORIENTED_EDGE('',*,*,#11399,.T.);
#11399 = EDGE_CURVE('',#2818,#6171,#11400,.T.);
#11400 = LINE('',#11401,#11402);
#11401 = CARTESIAN_POINT('',(158.687016,-33.83144,-4.6E-02));
#11402 = VECTOR('',#11403,1.);
#11403 = DIRECTION('',(0.,0.,1.));
#11404 = ORIENTED_EDGE('',*,*,#6170,.F.);
#11405 = ORIENTED_EDGE('',*,*,#11399,.F.);
#11406 = CYLINDRICAL_SURFACE('',#11407,0.75);
#11407 = AXIS2_PLACEMENT_3D('',#11408,#11409,#11410);
#11408 = CARTESIAN_POINT('',(158.687016,-33.08144,-4.6E-02));
#11409 = DIRECTION('',(-0.,-0.,-1.));
#11410 = DIRECTION('',(-0.,-1.,0.));
#11411 = ADVANCED_FACE('',(#11412),#11423,.F.);
#11412 = FACE_BOUND('',#11413,.T.);
#11413 = EDGE_LOOP('',(#11414,#11415,#11421,#11422));
#11414 = ORIENTED_EDGE('',*,*,#2828,.T.);
#11415 = ORIENTED_EDGE('',*,*,#11416,.T.);
#11416 = EDGE_CURVE('',#2829,#6182,#11417,.T.);
#11417 = LINE('',#11418,#11419);
#11418 = CARTESIAN_POINT('',(137.250077,-26.808329,-4.6E-02));
#11419 = VECTOR('',#11420,1.);
#11420 = DIRECTION('',(0.,0.,1.));
#11421 = ORIENTED_EDGE('',*,*,#6181,.F.);
#11422 = ORIENTED_EDGE('',*,*,#11416,.F.);
#11423 = CYLINDRICAL_SURFACE('',#11424,0.875);
#11424 = AXIS2_PLACEMENT_3D('',#11425,#11426,#11427);
#11425 = CARTESIAN_POINT('',(137.250077,-25.933329,-4.6E-02));
#11426 = DIRECTION('',(-0.,-0.,-1.));
#11427 = DIRECTION('',(-0.,-1.,0.));
#11428 = ADVANCED_FACE('',(#11429),#11440,.F.);
#11429 = FACE_BOUND('',#11430,.T.);
#11430 = EDGE_LOOP('',(#11431,#11432,#11438,#11439));
#11431 = ORIENTED_EDGE('',*,*,#2839,.T.);
#11432 = ORIENTED_EDGE('',*,*,#11433,.T.);
#11433 = EDGE_CURVE('',#2840,#6193,#11434,.T.);
#11434 = LINE('',#11435,#11436);
#11435 = CARTESIAN_POINT('',(142.2529,-27.051196,-4.6E-02));
#11436 = VECTOR('',#11437,1.);
#11437 = DIRECTION('',(0.,0.,1.));
#11438 = ORIENTED_EDGE('',*,*,#6192,.F.);
#11439 = ORIENTED_EDGE('',*,*,#11433,.F.);
#11440 = CYLINDRICAL_SURFACE('',#11441,2.);
#11441 = AXIS2_PLACEMENT_3D('',#11442,#11443,#11444);
#11442 = CARTESIAN_POINT('',(142.2529,-25.051196,-4.6E-02));
#11443 = DIRECTION('',(-0.,-0.,-1.));
#11444 = DIRECTION('',(-0.,-1.,0.));
#11445 = ADVANCED_FACE('',(#11446),#11457,.F.);
#11446 = FACE_BOUND('',#11447,.T.);
#11447 = EDGE_LOOP('',(#11448,#11449,#11455,#11456));
#11448 = ORIENTED_EDGE('',*,*,#2850,.T.);
#11449 = ORIENTED_EDGE('',*,*,#11450,.T.);
#11450 = EDGE_CURVE('',#2851,#6204,#11451,.T.);
#11451 = LINE('',#11452,#11453);
#11452 = CARTESIAN_POINT('',(147.255723,-25.044063,-4.6E-02));
#11453 = VECTOR('',#11454,1.);
#11454 = DIRECTION('',(0.,0.,1.));
#11455 = ORIENTED_EDGE('',*,*,#6203,.F.);
#11456 = ORIENTED_EDGE('',*,*,#11450,.F.);
#11457 = CYLINDRICAL_SURFACE('',#11458,0.875);
#11458 = AXIS2_PLACEMENT_3D('',#11459,#11460,#11461);
#11459 = CARTESIAN_POINT('',(147.255723,-24.169063,-4.6E-02));
#11460 = DIRECTION('',(-0.,-0.,-1.));
#11461 = DIRECTION('',(-0.,-1.,0.));
#11462 = ADVANCED_FACE('',(#11463),#11474,.F.);
#11463 = FACE_BOUND('',#11464,.T.);
#11464 = EDGE_LOOP('',(#11465,#11466,#11472,#11473));
#11465 = ORIENTED_EDGE('',*,*,#2861,.T.);
#11466 = ORIENTED_EDGE('',*,*,#11467,.T.);
#11467 = EDGE_CURVE('',#2862,#6215,#11468,.T.);
#11468 = LINE('',#11469,#11470);
#11469 = CARTESIAN_POINT('',(164.499479,-30.227362,-4.6E-02));
#11470 = VECTOR('',#11471,1.);
#11471 = DIRECTION('',(0.,0.,1.));
#11472 = ORIENTED_EDGE('',*,*,#6214,.F.);
#11473 = ORIENTED_EDGE('',*,*,#11467,.F.);
#11474 = CYLINDRICAL_SURFACE('',#11475,0.75);
#11475 = AXIS2_PLACEMENT_3D('',#11476,#11477,#11478);
#11476 = CARTESIAN_POINT('',(164.499479,-29.477362,-4.6E-02));
#11477 = DIRECTION('',(-0.,-0.,-1.));
#11478 = DIRECTION('',(-0.,-1.,0.));
#11479 = ADVANCED_FACE('',(#11480),#11491,.F.);
#11480 = FACE_BOUND('',#11481,.T.);
#11481 = EDGE_LOOP('',(#11482,#11483,#11489,#11490));
#11482 = ORIENTED_EDGE('',*,*,#2872,.T.);
#11483 = ORIENTED_EDGE('',*,*,#11484,.T.);
#11484 = EDGE_CURVE('',#2873,#6226,#11485,.T.);
#11485 = LINE('',#11486,#11487);
#11486 = CARTESIAN_POINT('',(175.474177,-29.361576,-4.6E-02));
#11487 = VECTOR('',#11488,1.);
#11488 = DIRECTION('',(0.,0.,1.));
#11489 = ORIENTED_EDGE('',*,*,#6225,.F.);
#11490 = ORIENTED_EDGE('',*,*,#11484,.F.);
#11491 = CYLINDRICAL_SURFACE('',#11492,0.875);
#11492 = AXIS2_PLACEMENT_3D('',#11493,#11494,#11495);
#11493 = CARTESIAN_POINT('',(175.474177,-28.486576,-4.6E-02));
#11494 = DIRECTION('',(-0.,-0.,-1.));
#11495 = DIRECTION('',(-0.,-1.,0.));
#11496 = ADVANCED_FACE('',(#11497),#11508,.F.);
#11497 = FACE_BOUND('',#11498,.T.);
#11498 = EDGE_LOOP('',(#11499,#11500,#11506,#11507));
#11499 = ORIENTED_EDGE('',*,*,#2883,.T.);
#11500 = ORIENTED_EDGE('',*,*,#11501,.T.);
#11501 = EDGE_CURVE('',#2884,#6237,#11502,.T.);
#11502 = LINE('',#11503,#11504);
#11503 = CARTESIAN_POINT('',(176.283816,-26.514631,-4.6E-02));
#11504 = VECTOR('',#11505,1.);
#11505 = DIRECTION('',(0.,0.,1.));
#11506 = ORIENTED_EDGE('',*,*,#6236,.F.);
#11507 = ORIENTED_EDGE('',*,*,#11501,.F.);
#11508 = CYLINDRICAL_SURFACE('',#11509,0.75);
#11509 = AXIS2_PLACEMENT_3D('',#11510,#11511,#11512);
#11510 = CARTESIAN_POINT('',(176.283816,-25.764631,-4.6E-02));
#11511 = DIRECTION('',(-0.,-0.,-1.));
#11512 = DIRECTION('',(-0.,-1.,0.));
#11513 = ADVANCED_FACE('',(#11514),#11525,.F.);
#11514 = FACE_BOUND('',#11515,.T.);
#11515 = EDGE_LOOP('',(#11516,#11517,#11523,#11524));
#11516 = ORIENTED_EDGE('',*,*,#2894,.T.);
#11517 = ORIENTED_EDGE('',*,*,#11518,.T.);
#11518 = EDGE_CURVE('',#2895,#6248,#11519,.T.);
#11519 = LINE('',#11520,#11521);
#11520 = CARTESIAN_POINT('',(180.477,-29.604443,-4.6E-02));
#11521 = VECTOR('',#11522,1.);
#11522 = DIRECTION('',(0.,0.,1.));
#11523 = ORIENTED_EDGE('',*,*,#6247,.F.);
#11524 = ORIENTED_EDGE('',*,*,#11518,.F.);
#11525 = CYLINDRICAL_SURFACE('',#11526,2.);
#11526 = AXIS2_PLACEMENT_3D('',#11527,#11528,#11529);
#11527 = CARTESIAN_POINT('',(180.477,-27.604443,-4.6E-02));
#11528 = DIRECTION('',(-0.,-0.,-1.));
#11529 = DIRECTION('',(-0.,-1.,0.));
#11530 = ADVANCED_FACE('',(#11531),#11542,.F.);
#11531 = FACE_BOUND('',#11532,.T.);
#11532 = EDGE_LOOP('',(#11533,#11534,#11540,#11541));
#11533 = ORIENTED_EDGE('',*,*,#2905,.T.);
#11534 = ORIENTED_EDGE('',*,*,#11535,.T.);
#11535 = EDGE_CURVE('',#2906,#6259,#11536,.T.);
#11536 = LINE('',#11537,#11538);
#11537 = CARTESIAN_POINT('',(185.479823,-27.59731,-4.6E-02));
#11538 = VECTOR('',#11539,1.);
#11539 = DIRECTION('',(0.,0.,1.));
#11540 = ORIENTED_EDGE('',*,*,#6258,.F.);
#11541 = ORIENTED_EDGE('',*,*,#11535,.F.);
#11542 = CYLINDRICAL_SURFACE('',#11543,0.875);
#11543 = AXIS2_PLACEMENT_3D('',#11544,#11545,#11546);
#11544 = CARTESIAN_POINT('',(185.479823,-26.72231,-4.6E-02));
#11545 = DIRECTION('',(-0.,-0.,-1.));
#11546 = DIRECTION('',(-0.,-1.,0.));
#11547 = ADVANCED_FACE('',(#11548),#11559,.F.);
#11548 = FACE_BOUND('',#11549,.T.);
#11549 = EDGE_LOOP('',(#11550,#11551,#11557,#11558));
#11550 = ORIENTED_EDGE('',*,*,#2916,.T.);
#11551 = ORIENTED_EDGE('',*,*,#11552,.T.);
#11552 = EDGE_CURVE('',#2917,#6270,#11553,.T.);
#11553 = LINE('',#11554,#11555);
#11554 = CARTESIAN_POINT('',(204.219879,-40.690948,-4.6E-02));
#11555 = VECTOR('',#11556,1.);
#11556 = DIRECTION('',(0.,0.,1.));
#11557 = ORIENTED_EDGE('',*,*,#6269,.F.);
#11558 = ORIENTED_EDGE('',*,*,#11552,.F.);
#11559 = CYLINDRICAL_SURFACE('',#11560,0.75);
#11560 = AXIS2_PLACEMENT_3D('',#11561,#11562,#11563);
#11561 = CARTESIAN_POINT('',(204.219879,-39.940948,-4.6E-02));
#11562 = DIRECTION('',(-0.,-0.,-1.));
#11563 = DIRECTION('',(-0.,-1.,0.));
#11564 = ADVANCED_FACE('',(#11565),#11576,.F.);
#11565 = FACE_BOUND('',#11566,.T.);
#11566 = EDGE_LOOP('',(#11567,#11568,#11574,#11575));
#11567 = ORIENTED_EDGE('',*,*,#2927,.T.);
#11568 = ORIENTED_EDGE('',*,*,#11569,.T.);
#11569 = EDGE_CURVE('',#2928,#6281,#11570,.T.);
#11570 = LINE('',#11571,#11572);
#11571 = CARTESIAN_POINT('',(223.043679,-41.484294,-4.6E-02));
#11572 = VECTOR('',#11573,1.);
#11573 = DIRECTION('',(0.,0.,1.));
#11574 = ORIENTED_EDGE('',*,*,#6280,.F.);
#11575 = ORIENTED_EDGE('',*,*,#11569,.F.);
#11576 = CYLINDRICAL_SURFACE('',#11577,0.75);
#11577 = AXIS2_PLACEMENT_3D('',#11578,#11579,#11580);
#11578 = CARTESIAN_POINT('',(223.043679,-40.734294,-4.6E-02));
#11579 = DIRECTION('',(-0.,-0.,-1.));
#11580 = DIRECTION('',(-0.,-1.,0.));
#11581 = ADVANCED_FACE('',(#11582),#11593,.F.);
#11582 = FACE_BOUND('',#11583,.T.);
#11583 = EDGE_LOOP('',(#11584,#11585,#11591,#11592));
#11584 = ORIENTED_EDGE('',*,*,#2938,.T.);
#11585 = ORIENTED_EDGE('',*,*,#11586,.T.);
#11586 = EDGE_CURVE('',#2939,#6292,#11587,.T.);
#11587 = LINE('',#11588,#11589);
#11588 = CARTESIAN_POINT('',(242.008979,-42.240055,-4.6E-02));
#11589 = VECTOR('',#11590,1.);
#11590 = DIRECTION('',(0.,0.,1.));
#11591 = ORIENTED_EDGE('',*,*,#6291,.F.);
#11592 = ORIENTED_EDGE('',*,*,#11586,.F.);
#11593 = CYLINDRICAL_SURFACE('',#11594,0.75);
#11594 = AXIS2_PLACEMENT_3D('',#11595,#11596,#11597);
#11595 = CARTESIAN_POINT('',(242.008979,-41.490055,-4.6E-02));
#11596 = DIRECTION('',(-0.,-0.,-1.));
#11597 = DIRECTION('',(-0.,-1.,0.));
#11598 = ADVANCED_FACE('',(#11599),#11610,.F.);
#11599 = FACE_BOUND('',#11600,.T.);
#11600 = EDGE_LOOP('',(#11601,#11602,#11608,#11609));
#11601 = ORIENTED_EDGE('',*,*,#2949,.T.);
#11602 = ORIENTED_EDGE('',*,*,#11603,.T.);
#11603 = EDGE_CURVE('',#2950,#6303,#11604,.T.);
#11604 = LINE('',#11605,#11606);
#11605 = CARTESIAN_POINT('',(255.7,-37.94,-4.6E-02));
#11606 = VECTOR('',#11607,1.);
#11607 = DIRECTION('',(0.,0.,1.));
#11608 = ORIENTED_EDGE('',*,*,#6302,.F.);
#11609 = ORIENTED_EDGE('',*,*,#11603,.F.);
#11610 = CYLINDRICAL_SURFACE('',#11611,0.599999);
#11611 = AXIS2_PLACEMENT_3D('',#11612,#11613,#11614);
#11612 = CARTESIAN_POINT('',(255.7,-37.340001,-4.6E-02));
#11613 = DIRECTION('',(-0.,-0.,-1.));
#11614 = DIRECTION('',(-0.,-1.,0.));
#11615 = ADVANCED_FACE('',(#11616),#11627,.F.);
#11616 = FACE_BOUND('',#11617,.T.);
#11617 = EDGE_LOOP('',(#11618,#11619,#11625,#11626));
#11618 = ORIENTED_EDGE('',*,*,#2960,.T.);
#11619 = ORIENTED_EDGE('',*,*,#11620,.T.);
#11620 = EDGE_CURVE('',#2961,#6314,#11621,.T.);
#11621 = LINE('',#11622,#11623);
#11622 = CARTESIAN_POINT('',(194.602077,-30.152068,-4.6E-02));
#11623 = VECTOR('',#11624,1.);
#11624 = DIRECTION('',(0.,0.,1.));
#11625 = ORIENTED_EDGE('',*,*,#6313,.F.);
#11626 = ORIENTED_EDGE('',*,*,#11620,.F.);
#11627 = CYLINDRICAL_SURFACE('',#11628,0.875);
#11628 = AXIS2_PLACEMENT_3D('',#11629,#11630,#11631);
#11629 = CARTESIAN_POINT('',(194.602077,-29.277068,-4.6E-02));
#11630 = DIRECTION('',(-0.,-0.,-1.));
#11631 = DIRECTION('',(-0.,-1.,0.));
#11632 = ADVANCED_FACE('',(#11633),#11644,.F.);
#11633 = FACE_BOUND('',#11634,.T.);
#11634 = EDGE_LOOP('',(#11635,#11636,#11642,#11643));
#11635 = ORIENTED_EDGE('',*,*,#2971,.T.);
#11636 = ORIENTED_EDGE('',*,*,#11637,.T.);
#11637 = EDGE_CURVE('',#2972,#6325,#11638,.T.);
#11638 = LINE('',#11639,#11640);
#11639 = CARTESIAN_POINT('',(213.425777,-30.945413,-4.6E-02));
#11640 = VECTOR('',#11641,1.);
#11641 = DIRECTION('',(0.,0.,1.));
#11642 = ORIENTED_EDGE('',*,*,#6324,.F.);
#11643 = ORIENTED_EDGE('',*,*,#11637,.F.);
#11644 = CYLINDRICAL_SURFACE('',#11645,0.875);
#11645 = AXIS2_PLACEMENT_3D('',#11646,#11647,#11648);
#11646 = CARTESIAN_POINT('',(213.425777,-30.070413,-4.6E-02));
#11647 = DIRECTION('',(-0.,-0.,-1.));
#11648 = DIRECTION('',(-0.,-1.,0.));
#11649 = ADVANCED_FACE('',(#11650),#11661,.F.);
#11650 = FACE_BOUND('',#11651,.T.);
#11651 = EDGE_LOOP('',(#11652,#11653,#11659,#11660));
#11652 = ORIENTED_EDGE('',*,*,#2982,.T.);
#11653 = ORIENTED_EDGE('',*,*,#11654,.T.);
#11654 = EDGE_CURVE('',#2983,#6336,#11655,.T.);
#11655 = LINE('',#11656,#11657);
#11656 = CARTESIAN_POINT('',(218.4286,-31.18828,-4.6E-02));
#11657 = VECTOR('',#11658,1.);
#11658 = DIRECTION('',(0.,0.,1.));
#11659 = ORIENTED_EDGE('',*,*,#6335,.F.);
#11660 = ORIENTED_EDGE('',*,*,#11654,.F.);
#11661 = CYLINDRICAL_SURFACE('',#11662,2.);
#11662 = AXIS2_PLACEMENT_3D('',#11663,#11664,#11665);
#11663 = CARTESIAN_POINT('',(218.4286,-29.18828,-4.6E-02));
#11664 = DIRECTION('',(-0.,-0.,-1.));
#11665 = DIRECTION('',(-0.,-1.,0.));
#11666 = ADVANCED_FACE('',(#11667),#11678,.F.);
#11667 = FACE_BOUND('',#11668,.T.);
#11668 = EDGE_LOOP('',(#11669,#11670,#11676,#11677));
#11669 = ORIENTED_EDGE('',*,*,#2993,.T.);
#11670 = ORIENTED_EDGE('',*,*,#11671,.T.);
#11671 = EDGE_CURVE('',#2994,#6347,#11672,.T.);
#11672 = LINE('',#11673,#11674);
#11673 = CARTESIAN_POINT('',(199.6049,-30.394935,-4.6E-02));
#11674 = VECTOR('',#11675,1.);
#11675 = DIRECTION('',(0.,0.,1.));
#11676 = ORIENTED_EDGE('',*,*,#6346,.F.);
#11677 = ORIENTED_EDGE('',*,*,#11671,.F.);
#11678 = CYLINDRICAL_SURFACE('',#11679,2.);
#11679 = AXIS2_PLACEMENT_3D('',#11680,#11681,#11682);
#11680 = CARTESIAN_POINT('',(199.6049,-28.394935,-4.6E-02));
#11681 = DIRECTION('',(-0.,-0.,-1.));
#11682 = DIRECTION('',(-0.,-1.,0.));
#11683 = ADVANCED_FACE('',(#11684),#11695,.F.);
#11684 = FACE_BOUND('',#11685,.T.);
#11685 = EDGE_LOOP('',(#11686,#11687,#11693,#11694));
#11686 = ORIENTED_EDGE('',*,*,#3004,.T.);
#11687 = ORIENTED_EDGE('',*,*,#11688,.T.);
#11688 = EDGE_CURVE('',#3005,#6358,#11689,.T.);
#11689 = LINE('',#11690,#11691);
#11690 = CARTESIAN_POINT('',(195.411716,-27.305123,-4.6E-02));
#11691 = VECTOR('',#11692,1.);
#11692 = DIRECTION('',(0.,0.,1.));
#11693 = ORIENTED_EDGE('',*,*,#6357,.F.);
#11694 = ORIENTED_EDGE('',*,*,#11688,.F.);
#11695 = CYLINDRICAL_SURFACE('',#11696,0.75);
#11696 = AXIS2_PLACEMENT_3D('',#11697,#11698,#11699);
#11697 = CARTESIAN_POINT('',(195.411716,-26.555123,-4.6E-02));
#11698 = DIRECTION('',(-0.,-0.,-1.));
#11699 = DIRECTION('',(-0.,-1.,0.));
#11700 = ADVANCED_FACE('',(#11701),#11712,.F.);
#11701 = FACE_BOUND('',#11702,.T.);
#11702 = EDGE_LOOP('',(#11703,#11704,#11710,#11711));
#11703 = ORIENTED_EDGE('',*,*,#3015,.T.);
#11704 = ORIENTED_EDGE('',*,*,#11705,.T.);
#11705 = EDGE_CURVE('',#3016,#6369,#11706,.T.);
#11706 = LINE('',#11707,#11708);
#11707 = CARTESIAN_POINT('',(204.607723,-28.387802,-4.6E-02));
#11708 = VECTOR('',#11709,1.);
#11709 = DIRECTION('',(0.,0.,1.));
#11710 = ORIENTED_EDGE('',*,*,#6368,.F.);
#11711 = ORIENTED_EDGE('',*,*,#11705,.F.);
#11712 = CYLINDRICAL_SURFACE('',#11713,0.875);
#11713 = AXIS2_PLACEMENT_3D('',#11714,#11715,#11716);
#11714 = CARTESIAN_POINT('',(204.607723,-27.512802,-4.6E-02));
#11715 = DIRECTION('',(-0.,-0.,-1.));
#11716 = DIRECTION('',(-0.,-1.,0.));
#11717 = ADVANCED_FACE('',(#11718),#11729,.F.);
#11718 = FACE_BOUND('',#11719,.T.);
#11719 = EDGE_LOOP('',(#11720,#11721,#11727,#11728));
#11720 = ORIENTED_EDGE('',*,*,#3026,.T.);
#11721 = ORIENTED_EDGE('',*,*,#11722,.T.);
#11722 = EDGE_CURVE('',#3027,#6380,#11723,.T.);
#11723 = LINE('',#11724,#11725);
#11724 = CARTESIAN_POINT('',(214.235416,-28.098468,-4.6E-02));
#11725 = VECTOR('',#11726,1.);
#11726 = DIRECTION('',(0.,0.,1.));
#11727 = ORIENTED_EDGE('',*,*,#6379,.F.);
#11728 = ORIENTED_EDGE('',*,*,#11722,.F.);
#11729 = CYLINDRICAL_SURFACE('',#11730,0.75);
#11730 = AXIS2_PLACEMENT_3D('',#11731,#11732,#11733);
#11731 = CARTESIAN_POINT('',(214.235416,-27.348468,-4.6E-02));
#11732 = DIRECTION('',(-0.,-0.,-1.));
#11733 = DIRECTION('',(-0.,-1.,0.));
#11734 = ADVANCED_FACE('',(#11735),#11746,.F.);
#11735 = FACE_BOUND('',#11736,.T.);
#11736 = EDGE_LOOP('',(#11737,#11738,#11744,#11745));
#11737 = ORIENTED_EDGE('',*,*,#3037,.T.);
#11738 = ORIENTED_EDGE('',*,*,#11739,.T.);
#11739 = EDGE_CURVE('',#3038,#6391,#11740,.T.);
#11740 = LINE('',#11741,#11742);
#11741 = CARTESIAN_POINT('',(223.431423,-29.181147,-4.6E-02));
#11742 = VECTOR('',#11743,1.);
#11743 = DIRECTION('',(0.,0.,1.));
#11744 = ORIENTED_EDGE('',*,*,#6390,.F.);
#11745 = ORIENTED_EDGE('',*,*,#11739,.F.);
#11746 = CYLINDRICAL_SURFACE('',#11747,0.875);
#11747 = AXIS2_PLACEMENT_3D('',#11748,#11749,#11750);
#11748 = CARTESIAN_POINT('',(223.431423,-28.306147,-4.6E-02));
#11749 = DIRECTION('',(-0.,-0.,-1.));
#11750 = DIRECTION('',(-0.,-1.,0.));
#11751 = ADVANCED_FACE('',(#11752),#11763,.F.);
#11752 = FACE_BOUND('',#11753,.T.);
#11753 = EDGE_LOOP('',(#11754,#11755,#11761,#11762));
#11754 = ORIENTED_EDGE('',*,*,#3048,.T.);
#11755 = ORIENTED_EDGE('',*,*,#11756,.T.);
#11756 = EDGE_CURVE('',#3049,#6402,#11757,.T.);
#11757 = LINE('',#11758,#11759);
#11758 = CARTESIAN_POINT('',(220.047879,-24.49439,-4.6E-02));
#11759 = VECTOR('',#11760,1.);
#11760 = DIRECTION('',(0.,0.,1.));
#11761 = ORIENTED_EDGE('',*,*,#6401,.F.);
#11762 = ORIENTED_EDGE('',*,*,#11756,.F.);
#11763 = CYLINDRICAL_SURFACE('',#11764,0.75);
#11764 = AXIS2_PLACEMENT_3D('',#11765,#11766,#11767);
#11765 = CARTESIAN_POINT('',(220.047879,-23.74439,-4.6E-02));
#11766 = DIRECTION('',(-0.,-0.,-1.));
#11767 = DIRECTION('',(-0.,-1.,0.));
#11768 = ADVANCED_FACE('',(#11769),#11780,.F.);
#11769 = FACE_BOUND('',#11770,.T.);
#11770 = EDGE_LOOP('',(#11771,#11772,#11778,#11779));
#11771 = ORIENTED_EDGE('',*,*,#3059,.T.);
#11772 = ORIENTED_EDGE('',*,*,#11773,.T.);
#11773 = EDGE_CURVE('',#3060,#6413,#11774,.T.);
#11774 = LINE('',#11775,#11776);
#11775 = CARTESIAN_POINT('',(232.750577,-31.701175,-4.6E-02));
#11776 = VECTOR('',#11777,1.);
#11777 = DIRECTION('',(0.,0.,1.));
#11778 = ORIENTED_EDGE('',*,*,#6412,.F.);
#11779 = ORIENTED_EDGE('',*,*,#11773,.F.);
#11780 = CYLINDRICAL_SURFACE('',#11781,0.875);
#11781 = AXIS2_PLACEMENT_3D('',#11782,#11783,#11784);
#11782 = CARTESIAN_POINT('',(232.750577,-30.826175,-4.6E-02));
#11783 = DIRECTION('',(-0.,-0.,-1.));
#11784 = DIRECTION('',(-0.,-1.,0.));
#11785 = ADVANCED_FACE('',(#11786),#11797,.F.);
#11786 = FACE_BOUND('',#11787,.T.);
#11787 = EDGE_LOOP('',(#11788,#11789,#11795,#11796));
#11788 = ORIENTED_EDGE('',*,*,#3070,.T.);
#11789 = ORIENTED_EDGE('',*,*,#11790,.T.);
#11790 = EDGE_CURVE('',#3071,#6424,#11791,.T.);
#11791 = LINE('',#11792,#11793);
#11792 = CARTESIAN_POINT('',(237.7534,-31.944042,-4.6E-02));
#11793 = VECTOR('',#11794,1.);
#11794 = DIRECTION('',(0.,0.,1.));
#11795 = ORIENTED_EDGE('',*,*,#6423,.F.);
#11796 = ORIENTED_EDGE('',*,*,#11790,.F.);
#11797 = CYLINDRICAL_SURFACE('',#11798,2.);
#11798 = AXIS2_PLACEMENT_3D('',#11799,#11800,#11801);
#11799 = CARTESIAN_POINT('',(237.7534,-29.944042,-4.6E-02));
#11800 = DIRECTION('',(-0.,-0.,-1.));
#11801 = DIRECTION('',(-0.,-1.,0.));
#11802 = ADVANCED_FACE('',(#11803),#11814,.F.);
#11803 = FACE_BOUND('',#11804,.T.);
#11804 = EDGE_LOOP('',(#11805,#11806,#11812,#11813));
#11805 = ORIENTED_EDGE('',*,*,#3081,.T.);
#11806 = ORIENTED_EDGE('',*,*,#11807,.T.);
#11807 = EDGE_CURVE('',#3082,#6435,#11808,.T.);
#11808 = LINE('',#11809,#11810);
#11809 = CARTESIAN_POINT('',(255.7,-32.859998,-4.6E-02));
#11810 = VECTOR('',#11811,1.);
#11811 = DIRECTION('',(0.,0.,1.));
#11812 = ORIENTED_EDGE('',*,*,#6434,.F.);
#11813 = ORIENTED_EDGE('',*,*,#11807,.F.);
#11814 = CYLINDRICAL_SURFACE('',#11815,0.599999);
#11815 = AXIS2_PLACEMENT_3D('',#11816,#11817,#11818);
#11816 = CARTESIAN_POINT('',(255.7,-32.259999,-4.6E-02));
#11817 = DIRECTION('',(-0.,-0.,-1.));
#11818 = DIRECTION('',(-0.,-1.,0.));
#11819 = ADVANCED_FACE('',(#11820),#11831,.F.);
#11820 = FACE_BOUND('',#11821,.T.);
#11821 = EDGE_LOOP('',(#11822,#11823,#11829,#11830));
#11822 = ORIENTED_EDGE('',*,*,#3092,.T.);
#11823 = ORIENTED_EDGE('',*,*,#11824,.T.);
#11824 = EDGE_CURVE('',#3093,#6446,#11825,.T.);
#11825 = LINE('',#11826,#11827);
#11826 = CARTESIAN_POINT('',(242.756223,-29.936909,-4.6E-02));
#11827 = VECTOR('',#11828,1.);
#11828 = DIRECTION('',(0.,0.,1.));
#11829 = ORIENTED_EDGE('',*,*,#6445,.F.);
#11830 = ORIENTED_EDGE('',*,*,#11824,.F.);
#11831 = CYLINDRICAL_SURFACE('',#11832,0.875);
#11832 = AXIS2_PLACEMENT_3D('',#11833,#11834,#11835);
#11833 = CARTESIAN_POINT('',(242.756223,-29.061909,-4.6E-02));
#11834 = DIRECTION('',(-0.,-0.,-1.));
#11835 = DIRECTION('',(-0.,-1.,0.));
#11836 = ADVANCED_FACE('',(#11837),#11848,.F.);
#11837 = FACE_BOUND('',#11838,.T.);
#11838 = EDGE_LOOP('',(#11839,#11840,#11846,#11847));
#11839 = ORIENTED_EDGE('',*,*,#3103,.T.);
#11840 = ORIENTED_EDGE('',*,*,#11841,.T.);
#11841 = EDGE_CURVE('',#3104,#6457,#11842,.T.);
#11842 = LINE('',#11843,#11844);
#11843 = CARTESIAN_POINT('',(233.560216,-28.85423,-4.6E-02));
#11844 = VECTOR('',#11845,1.);
#11845 = DIRECTION('',(0.,0.,1.));
#11846 = ORIENTED_EDGE('',*,*,#6456,.F.);
#11847 = ORIENTED_EDGE('',*,*,#11841,.F.);
#11848 = CYLINDRICAL_SURFACE('',#11849,0.75);
#11849 = AXIS2_PLACEMENT_3D('',#11850,#11851,#11852);
#11850 = CARTESIAN_POINT('',(233.560216,-28.10423,-4.6E-02));
#11851 = DIRECTION('',(-0.,-0.,-1.));
#11852 = DIRECTION('',(-0.,-1.,0.));
#11853 = ADVANCED_FACE('',(#11854),#11865,.F.);
#11854 = FACE_BOUND('',#11855,.T.);
#11855 = EDGE_LOOP('',(#11856,#11857,#11863,#11864));
#11856 = ORIENTED_EDGE('',*,*,#3114,.T.);
#11857 = ORIENTED_EDGE('',*,*,#11858,.T.);
#11858 = EDGE_CURVE('',#3115,#6468,#11859,.T.);
#11859 = LINE('',#11860,#11861);
#11860 = CARTESIAN_POINT('',(239.372679,-25.250152,-4.6E-02));
#11861 = VECTOR('',#11862,1.);
#11862 = DIRECTION('',(0.,0.,1.));
#11863 = ORIENTED_EDGE('',*,*,#6467,.F.);
#11864 = ORIENTED_EDGE('',*,*,#11858,.F.);
#11865 = CYLINDRICAL_SURFACE('',#11866,0.75);
#11866 = AXIS2_PLACEMENT_3D('',#11867,#11868,#11869);
#11867 = CARTESIAN_POINT('',(239.372679,-24.500152,-4.6E-02));
#11868 = DIRECTION('',(-0.,-0.,-1.));
#11869 = DIRECTION('',(-0.,-1.,0.));
#11870 = ADVANCED_FACE('',(#11871),#11882,.F.);
#11871 = FACE_BOUND('',#11872,.T.);
#11872 = EDGE_LOOP('',(#11873,#11874,#11880,#11881));
#11873 = ORIENTED_EDGE('',*,*,#3125,.T.);
#11874 = ORIENTED_EDGE('',*,*,#11875,.T.);
#11875 = EDGE_CURVE('',#3126,#6479,#11876,.T.);
#11876 = LINE('',#11877,#11878);
#11877 = CARTESIAN_POINT('',(255.699999,-25.240001,-4.6E-02));
#11878 = VECTOR('',#11879,1.);
#11879 = DIRECTION('',(0.,0.,1.));
#11880 = ORIENTED_EDGE('',*,*,#6478,.F.);
#11881 = ORIENTED_EDGE('',*,*,#11875,.F.);
#11882 = CYLINDRICAL_SURFACE('',#11883,0.599999);
#11883 = AXIS2_PLACEMENT_3D('',#11884,#11885,#11886);
#11884 = CARTESIAN_POINT('',(255.699999,-24.640002,-4.6E-02));
#11885 = DIRECTION('',(-0.,-0.,-1.));
#11886 = DIRECTION('',(-0.,-1.,0.));
#11887 = ADVANCED_FACE('',(#11888),#11899,.F.);
#11888 = FACE_BOUND('',#11889,.T.);
#11889 = EDGE_LOOP('',(#11890,#11891,#11897,#11898));
#11890 = ORIENTED_EDGE('',*,*,#3136,.T.);
#11891 = ORIENTED_EDGE('',*,*,#11892,.T.);
#11892 = EDGE_CURVE('',#3137,#6490,#11893,.T.);
#11893 = LINE('',#11894,#11895);
#11894 = CARTESIAN_POINT('',(138.059716,-23.961384,-4.6E-02));
#11895 = VECTOR('',#11896,1.);
#11896 = DIRECTION('',(0.,0.,1.));
#11897 = ORIENTED_EDGE('',*,*,#6489,.F.);
#11898 = ORIENTED_EDGE('',*,*,#11892,.F.);
#11899 = CYLINDRICAL_SURFACE('',#11900,0.75);
#11900 = AXIS2_PLACEMENT_3D('',#11901,#11902,#11903);
#11901 = CARTESIAN_POINT('',(138.059716,-23.211384,-4.6E-02));
#11902 = DIRECTION('',(-0.,-0.,-1.));
#11903 = DIRECTION('',(-0.,-1.,0.));
#11904 = ADVANCED_FACE('',(#11905),#11916,.F.);
#11905 = FACE_BOUND('',#11906,.T.);
#11906 = EDGE_LOOP('',(#11907,#11908,#11914,#11915));
#11907 = ORIENTED_EDGE('',*,*,#3147,.T.);
#11908 = ORIENTED_EDGE('',*,*,#11909,.T.);
#11909 = EDGE_CURVE('',#3148,#6501,#11910,.T.);
#11910 = LINE('',#11911,#11912);
#11911 = CARTESIAN_POINT('',(143.872179,-20.357306,-4.6E-02));
#11912 = VECTOR('',#11913,1.);
#11913 = DIRECTION('',(0.,0.,1.));
#11914 = ORIENTED_EDGE('',*,*,#6500,.F.);
#11915 = ORIENTED_EDGE('',*,*,#11909,.F.);
#11916 = CYLINDRICAL_SURFACE('',#11917,0.75);
#11917 = AXIS2_PLACEMENT_3D('',#11918,#11919,#11920);
#11918 = CARTESIAN_POINT('',(143.872179,-19.607306,-4.6E-02));
#11919 = DIRECTION('',(-0.,-0.,-1.));
#11920 = DIRECTION('',(-0.,-1.,0.));
#11921 = ADVANCED_FACE('',(#11922),#11933,.F.);
#11922 = FACE_BOUND('',#11923,.T.);
#11923 = EDGE_LOOP('',(#11924,#11925,#11931,#11932));
#11924 = ORIENTED_EDGE('',*,*,#3158,.T.);
#11925 = ORIENTED_EDGE('',*,*,#11926,.T.);
#11926 = EDGE_CURVE('',#3159,#6512,#11927,.T.);
#11927 = LINE('',#11928,#11929);
#11928 = CARTESIAN_POINT('',(154.881577,-19.688482,-4.6E-02));
#11929 = VECTOR('',#11930,1.);
#11930 = DIRECTION('',(0.,0.,1.));
#11931 = ORIENTED_EDGE('',*,*,#6511,.F.);
#11932 = ORIENTED_EDGE('',*,*,#11926,.F.);
#11933 = CYLINDRICAL_SURFACE('',#11934,0.875);
#11934 = AXIS2_PLACEMENT_3D('',#11935,#11936,#11937);
#11935 = CARTESIAN_POINT('',(154.881577,-18.813482,-4.6E-02));
#11936 = DIRECTION('',(-0.,-0.,-1.));
#11937 = DIRECTION('',(-0.,-1.,0.));
#11938 = ADVANCED_FACE('',(#11939),#11950,.F.);
#11939 = FACE_BOUND('',#11940,.T.);
#11940 = EDGE_LOOP('',(#11941,#11942,#11948,#11949));
#11941 = ORIENTED_EDGE('',*,*,#3169,.T.);
#11942 = ORIENTED_EDGE('',*,*,#11943,.T.);
#11943 = EDGE_CURVE('',#3170,#6523,#11944,.T.);
#11944 = LINE('',#11945,#11946);
#11945 = CARTESIAN_POINT('',(159.8844,-19.931349,-4.6E-02));
#11946 = VECTOR('',#11947,1.);
#11947 = DIRECTION('',(0.,0.,1.));
#11948 = ORIENTED_EDGE('',*,*,#6522,.F.);
#11949 = ORIENTED_EDGE('',*,*,#11943,.F.);
#11950 = CYLINDRICAL_SURFACE('',#11951,2.);
#11951 = AXIS2_PLACEMENT_3D('',#11952,#11953,#11954);
#11952 = CARTESIAN_POINT('',(159.8844,-17.931349,-4.6E-02));
#11953 = DIRECTION('',(-0.,-0.,-1.));
#11954 = DIRECTION('',(-0.,-1.,0.));
#11955 = ADVANCED_FACE('',(#11956),#11967,.F.);
#11956 = FACE_BOUND('',#11957,.T.);
#11957 = EDGE_LOOP('',(#11958,#11959,#11965,#11966));
#11958 = ORIENTED_EDGE('',*,*,#3180,.T.);
#11959 = ORIENTED_EDGE('',*,*,#11960,.T.);
#11960 = EDGE_CURVE('',#3181,#6534,#11961,.T.);
#11961 = LINE('',#11962,#11963);
#11962 = CARTESIAN_POINT('',(155.691216,-16.841537,-4.6E-02));
#11963 = VECTOR('',#11964,1.);
#11964 = DIRECTION('',(0.,0.,1.));
#11965 = ORIENTED_EDGE('',*,*,#6533,.F.);
#11966 = ORIENTED_EDGE('',*,*,#11960,.F.);
#11967 = CYLINDRICAL_SURFACE('',#11968,0.75);
#11968 = AXIS2_PLACEMENT_3D('',#11969,#11970,#11971);
#11969 = CARTESIAN_POINT('',(155.691216,-16.091537,-4.6E-02));
#11970 = DIRECTION('',(-0.,-0.,-1.));
#11971 = DIRECTION('',(-0.,-1.,0.));
#11972 = ADVANCED_FACE('',(#11973),#11984,.F.);
#11973 = FACE_BOUND('',#11974,.T.);
#11974 = EDGE_LOOP('',(#11975,#11976,#11982,#11983));
#11975 = ORIENTED_EDGE('',*,*,#3191,.T.);
#11976 = ORIENTED_EDGE('',*,*,#11977,.T.);
#11977 = EDGE_CURVE('',#3192,#6545,#11978,.T.);
#11978 = LINE('',#11979,#11980);
#11979 = CARTESIAN_POINT('',(182.096279,-22.910553,-4.6E-02));
#11980 = VECTOR('',#11981,1.);
#11981 = DIRECTION('',(0.,0.,1.));
#11982 = ORIENTED_EDGE('',*,*,#6544,.F.);
#11983 = ORIENTED_EDGE('',*,*,#11977,.F.);
#11984 = CYLINDRICAL_SURFACE('',#11985,0.75);
#11985 = AXIS2_PLACEMENT_3D('',#11986,#11987,#11988);
#11986 = CARTESIAN_POINT('',(182.096279,-22.160553,-4.6E-02));
#11987 = DIRECTION('',(-0.,-0.,-1.));
#11988 = DIRECTION('',(-0.,-1.,0.));
#11989 = ADVANCED_FACE('',(#11990),#12001,.F.);
#11990 = FACE_BOUND('',#11991,.T.);
#11991 = EDGE_LOOP('',(#11992,#11993,#11999,#12000));
#11992 = ORIENTED_EDGE('',*,*,#3202,.T.);
#11993 = ORIENTED_EDGE('',*,*,#11994,.T.);
#11994 = EDGE_CURVE('',#3203,#6556,#11995,.T.);
#11995 = LINE('',#11996,#11997);
#11996 = CARTESIAN_POINT('',(164.887223,-17.924216,-4.6E-02));
#11997 = VECTOR('',#11998,1.);
#11998 = DIRECTION('',(0.,0.,1.));
#11999 = ORIENTED_EDGE('',*,*,#6555,.F.);
#12000 = ORIENTED_EDGE('',*,*,#11994,.F.);
#12001 = CYLINDRICAL_SURFACE('',#12002,0.875);
#12002 = AXIS2_PLACEMENT_3D('',#12003,#12004,#12005);
#12003 = CARTESIAN_POINT('',(164.887223,-17.049216,-4.6E-02));
#12004 = DIRECTION('',(-0.,-0.,-1.));
#12005 = DIRECTION('',(-0.,-1.,0.));
#12006 = ADVANCED_FACE('',(#12007),#12018,.F.);
#12007 = FACE_BOUND('',#12008,.T.);
#12008 = EDGE_LOOP('',(#12009,#12010,#12016,#12017));
#12009 = ORIENTED_EDGE('',*,*,#3213,.T.);
#12010 = ORIENTED_EDGE('',*,*,#12011,.T.);
#12011 = EDGE_CURVE('',#3214,#6567,#12012,.T.);
#12012 = LINE('',#12013,#12014);
#12013 = CARTESIAN_POINT('',(161.503679,-13.237459,-4.6E-02));
#12014 = VECTOR('',#12015,1.);
#12015 = DIRECTION('',(0.,0.,1.));
#12016 = ORIENTED_EDGE('',*,*,#6566,.F.);
#12017 = ORIENTED_EDGE('',*,*,#12011,.F.);
#12018 = CYLINDRICAL_SURFACE('',#12019,0.75);
#12019 = AXIS2_PLACEMENT_3D('',#12020,#12021,#12022);
#12020 = CARTESIAN_POINT('',(161.503679,-12.487459,-4.6E-02));
#12021 = DIRECTION('',(-0.,-0.,-1.));
#12022 = DIRECTION('',(-0.,-1.,0.));
#12023 = ADVANCED_FACE('',(#12024),#12035,.F.);
#12024 = FACE_BOUND('',#12025,.T.);
#12025 = EDGE_LOOP('',(#12026,#12027,#12033,#12034));
#12026 = ORIENTED_EDGE('',*,*,#3224,.T.);
#12027 = ORIENTED_EDGE('',*,*,#12028,.T.);
#12028 = EDGE_CURVE('',#3225,#6578,#12029,.T.);
#12029 = LINE('',#12030,#12031);
#12030 = CARTESIAN_POINT('',(172.478377,-12.371675,-4.6E-02));
#12031 = VECTOR('',#12032,1.);
#12032 = DIRECTION('',(0.,0.,1.));
#12033 = ORIENTED_EDGE('',*,*,#6577,.F.);
#12034 = ORIENTED_EDGE('',*,*,#12028,.F.);
#12035 = CYLINDRICAL_SURFACE('',#12036,0.875);
#12036 = AXIS2_PLACEMENT_3D('',#12037,#12038,#12039);
#12037 = CARTESIAN_POINT('',(172.478377,-11.496675,-4.6E-02));
#12038 = DIRECTION('',(-0.,-0.,-1.));
#12039 = DIRECTION('',(-0.,-1.,0.));
#12040 = ADVANCED_FACE('',(#12041),#12052,.F.);
#12041 = FACE_BOUND('',#12042,.T.);
#12042 = EDGE_LOOP('',(#12043,#12044,#12050,#12051));
#12043 = ORIENTED_EDGE('',*,*,#3235,.T.);
#12044 = ORIENTED_EDGE('',*,*,#12045,.T.);
#12045 = EDGE_CURVE('',#3236,#6589,#12046,.T.);
#12046 = LINE('',#12047,#12048);
#12047 = CARTESIAN_POINT('',(191.606277,-13.162164,-4.6E-02));
#12048 = VECTOR('',#12049,1.);
#12049 = DIRECTION('',(0.,0.,1.));
#12050 = ORIENTED_EDGE('',*,*,#6588,.F.);
#12051 = ORIENTED_EDGE('',*,*,#12045,.F.);
#12052 = CYLINDRICAL_SURFACE('',#12053,0.875);
#12053 = AXIS2_PLACEMENT_3D('',#12054,#12055,#12056);
#12054 = CARTESIAN_POINT('',(191.606277,-12.287164,-4.6E-02));
#12055 = DIRECTION('',(-0.,-0.,-1.));
#12056 = DIRECTION('',(-0.,-1.,0.));
#12057 = ADVANCED_FACE('',(#12058),#12069,.F.);
#12058 = FACE_BOUND('',#12059,.T.);
#12059 = EDGE_LOOP('',(#12060,#12061,#12067,#12068));
#12060 = ORIENTED_EDGE('',*,*,#3246,.T.);
#12061 = ORIENTED_EDGE('',*,*,#12062,.T.);
#12062 = EDGE_CURVE('',#3247,#6600,#12063,.T.);
#12063 = LINE('',#12064,#12065);
#12064 = CARTESIAN_POINT('',(177.4812,-12.614542,-4.6E-02));
#12065 = VECTOR('',#12066,1.);
#12066 = DIRECTION('',(0.,0.,1.));
#12067 = ORIENTED_EDGE('',*,*,#6599,.F.);
#12068 = ORIENTED_EDGE('',*,*,#12062,.F.);
#12069 = CYLINDRICAL_SURFACE('',#12070,2.);
#12070 = AXIS2_PLACEMENT_3D('',#12071,#12072,#12073);
#12071 = CARTESIAN_POINT('',(177.4812,-10.614542,-4.6E-02));
#12072 = DIRECTION('',(-0.,-0.,-1.));
#12073 = DIRECTION('',(-0.,-1.,0.));
#12074 = ADVANCED_FACE('',(#12075),#12086,.F.);
#12075 = FACE_BOUND('',#12076,.T.);
#12076 = EDGE_LOOP('',(#12077,#12078,#12084,#12085));
#12077 = ORIENTED_EDGE('',*,*,#3257,.T.);
#12078 = ORIENTED_EDGE('',*,*,#12079,.T.);
#12079 = EDGE_CURVE('',#3258,#6611,#12080,.T.);
#12080 = LINE('',#12081,#12082);
#12081 = CARTESIAN_POINT('',(182.484023,-10.607409,-4.6E-02));
#12082 = VECTOR('',#12083,1.);
#12083 = DIRECTION('',(0.,0.,1.));
#12084 = ORIENTED_EDGE('',*,*,#6610,.F.);
#12085 = ORIENTED_EDGE('',*,*,#12079,.F.);
#12086 = CYLINDRICAL_SURFACE('',#12087,0.875);
#12087 = AXIS2_PLACEMENT_3D('',#12088,#12089,#12090);
#12088 = CARTESIAN_POINT('',(182.484023,-9.732409,-4.6E-02));
#12089 = DIRECTION('',(-0.,-0.,-1.));
#12090 = DIRECTION('',(-0.,-1.,0.));
#12091 = ADVANCED_FACE('',(#12092),#12103,.F.);
#12092 = FACE_BOUND('',#12093,.T.);
#12093 = EDGE_LOOP('',(#12094,#12095,#12101,#12102));
#12094 = ORIENTED_EDGE('',*,*,#3268,.T.);
#12095 = ORIENTED_EDGE('',*,*,#12096,.T.);
#12096 = EDGE_CURVE('',#3269,#6622,#12097,.T.);
#12097 = LINE('',#12098,#12099);
#12098 = CARTESIAN_POINT('',(192.415916,-10.315219,-4.6E-02));
#12099 = VECTOR('',#12100,1.);
#12100 = DIRECTION('',(0.,0.,1.));
#12101 = ORIENTED_EDGE('',*,*,#6621,.F.);
#12102 = ORIENTED_EDGE('',*,*,#12096,.F.);
#12103 = CYLINDRICAL_SURFACE('',#12104,0.75);
#12104 = AXIS2_PLACEMENT_3D('',#12105,#12106,#12107);
#12105 = CARTESIAN_POINT('',(192.415916,-9.565219,-4.6E-02));
#12106 = DIRECTION('',(-0.,-0.,-1.));
#12107 = DIRECTION('',(-0.,-1.,0.));
#12108 = ADVANCED_FACE('',(#12109),#12120,.F.);
#12109 = FACE_BOUND('',#12110,.T.);
#12110 = EDGE_LOOP('',(#12111,#12112,#12118,#12119));
#12111 = ORIENTED_EDGE('',*,*,#3279,.T.);
#12112 = ORIENTED_EDGE('',*,*,#12113,.T.);
#12113 = EDGE_CURVE('',#3280,#6633,#12114,.T.);
#12114 = LINE('',#12115,#12116);
#12115 = CARTESIAN_POINT('',(173.288016,-9.52473,-4.6E-02));
#12116 = VECTOR('',#12117,1.);
#12117 = DIRECTION('',(0.,0.,1.));
#12118 = ORIENTED_EDGE('',*,*,#6632,.F.);
#12119 = ORIENTED_EDGE('',*,*,#12113,.F.);
#12120 = CYLINDRICAL_SURFACE('',#12121,0.75);
#12121 = AXIS2_PLACEMENT_3D('',#12122,#12123,#12124);
#12122 = CARTESIAN_POINT('',(173.288016,-8.77473,-4.6E-02));
#12123 = DIRECTION('',(-0.,-0.,-1.));
#12124 = DIRECTION('',(-0.,-1.,0.));
#12125 = ADVANCED_FACE('',(#12126),#12137,.F.);
#12126 = FACE_BOUND('',#12127,.T.);
#12127 = EDGE_LOOP('',(#12128,#12129,#12135,#12136));
#12128 = ORIENTED_EDGE('',*,*,#3290,.T.);
#12129 = ORIENTED_EDGE('',*,*,#12130,.T.);
#12130 = EDGE_CURVE('',#3291,#6644,#12131,.T.);
#12131 = LINE('',#12132,#12133);
#12132 = CARTESIAN_POINT('',(179.100479,-5.920652,-4.6E-02));
#12133 = VECTOR('',#12134,1.);
#12134 = DIRECTION('',(0.,0.,1.));
#12135 = ORIENTED_EDGE('',*,*,#6643,.F.);
#12136 = ORIENTED_EDGE('',*,*,#12130,.F.);
#12137 = CYLINDRICAL_SURFACE('',#12138,0.75);
#12138 = AXIS2_PLACEMENT_3D('',#12139,#12140,#12141);
#12139 = CARTESIAN_POINT('',(179.100479,-5.170652,-4.6E-02));
#12140 = DIRECTION('',(-0.,-0.,-1.));
#12141 = DIRECTION('',(-0.,-1.,0.));
#12142 = ADVANCED_FACE('',(#12143),#12154,.F.);
#12143 = FACE_BOUND('',#12144,.T.);
#12144 = EDGE_LOOP('',(#12145,#12146,#12152,#12153));
#12145 = ORIENTED_EDGE('',*,*,#3301,.T.);
#12146 = ORIENTED_EDGE('',*,*,#12147,.T.);
#12147 = EDGE_CURVE('',#3302,#6655,#12148,.T.);
#12148 = LINE('',#12149,#12150);
#12149 = CARTESIAN_POINT('',(201.224179,-23.701045,-4.6E-02));
#12150 = VECTOR('',#12151,1.);
#12151 = DIRECTION('',(0.,0.,1.));
#12152 = ORIENTED_EDGE('',*,*,#6654,.F.);
#12153 = ORIENTED_EDGE('',*,*,#12147,.F.);
#12154 = CYLINDRICAL_SURFACE('',#12155,0.75);
#12155 = AXIS2_PLACEMENT_3D('',#12156,#12157,#12158);
#12156 = CARTESIAN_POINT('',(201.224179,-22.951045,-4.6E-02));
#12157 = DIRECTION('',(-0.,-0.,-1.));
#12158 = DIRECTION('',(-0.,-1.,0.));
#12159 = ADVANCED_FACE('',(#12160),#12171,.F.);
#12160 = FACE_BOUND('',#12161,.T.);
#12161 = EDGE_LOOP('',(#12162,#12163,#12169,#12170));
#12162 = ORIENTED_EDGE('',*,*,#3312,.T.);
#12163 = ORIENTED_EDGE('',*,*,#12164,.T.);
#12164 = EDGE_CURVE('',#3313,#6666,#12165,.T.);
#12165 = LINE('',#12166,#12167);
#12166 = CARTESIAN_POINT('',(255.699999,-20.159999,-4.6E-02));
#12167 = VECTOR('',#12168,1.);
#12168 = DIRECTION('',(0.,0.,1.));
#12169 = ORIENTED_EDGE('',*,*,#6665,.F.);
#12170 = ORIENTED_EDGE('',*,*,#12164,.F.);
#12171 = CYLINDRICAL_SURFACE('',#12172,0.599999);
#12172 = AXIS2_PLACEMENT_3D('',#12173,#12174,#12175);
#12173 = CARTESIAN_POINT('',(255.699999,-19.56,-4.6E-02));
#12174 = DIRECTION('',(-0.,-0.,-1.));
#12175 = DIRECTION('',(-0.,-1.,0.));
#12176 = ADVANCED_FACE('',(#12177),#12188,.F.);
#12177 = FACE_BOUND('',#12178,.T.);
#12178 = EDGE_LOOP('',(#12179,#12180,#12186,#12187));
#12179 = ORIENTED_EDGE('',*,*,#3323,.T.);
#12180 = ORIENTED_EDGE('',*,*,#12181,.T.);
#12181 = EDGE_CURVE('',#3324,#6677,#12182,.T.);
#12182 = LINE('',#12183,#12184);
#12183 = CARTESIAN_POINT('',(196.6091,-13.405031,-4.6E-02));
#12184 = VECTOR('',#12185,1.);
#12185 = DIRECTION('',(0.,0.,1.));
#12186 = ORIENTED_EDGE('',*,*,#6676,.F.);
#12187 = ORIENTED_EDGE('',*,*,#12181,.F.);
#12188 = CYLINDRICAL_SURFACE('',#12189,2.);
#12189 = AXIS2_PLACEMENT_3D('',#12190,#12191,#12192);
#12190 = CARTESIAN_POINT('',(196.6091,-11.405031,-4.6E-02));
#12191 = DIRECTION('',(-0.,-0.,-1.));
#12192 = DIRECTION('',(-0.,-1.,0.));
#12193 = ADVANCED_FACE('',(#12194),#12205,.F.);
#12194 = FACE_BOUND('',#12195,.T.);
#12195 = EDGE_LOOP('',(#12196,#12197,#12203,#12204));
#12196 = ORIENTED_EDGE('',*,*,#3334,.T.);
#12197 = ORIENTED_EDGE('',*,*,#12198,.T.);
#12198 = EDGE_CURVE('',#3335,#6688,#12199,.T.);
#12199 = LINE('',#12200,#12201);
#12200 = CARTESIAN_POINT('',(201.611923,-11.397898,-4.6E-02));
#12201 = VECTOR('',#12202,1.);
#12202 = DIRECTION('',(0.,0.,1.));
#12203 = ORIENTED_EDGE('',*,*,#6687,.F.);
#12204 = ORIENTED_EDGE('',*,*,#12198,.F.);
#12205 = CYLINDRICAL_SURFACE('',#12206,0.875);
#12206 = AXIS2_PLACEMENT_3D('',#12207,#12208,#12209);
#12207 = CARTESIAN_POINT('',(201.611923,-10.522898,-4.6E-02));
#12208 = DIRECTION('',(-0.,-0.,-1.));
#12209 = DIRECTION('',(-0.,-1.,0.));
#12210 = ADVANCED_FACE('',(#12211),#12222,.F.);
#12211 = FACE_BOUND('',#12212,.T.);
#12212 = EDGE_LOOP('',(#12213,#12214,#12220,#12221));
#12213 = ORIENTED_EDGE('',*,*,#3345,.T.);
#12214 = ORIENTED_EDGE('',*,*,#12215,.T.);
#12215 = EDGE_CURVE('',#3346,#6699,#12216,.T.);
#12216 = LINE('',#12217,#12218);
#12217 = CARTESIAN_POINT('',(210.429977,-13.955509,-4.6E-02));
#12218 = VECTOR('',#12219,1.);
#12219 = DIRECTION('',(0.,0.,1.));
#12220 = ORIENTED_EDGE('',*,*,#6698,.F.);
#12221 = ORIENTED_EDGE('',*,*,#12215,.F.);
#12222 = CYLINDRICAL_SURFACE('',#12223,0.875);
#12223 = AXIS2_PLACEMENT_3D('',#12224,#12225,#12226);
#12224 = CARTESIAN_POINT('',(210.429977,-13.080509,-4.6E-02));
#12225 = DIRECTION('',(-0.,-0.,-1.));
#12226 = DIRECTION('',(-0.,-1.,0.));
#12227 = ADVANCED_FACE('',(#12228),#12239,.F.);
#12228 = FACE_BOUND('',#12229,.T.);
#12229 = EDGE_LOOP('',(#12230,#12231,#12237,#12238));
#12230 = ORIENTED_EDGE('',*,*,#3356,.T.);
#12231 = ORIENTED_EDGE('',*,*,#12232,.T.);
#12232 = EDGE_CURVE('',#3357,#6710,#12233,.T.);
#12233 = LINE('',#12234,#12235);
#12234 = CARTESIAN_POINT('',(215.4328,-14.198376,-4.6E-02));
#12235 = VECTOR('',#12236,1.);
#12236 = DIRECTION('',(0.,0.,1.));
#12237 = ORIENTED_EDGE('',*,*,#6709,.F.);
#12238 = ORIENTED_EDGE('',*,*,#12232,.F.);
#12239 = CYLINDRICAL_SURFACE('',#12240,2.);
#12240 = AXIS2_PLACEMENT_3D('',#12241,#12242,#12243);
#12241 = CARTESIAN_POINT('',(215.4328,-12.198376,-4.6E-02));
#12242 = DIRECTION('',(-0.,-0.,-1.));
#12243 = DIRECTION('',(-0.,-1.,0.));
#12244 = ADVANCED_FACE('',(#12245),#12256,.F.);
#12245 = FACE_BOUND('',#12246,.T.);
#12246 = EDGE_LOOP('',(#12247,#12248,#12254,#12255));
#12247 = ORIENTED_EDGE('',*,*,#3367,.T.);
#12248 = ORIENTED_EDGE('',*,*,#12249,.T.);
#12249 = EDGE_CURVE('',#3368,#6721,#12250,.T.);
#12250 = LINE('',#12251,#12252);
#12251 = CARTESIAN_POINT('',(211.239616,-11.108564,-4.6E-02));
#12252 = VECTOR('',#12253,1.);
#12253 = DIRECTION('',(0.,0.,1.));
#12254 = ORIENTED_EDGE('',*,*,#6720,.F.);
#12255 = ORIENTED_EDGE('',*,*,#12249,.F.);
#12256 = CYLINDRICAL_SURFACE('',#12257,0.75);
#12257 = AXIS2_PLACEMENT_3D('',#12258,#12259,#12260);
#12258 = CARTESIAN_POINT('',(211.239616,-10.358564,-4.6E-02));
#12259 = DIRECTION('',(-0.,-0.,-1.));
#12260 = DIRECTION('',(-0.,-1.,0.));
#12261 = ADVANCED_FACE('',(#12262),#12273,.F.);
#12262 = FACE_BOUND('',#12263,.T.);
#12263 = EDGE_LOOP('',(#12264,#12265,#12271,#12272));
#12264 = ORIENTED_EDGE('',*,*,#3378,.T.);
#12265 = ORIENTED_EDGE('',*,*,#12266,.T.);
#12266 = EDGE_CURVE('',#3379,#6732,#12267,.T.);
#12267 = LINE('',#12268,#12269);
#12268 = CARTESIAN_POINT('',(220.435623,-12.191243,-4.6E-02));
#12269 = VECTOR('',#12270,1.);
#12270 = DIRECTION('',(0.,0.,1.));
#12271 = ORIENTED_EDGE('',*,*,#6731,.F.);
#12272 = ORIENTED_EDGE('',*,*,#12266,.F.);
#12273 = CYLINDRICAL_SURFACE('',#12274,0.875);
#12274 = AXIS2_PLACEMENT_3D('',#12275,#12276,#12277);
#12275 = CARTESIAN_POINT('',(220.435623,-11.316243,-4.6E-02));
#12276 = DIRECTION('',(-0.,-0.,-1.));
#12277 = DIRECTION('',(-0.,-1.,0.));
#12278 = ADVANCED_FACE('',(#12279),#12290,.F.);
#12279 = FACE_BOUND('',#12280,.T.);
#12280 = EDGE_LOOP('',(#12281,#12282,#12288,#12289));
#12281 = ORIENTED_EDGE('',*,*,#3389,.T.);
#12282 = ORIENTED_EDGE('',*,*,#12283,.T.);
#12283 = EDGE_CURVE('',#3390,#6743,#12284,.T.);
#12284 = LINE('',#12285,#12286);
#12285 = CARTESIAN_POINT('',(198.228379,-6.711141,-4.6E-02));
#12286 = VECTOR('',#12287,1.);
#12287 = DIRECTION('',(0.,0.,1.));
#12288 = ORIENTED_EDGE('',*,*,#6742,.F.);
#12289 = ORIENTED_EDGE('',*,*,#12283,.F.);
#12290 = CYLINDRICAL_SURFACE('',#12291,0.75);
#12291 = AXIS2_PLACEMENT_3D('',#12292,#12293,#12294);
#12292 = CARTESIAN_POINT('',(198.228379,-5.961141,-4.6E-02));
#12293 = DIRECTION('',(-0.,-0.,-1.));
#12294 = DIRECTION('',(-0.,-1.,0.));
#12295 = ADVANCED_FACE('',(#12296),#12307,.F.);
#12296 = FACE_BOUND('',#12297,.T.);
#12297 = EDGE_LOOP('',(#12298,#12299,#12305,#12306));
#12298 = ORIENTED_EDGE('',*,*,#3400,.T.);
#12299 = ORIENTED_EDGE('',*,*,#12300,.T.);
#12300 = EDGE_CURVE('',#3401,#6754,#12301,.T.);
#12301 = LINE('',#12302,#12303);
#12302 = CARTESIAN_POINT('',(217.052079,-7.504486,-4.6E-02));
#12303 = VECTOR('',#12304,1.);
#12304 = DIRECTION('',(0.,0.,1.));
#12305 = ORIENTED_EDGE('',*,*,#6753,.F.);
#12306 = ORIENTED_EDGE('',*,*,#12300,.F.);
#12307 = CYLINDRICAL_SURFACE('',#12308,0.75);
#12308 = AXIS2_PLACEMENT_3D('',#12309,#12310,#12311);
#12309 = CARTESIAN_POINT('',(217.052079,-6.754486,-4.6E-02));
#12310 = DIRECTION('',(-0.,-0.,-1.));
#12311 = DIRECTION('',(-0.,-1.,0.));
#12312 = ADVANCED_FACE('',(#12313),#12324,.F.);
#12313 = FACE_BOUND('',#12314,.T.);
#12314 = EDGE_LOOP('',(#12315,#12316,#12322,#12323));
#12315 = ORIENTED_EDGE('',*,*,#3411,.T.);
#12316 = ORIENTED_EDGE('',*,*,#12317,.T.);
#12317 = EDGE_CURVE('',#3412,#6765,#12318,.T.);
#12318 = LINE('',#12319,#12320);
#12319 = CARTESIAN_POINT('',(229.754777,-14.711272,-4.6E-02));
#12320 = VECTOR('',#12321,1.);
#12321 = DIRECTION('',(0.,0.,1.));
#12322 = ORIENTED_EDGE('',*,*,#6764,.F.);
#12323 = ORIENTED_EDGE('',*,*,#12317,.F.);
#12324 = CYLINDRICAL_SURFACE('',#12325,0.875);
#12325 = AXIS2_PLACEMENT_3D('',#12326,#12327,#12328);
#12326 = CARTESIAN_POINT('',(229.754777,-13.836272,-4.6E-02));
#12327 = DIRECTION('',(-0.,-0.,-1.));
#12328 = DIRECTION('',(-0.,-1.,0.));
#12329 = ADVANCED_FACE('',(#12330),#12341,.F.);
#12330 = FACE_BOUND('',#12331,.T.);
#12331 = EDGE_LOOP('',(#12332,#12333,#12339,#12340));
#12332 = ORIENTED_EDGE('',*,*,#3422,.T.);
#12333 = ORIENTED_EDGE('',*,*,#12334,.T.);
#12334 = EDGE_CURVE('',#3423,#6776,#12335,.T.);
#12335 = LINE('',#12336,#12337);
#12336 = CARTESIAN_POINT('',(234.7576,-14.954139,-4.6E-02));
#12337 = VECTOR('',#12338,1.);
#12338 = DIRECTION('',(0.,0.,1.));
#12339 = ORIENTED_EDGE('',*,*,#6775,.F.);
#12340 = ORIENTED_EDGE('',*,*,#12334,.F.);
#12341 = CYLINDRICAL_SURFACE('',#12342,2.);
#12342 = AXIS2_PLACEMENT_3D('',#12343,#12344,#12345);
#12343 = CARTESIAN_POINT('',(234.7576,-12.954139,-4.6E-02));
#12344 = DIRECTION('',(-0.,-0.,-1.));
#12345 = DIRECTION('',(-0.,-1.,0.));
#12346 = ADVANCED_FACE('',(#12347),#12358,.F.);
#12347 = FACE_BOUND('',#12348,.T.);
#12348 = EDGE_LOOP('',(#12349,#12350,#12356,#12357));
#12349 = ORIENTED_EDGE('',*,*,#3433,.T.);
#12350 = ORIENTED_EDGE('',*,*,#12351,.T.);
#12351 = EDGE_CURVE('',#3434,#6787,#12352,.T.);
#12352 = LINE('',#12353,#12354);
#12353 = CARTESIAN_POINT('',(239.760423,-12.947006,-4.6E-02));
#12354 = VECTOR('',#12355,1.);
#12355 = DIRECTION('',(0.,0.,1.));
#12356 = ORIENTED_EDGE('',*,*,#6786,.F.);
#12357 = ORIENTED_EDGE('',*,*,#12351,.F.);
#12358 = CYLINDRICAL_SURFACE('',#12359,0.875);
#12359 = AXIS2_PLACEMENT_3D('',#12360,#12361,#12362);
#12360 = CARTESIAN_POINT('',(239.760423,-12.072006,-4.6E-02));
#12361 = DIRECTION('',(-0.,-0.,-1.));
#12362 = DIRECTION('',(-0.,-1.,0.));
#12363 = ADVANCED_FACE('',(#12364),#12375,.F.);
#12364 = FACE_BOUND('',#12365,.T.);
#12365 = EDGE_LOOP('',(#12366,#12367,#12373,#12374));
#12366 = ORIENTED_EDGE('',*,*,#3444,.T.);
#12367 = ORIENTED_EDGE('',*,*,#12368,.T.);
#12368 = EDGE_CURVE('',#3445,#6798,#12369,.T.);
#12369 = LINE('',#12370,#12371);
#12370 = CARTESIAN_POINT('',(230.564416,-11.864327,-4.6E-02));
#12371 = VECTOR('',#12372,1.);
#12372 = DIRECTION('',(0.,0.,1.));
#12373 = ORIENTED_EDGE('',*,*,#6797,.F.);
#12374 = ORIENTED_EDGE('',*,*,#12368,.F.);
#12375 = CYLINDRICAL_SURFACE('',#12376,0.75);
#12376 = AXIS2_PLACEMENT_3D('',#12377,#12378,#12379);
#12377 = CARTESIAN_POINT('',(230.564416,-11.114327,-4.6E-02));
#12378 = DIRECTION('',(-0.,-0.,-1.));
#12379 = DIRECTION('',(-0.,-1.,0.));
#12380 = ADVANCED_FACE('',(#12381),#12392,.F.);
#12381 = FACE_BOUND('',#12382,.T.);
#12382 = EDGE_LOOP('',(#12383,#12384,#12390,#12391));
#12383 = ORIENTED_EDGE('',*,*,#3455,.T.);
#12384 = ORIENTED_EDGE('',*,*,#12385,.T.);
#12385 = EDGE_CURVE('',#3456,#6809,#12386,.T.);
#12386 = LINE('',#12387,#12388);
#12387 = CARTESIAN_POINT('',(255.7,-12.599999,-4.6E-02));
#12388 = VECTOR('',#12389,1.);
#12389 = DIRECTION('',(0.,0.,1.));
#12390 = ORIENTED_EDGE('',*,*,#6808,.F.);
#12391 = ORIENTED_EDGE('',*,*,#12385,.F.);
#12392 = CYLINDRICAL_SURFACE('',#12393,0.599999);
#12393 = AXIS2_PLACEMENT_3D('',#12394,#12395,#12396);
#12394 = CARTESIAN_POINT('',(255.7,-12.,-4.6E-02));
#12395 = DIRECTION('',(-0.,-0.,-1.));
#12396 = DIRECTION('',(-0.,-1.,0.));
#12397 = ADVANCED_FACE('',(#12398),#12409,.F.);
#12398 = FACE_BOUND('',#12399,.T.);
#12399 = EDGE_LOOP('',(#12400,#12401,#12407,#12408));
#12400 = ORIENTED_EDGE('',*,*,#3466,.T.);
#12401 = ORIENTED_EDGE('',*,*,#12402,.T.);
#12402 = EDGE_CURVE('',#3467,#6820,#12403,.T.);
#12403 = LINE('',#12404,#12405);
#12404 = CARTESIAN_POINT('',(236.376879,-8.260249,-4.6E-02));
#12405 = VECTOR('',#12406,1.);
#12406 = DIRECTION('',(0.,0.,1.));
#12407 = ORIENTED_EDGE('',*,*,#6819,.F.);
#12408 = ORIENTED_EDGE('',*,*,#12402,.F.);
#12409 = CYLINDRICAL_SURFACE('',#12410,0.75);
#12410 = AXIS2_PLACEMENT_3D('',#12411,#12412,#12413);
#12411 = CARTESIAN_POINT('',(236.376879,-7.510249,-4.6E-02));
#12412 = DIRECTION('',(-0.,-0.,-1.));
#12413 = DIRECTION('',(-0.,-1.,0.));
#12414 = ADVANCED_FACE('',(#12415),#12426,.F.);
#12415 = FACE_BOUND('',#12416,.T.);
#12416 = EDGE_LOOP('',(#12417,#12418,#12424,#12425));
#12417 = ORIENTED_EDGE('',*,*,#3477,.T.);
#12418 = ORIENTED_EDGE('',*,*,#12419,.T.);
#12419 = EDGE_CURVE('',#3478,#6831,#12420,.T.);
#12420 = LINE('',#12421,#12422);
#12421 = CARTESIAN_POINT('',(255.7,-7.519997,-4.6E-02));
#12422 = VECTOR('',#12423,1.);
#12423 = DIRECTION('',(0.,0.,1.));
#12424 = ORIENTED_EDGE('',*,*,#6830,.F.);
#12425 = ORIENTED_EDGE('',*,*,#12419,.F.);
#12426 = CYLINDRICAL_SURFACE('',#12427,0.599999);
#12427 = AXIS2_PLACEMENT_3D('',#12428,#12429,#12430);
#12428 = CARTESIAN_POINT('',(255.7,-6.919998,-4.6E-02));
#12429 = DIRECTION('',(-0.,-0.,-1.));
#12430 = DIRECTION('',(-0.,-1.,0.));
#12431 = ( GEOMETRIC_REPRESENTATION_CONTEXT(3) 
GLOBAL_UNCERTAINTY_ASSIGNED_CONTEXT((#12435)) 
GLOBAL_UNIT_ASSIGNED_CONTEXT((#12432,#12433,#12434)) 
REPRESENTATION_CONTEXT('Context #1',
  '3D Context with UNIT and UNCERTAINTY') );
#12432 = ( LENGTH_UNIT() NAMED_UNIT(*) SI_UNIT(.MILLI.,.METRE.) );
#12433 = ( NAMED_UNIT(*) PLANE_ANGLE_UNIT() SI_UNIT($,.RADIAN.) );
#12434 = ( NAMED_UNIT(*) SI_UNIT($,.STERADIAN.) SOLID_ANGLE_UNIT() );
#12435 = UNCERTAINTY_MEASURE_WITH_UNIT(LENGTH_MEASURE(1.E-07),#12432,
  'distance_accuracy_value','confusion accuracy');
#12436 = CONTEXT_DEPENDENT_SHAPE_REPRESENTATION(#12437,#12439);
#12437 = ( REPRESENTATION_RELATIONSHIP('','',#32,#10) 
REPRESENTATION_RELATIONSHIP_WITH_TRANSFORMATION(#12438) 
SHAPE_REPRESENTATION_RELATIONSHIP() );
#12438 = ITEM_DEFINED_TRANSFORMATION('','',#11,#15);
#12439 = PRODUCT_DEFINITION_SHAPE('Placement','Placement of an item',
  #12440);
#12440 = NEXT_ASSEMBLY_USAGE_OCCURRENCE('1','=>[0:1:1:2]','',#5,#27,$);
#12441 = PRODUCT_RELATED_PRODUCT_CATEGORY('part',$,(#29));
#12442 = MECHANICAL_DESIGN_GEOMETRIC_PRESENTATION_REPRESENTATION('',(
    #12443),#12431);
#12443 = STYLED_ITEM('color',(#12444),#33);
#12444 = PRESENTATION_STYLE_ASSIGNMENT((#12445));
#12445 = SURFACE_STYLE_USAGE(.BOTH.,#12446);
#12446 = SURFACE_SIDE_STYLE('',(#12447));
#12447 = SURFACE_STYLE_FILL_AREA(#12448);
#12448 = FILL_AREA_STYLE('',(#12449));
#12449 = FILL_AREA_STYLE_COLOUR('',#12450);
#12450 = COLOUR_RGB('',0.313304153717,0.484529207832,0.410020903123);
ENDSEC;
END-ISO-10303-21;
